-- phpMyAdmin SQL Dump
-- version 2.6.1
-- http://www.phpmyadmin.net
-- 
-- РҐРѕСЃС‚: localhost
-- Р’СЂРµРјСЏ СЃРѕР·РґР°РЅРёСЏ: Р¤РµРІ 04 2010 Рі., 13:59
-- Р’РµСЂСЃРёСЏ СЃРµСЂРІРµСЂР°: 5.0.45
-- Р’РµСЂСЃРёСЏ PHP: 5.2.4
-- 
-- Р‘Р”: `asu_demo`
-- 

-- --------------------------------------------------------

-- 
-- РЎС‚СЂСѓРєС‚СѓСЂР° С‚Р°Р±Р»РёС†С‹ `_hours_kind`
-- 

CREATE TABLE _hours_kind (
  id int(4) NOT NULL auto_increment,
  kadri_id int(4) NOT NULL default '0',
  year_id int(4) NOT NULL default '0',
  part_id int(4) NOT NULL default '0',
  subject_id int(4) NOT NULL default '0',
  spec_id int(4) NOT NULL default '0',
  level_id int(4) NOT NULL default '0',
  group_id int(4) NOT NULL default '0',
  hours_kind_type int(4) NOT NULL default '0',
  groups_cnt int(4) NOT NULL default '0',
  stud_cnt int(4) NOT NULL default '0',
  `comment` varchar(100) collate cp1251_bin NOT NULL default '',
  lects int(4) NOT NULL default '0',
  practs int(4) NOT NULL default '0',
  labor int(4) NOT NULL default '0',
  rgr int(4) NOT NULL default '0',
  recenz int(4) NOT NULL default '0',
  kurs_proj int(4) NOT NULL default '0',
  consult int(4) NOT NULL default '0',
  test int(4) NOT NULL default '0',
  exams int(4) NOT NULL default '0',
  study_pract int(4) NOT NULL default '0',
  work_pract int(4) NOT NULL default '0',
  consult_dipl int(4) NOT NULL default '0',
  gek int(4) NOT NULL default '0',
  aspirants int(4) NOT NULL default '0',
  aspir_manage int(4) NOT NULL default '0',
  duty int(4) NOT NULL default '0',
  on_filial int(4) NOT NULL default '0' COMMENT 'СЃ СѓС‡РµС‚РѕРј РІС‹РµР·РґР° РЅР° С„РёР»РёР°Р»С‹',
  PRIMARY KEY  (id),
  UNIQUE KEY kadri_id (kadri_id,subject_id,spec_id,level_id,group_id,year_id,part_id,hours_kind_type)
) ENGINE=MyISAM DEFAULT CHARSET=cp1251 COLLATE=cp1251_bin COMMENT='РЅР°РіСЂСѓР·РєР°' AUTO_INCREMENT=1 ;

-- 
-- Р”Р°РјРї РґР°РЅРЅС‹С… С‚Р°Р±Р»РёС†С‹ `_hours_kind`
-- 


-- --------------------------------------------------------

-- 
-- РЎС‚СЂСѓРєС‚СѓСЂР° С‚Р°Р±Р»РёС†С‹ `chairs`
-- 

CREATE TABLE chairs (
  id int(11) NOT NULL auto_increment,
  `code` varchar(50) NOT NULL,
  title varchar(255) NOT NULL,
  pub tinyint(1) NOT NULL,
  PRIMARY KEY  (id)
) ENGINE=MyISAM DEFAULT CHARSET=cp1251 AUTO_INCREMENT=1 ;

-- 
-- Р”Р°РјРї РґР°РЅРЅС‹С… С‚Р°Р±Р»РёС†С‹ `chairs`
-- 


-- --------------------------------------------------------

-- 
-- РЎС‚СЂСѓРєС‚СѓСЂР° С‚Р°Р±Р»РёС†С‹ `corriculums`
-- 

CREATE TABLE corriculums (
  id int(11) NOT NULL auto_increment,
  cycle_id int(11) NOT NULL,
  discipline_id int(11) NOT NULL,
  specialite_id int(11) NOT NULL,
  hours_auditory int(11) default '0',
  hours_lection int(11) default '0',
  hours_practice int(11) default '0',
  hours_laboratory int(11) default '0',
  hours_independent int(11) default '0',
  hours_exams int(11) default '0',
  hours_credits int(11) default '0',
  hours_cours_project int(11) default '0',
  hours_cours_work int(11) default '0',
  chair_id int(11) NOT NULL,
  semester_id int(11) NOT NULL,
  form_id int(11) NOT NULL,
  pub tinyint(1) NOT NULL default '0',
  group_id int(4) NOT NULL,
  level_id int(4) NOT NULL,
  hours_aspirants int(4) NOT NULL,
  hours_aspirants_manage int(4) NOT NULL,
  hours_duty int(4) NOT NULL,
  hours_on_filial int(4) NOT NULL,
  hours_consulting int(4) default NULL,
  hours_study_pract int(4) NOT NULL,
  hours_work_pract int(4) NOT NULL,
  hours_consulting_dipl int(4) NOT NULL,
  hours_gek int(4) NOT NULL,
  kadri_id int(11) NOT NULL,
  year_id int(11) NOT NULL,
  part_id int(11) NOT NULL,
  hours_kind_type int(11) NOT NULL,
  groups_cnt int(11) NOT NULL,
  students_cnt int(11) NOT NULL,
  `comment` varchar(255) NOT NULL,
  hours_rgr int(11) NOT NULL,
  hours_recence int(11) NOT NULL,
  PRIMARY KEY  (id)
) ENGINE=MyISAM DEFAULT CHARSET=cp1251 COMMENT='РЈС‡РµР±РЅР°СЏ РЅР°РіСЂСѓР·РєР°' AUTO_INCREMENT=1 ;

-- 
-- Р”Р°РјРї РґР°РЅРЅС‹С… С‚Р°Р±Р»РёС†С‹ `corriculums`
-- 


-- --------------------------------------------------------

-- 
-- РЎС‚СЂСѓРєС‚СѓСЂР° С‚Р°Р±Р»РёС†С‹ `cycles`
-- 

CREATE TABLE cycles (
  id int(11) NOT NULL auto_increment,
  title varchar(50) NOT NULL,
  pub tinyint(1) NOT NULL default '0',
  PRIMARY KEY  (id)
) ENGINE=MyISAM DEFAULT CHARSET=cp1251 AUTO_INCREMENT=1 ;

-- 
-- Р”Р°РјРї РґР°РЅРЅС‹С… С‚Р°Р±Р»РёС†С‹ `cycles`
-- 


-- --------------------------------------------------------

-- 
-- РЎС‚СЂСѓРєС‚СѓСЂР° С‚Р°Р±Р»РёС†С‹ `disciplines`
-- 

CREATE TABLE disciplines (
  id int(11) NOT NULL auto_increment,
  type_id int(11) NOT NULL,
  number varchar(50) NOT NULL,
  title varchar(255) NOT NULL,
  pub tinyint(1) NOT NULL default '0',
  PRIMARY KEY  (id)
) ENGINE=MyISAM DEFAULT CHARSET=cp1251 AUTO_INCREMENT=1 ;

-- 
-- Р”Р°РјРї РґР°РЅРЅС‹С… С‚Р°Р±Р»РёС†С‹ `disciplines`
-- 


-- --------------------------------------------------------

-- 
-- РЎС‚СЂСѓРєС‚СѓСЂР° С‚Р°Р±Р»РёС†С‹ `fact`
-- 

CREATE TABLE fact (
  id int(5) NOT NULL auto_increment,
  id_month int(3) NOT NULL default '0',
  id_kadri int(3) NOT NULL default '0',
  id_year int(3) NOT NULL default '0',
  `comment` varchar(200) NOT NULL default '',
  rab_1 int(3) NOT NULL default '0' COMMENT 'РЈС‡РµР±РЅР°СЏ СЂР°Р±РѕС‚Р° в„–1',
  rab_2 int(3) NOT NULL default '0' COMMENT 'РЈС‡РµР±РЅР°СЏ СЂР°Р±РѕС‚Р° в„–2',
  rab_3 int(3) NOT NULL default '0' COMMENT 'РЈС‡РµР±РЅР°СЏ СЂР°Р±РѕС‚Р° в„–3',
  rab_4 int(3) NOT NULL default '0' COMMENT 'РЈС‡РµР±РЅР°СЏ СЂР°Р±РѕС‚Р° в„–4',
  rab_5 int(3) NOT NULL default '0' COMMENT 'РЈС‡РµР±РЅР°СЏ СЂР°Р±РѕС‚Р° в„–5',
  rab_6 int(3) NOT NULL default '0' COMMENT 'РЈС‡РµР±РЅР°СЏ СЂР°Р±РѕС‚Р° в„–6',
  rab_7 int(3) NOT NULL default '0' COMMENT 'РЈС‡РµР±РЅР°СЏ СЂР°Р±РѕС‚Р° в„–7',
  rab_8 int(3) NOT NULL default '0' COMMENT 'РЈС‡РµР±РЅР°СЏ СЂР°Р±РѕС‚Р° в„–8',
  rab_9 int(3) NOT NULL default '0' COMMENT 'РЈС‡РµР±РЅР°СЏ СЂР°Р±РѕС‚Р° в„–9',
  rab_10 int(3) NOT NULL default '0' COMMENT 'РЈС‡РµР±РЅР°СЏ СЂР°Р±РѕС‚Р° в„–10',
  rab_11 int(3) NOT NULL default '0' COMMENT 'РЈС‡РµР±РЅР°СЏ СЂР°Р±РѕС‚Р° в„–11',
  rab_12 int(3) NOT NULL default '0' COMMENT 'РЈС‡РµР±РЅР°СЏ СЂР°Р±РѕС‚Р° в„–12',
  rab_13 int(3) NOT NULL default '0' COMMENT 'РЈС‡РµР±РЅР°СЏ СЂР°Р±РѕС‚Р° в„–13',
  rab_14 int(3) NOT NULL default '0' COMMENT 'РЈС‡РµР±РЅР°СЏ СЂР°Р±РѕС‚Р° в„–14',
  rab_15 int(3) NOT NULL default '0' COMMENT 'РЈС‡РµР±РЅР°СЏ СЂР°Р±РѕС‚Р° в„–15',
  UNIQUE KEY id (id)
) ENGINE=MyISAM DEFAULT CHARSET=cp1251 COMMENT='Р¤Р°РєС‚РёС‡. Р·РЅР°С‡РµРЅРёСЏ СѓС‡РµР±РЅРѕР№ СЂР°Р±РѕС‚С‹' AUTO_INCREMENT=1 ;

-- 
-- Р”Р°РјРї РґР°РЅРЅС‹С… С‚Р°Р±Р»РёС†С‹ `fact`
-- 


-- --------------------------------------------------------

-- 
-- РЎС‚СЂСѓРєС‚СѓСЂР° С‚Р°Р±Р»РёС†С‹ `forms`
-- 

CREATE TABLE forms (
  id int(11) NOT NULL auto_increment,
  title varchar(255) NOT NULL,
  pub tinyint(1) NOT NULL,
  PRIMARY KEY  (id)
) ENGINE=MyISAM DEFAULT CHARSET=cp1251 AUTO_INCREMENT=1 ;

-- 
-- Р”Р°РјРї РґР°РЅРЅС‹С… С‚Р°Р±Р»РёС†С‹ `forms`
-- 


-- --------------------------------------------------------

-- 
-- РЎС‚СЂСѓРєС‚СѓСЂР° С‚Р°Р±Р»РёС†С‹ `holidays`
-- 

CREATE TABLE holidays (
  id int(11) NOT NULL auto_increment,
  date_hol varchar(15) NOT NULL default '',
  name_hol varchar(200) character set cp1251 collate cp1251_bin NOT NULL default '',
  type_hol varchar(20) NOT NULL default '',
  `comment` varchar(100) NOT NULL default '',
  PRIMARY KEY  (id)
) ENGINE=MyISAM AUTO_INCREMENT=579 DEFAULT CHARSET=latin1 COMMENT='РїСЂР°Р·РґРЅРёРєРё' AUTO_INCREMENT=579 ;

-- 
-- Р”Р°РјРї РґР°РЅРЅС‹С… С‚Р°Р±Р»РёС†С‹ `holidays`
-- 

INSERT INTO holidays VALUES (1, '01.01', 'РґРµРЅСЊ РїР°РјСЏС‚Рё Р±С‹Р»РёРЅРЅРѕРіРѕ Р±РѕРіР°С‚С‹СЂСЏ РР»СЊРё РњСѓСЂРѕРјС†Р°', '', '');
INSERT INTO holidays VALUES (2, '01.01.1874', 'РњР°РЅРёС„РµСЃС‚ Рѕ РІРІРµРґРµРЅРёРё РІСЃРµРѕР±С‰РµР№ РІРѕРёРЅСЃРєРѕР№ РїРѕРІРёРЅРЅРѕСЃС‚Рё Рё РЈСЃС‚Р°РІ РІРѕРёРЅСЃРєРѕР№ РїРѕРІРёРЅРЅРѕСЃС‚Рё', '', '');
INSERT INTO holidays VALUES (3, '01.01.1983', 'РџСЂРѕС‚РѕРєРѕР» TCP/IP РІС‹Р±СЂР°РЅ РµРґРёРЅСЃС‚РІРµРЅРЅС‹Рј РїСЂРѕС‚РѕРєР»РѕРј РґР»СЏ РРЅС‚РµСЂРЅРµС‚Р°', '', '');
INSERT INTO holidays VALUES (4, '02.01', 'РІ РЇРїРѕРЅРёРё РґРµРЅСЊ РЅР°С‡Р°Р»Р° СЂР°Р±РѕС‚С‹. РџСЂР°Р·РґРЅРёРє ''РЁРёРіРѕС‚Рѕ РҐР°РґР¶РёРјРµ''. РћР±СЊСЏРІР»РµРЅ РЅРµСЂР°Р±РѕС‡РёРј РґРЅРµРј', '', '');
INSERT INTO holidays VALUES (5, '02.01.1969', 'Р›СѓРЅРѕС…РѕРґ ''Р›СѓРЅР°-1'' СЃРѕРІРµСЂС€РёР» РїРѕСЃР°РґРєСѓ РЅР° Р›СѓРЅСѓ', '', '');
INSERT INTO holidays VALUES (6, '03.01', 'РІ РЇРїРѕРЅРёРё РІС‹С…РѕРґРЅРѕР№ РґРµРЅСЊ', '', '');
INSERT INTO holidays VALUES (8, '06.01', 'Р РѕР¶РґРµСЃС‚РІРµРЅСЃРєРёР№ СЃРѕС‡РµР»СЊРЅРёРє', '', '');
INSERT INTO holidays VALUES (9, '06.01', 'РІ РђРЅРґРѕСЂСЂРµ Р‘РѕРіРѕСЏРІР»РµРЅРёРµ.', '', '');
INSERT INTO holidays VALUES (10, '06.01', 'РІ Р“СЂРµС†РёРё Р‘РѕРіРѕСЏРІР»РµРЅРёРµ.', '', '');
INSERT INTO holidays VALUES (11, '07.01', 'Р РѕР¶РґРµСЃС‚РІРѕ РҐСЂРёСЃС‚РѕРІРѕ (РїСЂР°РІРѕСЃР»Р°РІРЅРѕРµ)', '', '');
INSERT INTO holidays VALUES (12, '07.01.1610', 'РћС‚РєСЂС‹С‚РёРµ Р®РїРёС‚РµСЂР° Р“.Р“Р°Р»РёР»РµРµРј', '', '');
INSERT INTO holidays VALUES (13, '07.01.1904', 'РРјРµРЅРЅРѕ РІ СЌС‚РѕС‚ РґРµРЅСЊ РєРѕРјРїР°РЅРёРµР№ Р“. РњР°СЂРєРѕРЅРё Р±С‹Р» РїСЂРµРґР»РѕР¶РµРЅ СЂР°РґРёРѕСЃРёРіРЅР°Р», РѕР·РЅР°С‡Р°СЋС‰РёР№ РїСЂРёР·С‹РІ Рѕ РїРѕРјРѕС‰Рё: CQD. РЎРїСѓСЃС‚СЏ РґРІР° РіРѕРґР° РІ С†РµР»СЏС… Р±С‹СЃС‚СЂРѕС‚С‹ РїРµСЂРµРґР°С‡Рё Рё СѓРґРѕР±СЃС‚РІР° РѕРЅ Р±С‹Р» Р·Р°РјРµРЅРµРЅ РёСЃРїРѕР»СЊР·СѓРµРјС‹Рј РїРѕ СЃРµР№ РґРµРЅСЊ СЃРёРіРЅР°Р»Рѕ', '', '');
INSERT INTO holidays VALUES (14, '07.01.1977', 'Р’СЃРµ РїСЂРѕРіСЂР°РјРјС‹ Р¦РµРЅС‚СЂР°Р»СЊРЅРѕРіРѕ С‚РµР»РµРІРёРґРµРЅРёСЏ СЃС‚Р°Р»Рё РїРµСЂРµРґР°РІР°С‚СЊСЃСЏ РІ С†РІРµС‚Рµ', '', '');
INSERT INTO holidays VALUES (15, '08.01', 'Р Р°РјР°Р·Р°РЅ-Р±Р°Р№СЂР°Рј (Р­Р№Рґ Р°Р»СЊ-Р¤РёС‚СЂ). РџСЂР°Р·РґРЅСѓРµС‚СЃСЏ РІ РўР РЎРљ (РўСѓСЂРµС†РєР°СЏ Р РµСЃРїСѓР±Р»РёРєР° РЎРµРІРµСЂРЅРѕРіРѕ РљРёРїСЂР°)', '', '');
INSERT INTO holidays VALUES (16, '09.01.1664', 'РЈРєСЂР°РёРЅР° РІРѕСЃСЃРѕРµРґРёРЅРёР»Р°СЃСЊ СЃ Р РѕСЃСЃРёРµР№', '', '');
INSERT INTO holidays VALUES (17, '09.01.1905', 'РљСЂРѕРІР°РІРѕРµ РІРѕСЃРєСЂРµСЃРµРЅСЊРµ. РќР°С‡Р°Р»Рѕ РїРµСЂРІРѕР№ СЂРѕСЃСЃРёР№СЃРєРѕР№ СЂРµРІРѕР»СЋС†РёРё', '', '');
INSERT INTO holidays VALUES (18, '10.01', 'РџСЂР°Р·РґРЅРёРє Р’СѓРґСѓ РІ Р‘РµРЅРёРЅРµ', '', '');
INSERT INTO holidays VALUES (19, '10.01.2002', 'РЈС‚РІРµСЂР¶РґРµРЅ РїСЂРµР·РёРґРµРЅС‚РѕРј Р Р¤ Р·Р°РєРѕРЅ ''РћР± СЌР»РµРєС‚СЂРѕРЅРЅРѕР№ С†РёС„СЂРѕРІРѕР№ РїРѕРґРїРёСЃРё''', '', '');
INSERT INTO holidays VALUES (20, '11.01', 'Р’СЃРµРјРёСЂРЅС‹Р№ РґРµРЅСЊ ''СЃРїР°СЃРёР±Рѕ''', '', '');
INSERT INTO holidays VALUES (21, '11.01', 'РґРµРЅСЊ Р·Р°РїРѕРІРµРґРЅРёРєРѕРІ', '', '');
INSERT INTO holidays VALUES (22, '11.01.1935', 'Р’РїРµСЂРІС‹Рµ РјРѕСЃРєРѕРІСЃРєРёРµ СЂР°РґРёРѕСЃС‚Р°РЅС†РёРё С‚СЂР°РЅСЃР»РёСЂРѕРІР°Р»Рё РєРѕРЅС†РµСЂС‚ РёР· РЎРЁРђ. Р—Р°С‚РµРј СЃРѕСЃС‚РѕСЏР»СЃСЏ РѕС‚РІРµС‚РЅС‹Р№ СЂР°РґРёРѕРєРѕРЅС†РµСЂС‚ РёР· РњРѕСЃРєРІС‹, РєРѕС‚РѕСЂС‹Р№ С‚СЂР°РЅСЃР»РёСЂРѕРІР°Р»СЃСЏ 90 СЂР°РґРёРѕСЃС‚Р°РЅС†РёСЏРјРё РЎРЁРђ', '', '');
INSERT INTO holidays VALUES (23, '11.01.1963', 'РћС‚РєСЂС‹С‚РёРµ'' Whiskey A-Go-Go'' РїРµСЂРІРѕР№ РґРёСЃРєРѕС‚РµРєРё РІ Р›РѕСЃ-РђРЅР¶РµР»РµСЃРµ.', '', '');
INSERT INTO holidays VALUES (24, '11.01.1994', 'РџРµСЂРІРѕРµ Р·Р°СЃРµРґР°РЅРёРµ РЎРѕРІРµС‚Р° Р¤РµРґРµСЂР°С†РёРё Рё Р“РѕСЃСѓРґР°СЂСЃС‚РІРµРЅРЅРѕР№ Р”СѓРјС‹ Р РѕСЃСЃРёРё', '', '');
INSERT INTO holidays VALUES (25, '12.01.1722', 'РґРµРЅСЊ СЂР°Р±РѕС‚РЅРёРєР° РїСЂРѕРєСѓСЂР°С‚СѓСЂС‹ Р РѕСЃСЃРёР№СЃРєРѕР№ Р¤РµРґРµСЂР°С†РёРё', '', '');
INSERT INTO holidays VALUES (26, '12.01.1918', 'Р”РµРєР»Р°СЂР°С†РёСЏ РїСЂР°РІ С‚СЂСѓРґСЏС‰РёС…СЃСЏ Рё СЌРєСЃРїР»СѓР°С‚РёСЂСѓРµРјРѕРіРѕ РЅР°СЂРѕРґР°', '', '');
INSERT INTO holidays VALUES (27, '12.01.1943', 'РџСЂРѕСЂРІР°РЅР° Р±Р»РѕРєР°РґР° Р›РµРЅРёРЅРіСЂР°РґР°', '', '');
INSERT INTO holidays VALUES (28, '12.01.1970', 'LP ''Abbey road'' Beatles Р·Р°РЅРёРјР°РµС‚ РІ РђРЅРіР»РёРё РїРµСЂРІРѕРµ РјРµСЃС‚Рѕ.', '', '');
INSERT INTO holidays VALUES (29, '13.01', 'РґРµРЅСЊ СЂРѕСЃСЃРёР№СЃРєРѕР№ РїРµС‡Р°С‚Рё', '', '');
INSERT INTO holidays VALUES (30, '14.01', 'РЎС‚Р°СЂС‹Р№ РќРѕРІС‹Р№ РіРѕРґ', '', '');
INSERT INTO holidays VALUES (31, '17.01', 'РІСЃРµРјРёСЂРЅС‹Р№ РґРµРЅСЊ РїРµС‡Р°С‚Рё', '', '');
INSERT INTO holidays VALUES (32, '17.01', 'РґРµРЅСЊ Р—РѕСЃРёРјС‹ (РїРѕСЃР»РµРґРЅРёРµ СЃРІСЏС‚РѕС‡РЅС‹Рµ РіР°РґР°РЅРёСЏ)', '', '');
INSERT INTO holidays VALUES (33, '18.01', 'РљСЂРµС‰РµРЅСЃРєРёР№ СЃРѕС‡РµР»СЊРЅРёРє', '', '');
INSERT INTO holidays VALUES (34, '19.01', 'РЎРІСЏС‚РѕРµ Р±РѕРіРѕСЏРІР»РµРЅРёРµ. РљСЂРµС‰РµРЅРёРµ Р“РѕСЃРїРѕРґРЅРµ', '', '');
INSERT INTO holidays VALUES (35, '20.01', 'РґРµРЅСЊ РРѕР°РЅРЅР° РљСЂРµСЃС‚РёС‚РµР»СЏ', '', '');
INSERT INTO holidays VALUES (36, '20.01.1965', 'РЈРјРµСЂ РђР»Р°РЅ Р¤СЂРёРґ , РїРѕРґР°СЂРёРІС€РёР№ РјРёСЂСѓ С‚РµСЂРјРёРЅ ''Rock-in-roll''.', '', '');
INSERT INTO holidays VALUES (37, '21.01', 'РґРµРЅСЊ РёРЅР¶РµРЅРµСЂРЅС‹С… РІРѕР№СЃРє', '', '');
INSERT INTO holidays VALUES (38, '21.01.1924', 'РЈРјРµСЂ Р’.Р. Р›РµРЅРёРЅ', '', '');
INSERT INTO holidays VALUES (39, '24.01.1722', 'РўР°Р±РµР»СЊ Рѕ СЂР°РЅРіР°С… РІСЃРµС… С‡РёРЅРѕРІ РІРѕРёРЅСЃРєРёС…, СЃС‚Р°С‚СЃРєРёС… Рё РїСЂРёРґРІРѕСЂРЅС‹С…', '', '');
INSERT INTO holidays VALUES (40, '25.01', 'РўР°С‚СЊСЏРЅРёРЅ РґРµРЅСЊ', '', '');
INSERT INTO holidays VALUES (41, '25.01', 'РґРµРЅСЊ Р РѕСЃСЃРёР№СЃРєРѕРіРѕ СЃС‚СѓРґРµРЅС‡РµСЃС‚РІР°', '', '');
INSERT INTO holidays VALUES (42, '27.01', 'РІСЃРµРјРёСЂРЅС‹Р№ РґРµРЅСЊ С‚Р°РјРѕР¶РµРЅРЅРёРєР°', '', '');
INSERT INTO holidays VALUES (43, '27.01.1944', 'РґРµРЅСЊ РІРѕРёРЅСЃРєРѕР№ СЃР»Р°РІС‹ Р РѕСЃСЃРёРё. Р”РµРЅСЊ СЃРЅСЏС‚РёСЏ Р±Р»РѕРєР°РґС‹ РіРѕСЂРѕРґР° Р›РµРЅРёРЅРіСЂР°РґР°', '', '');
INSERT INTO holidays VALUES (44, '28.01', 'РњРµР¶РґСѓРЅР°СЂРѕРґРЅС‹Р№ РґРµРЅСЊ РјРѕР±РёР»РёР·Р°С†РёРё РїСЂРѕС‚РёРІ СЏРґРµСЂРЅРѕР№ РІРѕР№РЅС‹', '', '');
INSERT INTO holidays VALUES (45, '28.01.1820', 'РћС‚РєСЂС‹С‚РёРµ РђРЅС‚Р°СЂРєС‚РёРґС‹ (Р¤.Р¤. Р‘РµР»Р»РёРЅСЃРіР°СѓР·РµРЅ Рё Рњ.Рџ. Р›Р°Р·Р°СЂРµРІ)', '', '');
INSERT INTO holidays VALUES (46, '28.01.1921', 'РџРѕРґРїРёСЃР°РЅ РґРµРєСЂРµС‚ РЎРќРљ Рѕ СЃС‚СЂРѕРёС‚РµР»СЊСЃС‚РІРµ РІ РЎРЎРЎР  СЃРµС‚Рё СЂР°РґРёРѕС‚РµР»РµС„РѕРЅРЅС‹С… СЃС‚Р°РЅС†РёР№ СЂР°РґРёРѕРІРµС‰Р°РЅРёСЏ.', '', '');
INSERT INTO holidays VALUES (47, '28.01.1986', 'РљР°С‚Р°СЃС‚СЂРѕС„Р° РєРѕСЃРјРёС‡РµСЃРєРѕРіРѕ РєРѕСЂР°Р±Р»СЏ ''Р§РµР»Р»РµРЅРґР¶РµСЂ''', '', '');
INSERT INTO holidays VALUES (48, '29.01', 'РґРµРЅСЊ РёР·РѕР±СЂРµС‚РµРЅРёСЏ Р°РІС‚РѕРјРѕР±РёР»СЏ', '', '');
INSERT INTO holidays VALUES (49, '30.01', 'РІСЃРµРјРёСЂРЅС‹Р№ РґРµРЅСЊ РїРѕРјРѕС‰Рё Р±РѕР»СЊРЅС‹Рј РїСЂРѕРєР°Р·РѕР№', '', '');
INSERT INTO holidays VALUES (50, '31.01.1939', 'РћСЃРЅРѕРІР°РЅР° РєРѕРјРїР°РЅРёСЏ Hewlett-Packard', '', '');
INSERT INTO holidays VALUES (51, '01.02.1949', 'RCA РІС‹РїСѓСЃРєР°РµС‚ РїР»Р°СЃС‚РёРЅРєСѓ РЅР° 45 РѕР±РѕСЂРѕС‚РѕРІ.', '', '');
INSERT INTO holidays VALUES (52, '02.02', 'РґРµРЅСЊ РЎСѓСЂРєР°', '', '');
INSERT INTO holidays VALUES (53, '02.02.1943', 'РґРµРЅСЊ РІРѕРёРЅСЃРєРѕР№ СЃР»Р°РІС‹ Р РѕСЃСЃРёРё. Р”РµРЅСЊ СЂР°Р·РіСЂРѕРјР° СЃРѕРІРµС‚СЃРєРёРјРё РІРѕР№СЃРєР°РјРё РЅРµРјРµС†РєРѕ-С„Р°С€РёСЃС‚СЃРєРёС… РІРѕР№СЃРє РІ РЎС‚Р°Р»РёРЅРіСЂР°РґСЃРєРѕР№ Р±РёС‚РІРµ', '', '');
INSERT INTO holidays VALUES (54, '04.02', 'РјРµР¶РґСѓРЅР°СЂРѕРґРЅС‹Р№ РґРµРЅСЊ Р·Р°РїСЂРµС‚Р° РїС‹С‚РѕРє', '', '');
INSERT INTO holidays VALUES (55, '04.02.1948', 'Р’ Р”РµС‚СЂРѕР№С‚Рµ СЂРѕРґРёР»СЃСЏ Р’РёРЅСЃРµРЅС‚ Р¤РµСЂРЅРµСЂ (Alice Cooper).', '', '');
INSERT INTO holidays VALUES (56, '05.02', 'РјРµР¶РґСѓРЅР°СЂРѕРґРЅС‹Р№ РґРµРЅСЊ Р±РѕР№СЃРєР°СѓС‚РѕРІ', '', '');
INSERT INTO holidays VALUES (57, '05.02.1722', 'РЈСЃС‚Р°РІ Рѕ РїСЂРµСЃС‚РѕР»РѕРЅР°СЃР»РµРґРёРё', '', '');
INSERT INTO holidays VALUES (58, '06.02.1906', 'Рћ РІС‹Р±РѕСЂР°С… РІ РіРѕСЃСѓРґР°СЂСЃС‚РІРµРЅРЅСѓСЋ РґСѓРјСѓ (РќРѕРІРѕРµ РїРѕР»РѕР¶РµРЅРёРµ)', '', '');
INSERT INTO holidays VALUES (59, '06.02.1970', 'VenusРІ РёСЃРїРѕР»РЅРµРЅРёРё ''Shocking Blue'' Р·Р°РЅРёРјР°РµС‚ РїРµСЂРІРѕРµ РјРµС‚Рѕ РІ С…РёС‚-РїР°СЂР°РґРµ.', '', '');
INSERT INTO holidays VALUES (60, '08.02', 'РґРµРЅСЊ РђСЌСЂРѕС„Р»РѕС‚Р°', '', '');
INSERT INTO holidays VALUES (61, '08.02', 'РґРµРЅСЊ СЂРѕСЃСЃРёР№СЃРєРѕР№ РЅР°СѓРєРё', '', '');
INSERT INTO holidays VALUES (62, '09.02.1837', 'РІ СЌС‚РѕС‚ РґРµРЅСЊ Р±С‹Р» СЃРјРµСЂС‚РµР»СЊРЅРѕ СЂР°РЅРµРЅ Рђ.РЎ. РџСѓС€РєРёРЅ', '', '');
INSERT INTO holidays VALUES (63, '09.02.1923', 'РґРµРЅСЊ СЃРѕР·РґР°РЅРёСЏ Р“СЂР°Р¶РґР°РЅСЃРєРѕР№ Р°РІРёР°С†РёРё', '', '');
INSERT INTO holidays VALUES (64, '09.02.1964', 'Beatles РїСЂРёРЅРёРјР°РµС‚ СѓС‡Р°СЃС‚РёРµ РІ С‚РµР»РµС€РѕСѓ ''Р­Рґ РЎРµР»РёРІР°РЅ РЁРѕСѓ''.', '', '');
INSERT INTO holidays VALUES (65, '10.02', 'РґРµРЅСЊ РїР°РјСЏС‚Рё Рђ.РЎ. РџСѓС€РєРёРЅР°', '', '');
INSERT INTO holidays VALUES (66, '11.02', 'РІСЃРµРјРёСЂРЅС‹Р№ РґРµРЅСЊ Р±РѕР»СЊРЅРѕРіРѕ. РћС‚РјРµС‡Р°РµС‚СЃСЏ РєР°С‚РѕР»РёРєР°РјРё РІ РґРµРЅСЊ Р›СѓСЂРґСЃРєРѕР№ Р‘РѕРіРѕРјР°С‚РµСЂРё.', '', '');
INSERT INTO holidays VALUES (67, '11.02', 'РІ РЇРїРѕРЅРёРё РґРµРЅСЊ РѕР±СЂР°Р·РѕРІР°РЅРёСЏ РЅР°С†РёРё. РџРѕСЃРІСЏС‰РµРЅ РѕР±СЂР°Р·РѕРІР°РЅРёСЋ СЏРїРѕРЅСЃРєРѕРіРѕ РіРѕСЃСѓРґР°СЂСЃС‚РІР° РїРµСЂРІС‹Рј РёРјРїРµСЂР°С‚РѕСЂРѕРј РІ 660 РіРѕРґСѓ РґРѕ РЅ.СЌ.', '', '');
INSERT INTO holidays VALUES (68, '13.02.1973', 'Р°Р»СЊР±РѕРј ''Live Concert'' Р‘Р°СЂР±Р°СЂС‹ РЎС‚СЂРµР№Р·Р°РЅРґ СЃС‚Р°Р» Р·РѕР»РѕС‚С‹Рј.', '', '');
INSERT INTO holidays VALUES (69, '14.02', 'РґРµРЅСЊ РЎРІСЏС‚РѕРіРѕ Р’Р°Р»РµРЅС‚РёРЅР° (Р’Р°Р»РµРЅС‚Р°Р№РЅ; РґРµРЅСЊ РІСЃРµС… РІР»СЋР±Р»РµРЅРЅС‹С…)', '', '');
INSERT INTO holidays VALUES (70, '15.02', 'РЎСЂРµС‚РµРЅРёРµ Р“РѕСЃРїРѕРґРЅРµ', '', '');
INSERT INTO holidays VALUES (71, '15.02', 'РґРµРЅСЊ РїР°РјСЏС‚Рё РІРѕРёРЅРѕРІ-РёРЅС‚РµСЂРЅР°С†РёРѕРЅР°Р»РёСЃС‚РѕРІ РІ Р РѕСЃСЃРёРё', '', '');
INSERT INTO holidays VALUES (72, '15.02.1989', 'Р”РµРЅСЊ РІС‹РІРѕРґР° РІРѕР№СЃРє РёР· РђС„РіР°РЅРёСЃС‚Р°РЅР°', '', '');
INSERT INTO holidays VALUES (73, '16.02', 'РґРµРЅСЊ РїСЂРµР·РёРґРµРЅС‚РѕРІ РІ РЎРЁРђ', '', '');
INSERT INTO holidays VALUES (74, '16.02', 'РЎР°Р»Р°РіР°РЅ - РќРѕРІС‹Р№ РіРѕРґ РґР»СЏ Р±СѓРґРґРёСЃС‚РѕРІ РїРѕ РІРѕСЃС‚РѕС‡РЅРѕРјСѓ Р»СѓРЅРЅРѕРјСѓ РєР°Р»РµРЅРґР°СЂСЋ', '', '');
INSERT INTO holidays VALUES (75, '17.02.1967', 'Beatles Р·Р°РїРёСЃС‹РІР°СЋС‚ РїРµСЃРЅСЋ ''Strawberry Fields Forever''.', '', '');
INSERT INTO holidays VALUES (76, '18.02.1762', 'РњР°РЅРёС„РµСЃС‚ Рѕ РґР°СЂРѕРІР°РЅРёРё РІРѕР»СЊРЅРѕСЃС‚Рё Рё СЃРІРѕР±РѕРґС‹ СЂРѕСЃСЃРёР№СЃРєРѕРјСѓ РґРІРѕСЂСЏРЅСЃС‚РІСѓ', '', '');
INSERT INTO holidays VALUES (77, '18.02.1968', 'Pink Floyd РїСЂРёРЅРёРјР°РµС‚ РІ СЃРІРѕРё СЂСЏРґС‹ Р”СЌРІРёРґР° Р“РёР»РјРѕСЂР°.', '', '');
INSERT INTO holidays VALUES (78, '19.02.1861', 'РњР°РЅРёС„РµСЃС‚ РѕР± РѕСЃРІРѕР±РѕР¶РґРµРЅРёРё РєСЂРµСЃС‚СЊСЏРЅ РѕС‚ РєСЂРµРїРѕСЃС‚РЅРѕР№ РїРѕРІРёРЅРЅРѕСЃС‚Рё', '', '');
INSERT INTO holidays VALUES (79, '19.02.1980', 'РЎРјРµСЂС‚СЊ Р‘РѕРЅР° РЎРєРѕС‚С‚Р°, Р»РµРіРµРЅРґР°СЂРЅРѕРіРѕ РІРѕРєР°Р»РёСЃС‚Р° ''AC/DC''.', '', '');
INSERT INTO holidays VALUES (80, '22.02', 'РјРµР¶РґСѓРЅР°СЂРѕРґРЅС‹Р№ РґРµРЅСЊ РїРѕРґРґРµСЂР¶РєРё Р¶РµСЂС‚РІ РїСЂРµСЃС‚СѓРїР»РµРЅРёР№', '', '');
INSERT INTO holidays VALUES (81, '22.02.1711', 'РЈРєР°Р· РѕР± СѓС‡СЂРµР¶РґРµРЅРёРё РџСЂР°РІРёС‚РµР»СЊСЃС‚РІСѓСЋС‰РµРіРѕ РЎРµРЅР°С‚Р° Рё Рѕ РїРµСЂСЃРѕРЅР°Р»СЊРЅРѕРј РµРіРѕ СЃРѕСЃС‚Р°РІРµ', '', '');
INSERT INTO holidays VALUES (82, '22.02.1803', 'РЈРєР°Р· РѕР± РѕС‚РїСѓСЃРєРµ РїРѕРјРµС‰РёРєРѕРј СЃРІРѕРёС… РєСЂРµСЃС‚СЊСЏРЅ РЅР° РІРѕР»СЋ РїРѕ Р·Р°РєР»СЋС‡РµРЅРёСЋ СѓСЃР»РѕРІРёР№ РЅР° РѕР±РѕСЋРґРЅРѕРµ СЃРѕРіР»Р°СЃРёРµ Рѕ РІРѕР»СЊРЅС‹С… С…Р»РµР±РѕРїР°С€С†Р°С…', '', '');
INSERT INTO holidays VALUES (83, '23.02.1918', 'РґРµРЅСЊ РІРѕРёРЅСЃРєРѕР№ СЃР»Р°РІС‹ Р РѕСЃСЃРёРё. Р”РµРЅСЊ РїРѕР±РµРґС‹ РљСЂР°СЃРЅРѕР№ РђСЂРјРёРё РЅР°Рґ РєР°Р№Р·РµСЂРѕРІСЃРєРёРјРё РІРѕР№СЃРєР°РјРё Р“РµСЂРјР°РЅРёРё - РґРµРЅСЊ Р·Р°С‰РёС‚РЅРёРєРѕРІ РћС‚РµС‡РµСЃС‚РІР°', '', '');
INSERT INTO holidays VALUES (84, '24.02.1999', 'РђРІРёР°С†РёСЏ РќРђРўРћ РЅР°С‡Р°Р»Р° РЅР°РЅРµСЃРµРЅРёРµ РІРѕР·РґСѓС€РЅС‹С… СѓРґР°СЂРѕРІ РїРѕ РЎРѕСЋР·РЅРѕР№ Р РµСЃРїСѓР±Р»РёРєРµ Р®РіРѕСЃР»Р°РІРёРё.', '', '');
INSERT INTO holidays VALUES (85, '25.02', 'РґРµРЅСЊ С‚РµР·РѕРёРјРµРЅРёС‚СЃС‚РІР° РЎРІСЏС‚РµР№С€РµРіРѕ РїР°С‚СЂРёР°СЂС…Р° РјРѕСЃРєРѕРІСЃРєРѕРіРѕ Рё РІСЃРµСЏ Р СѓСЃРё РђР»РµРєСЃРёСЏ II', '', '');
INSERT INTO holidays VALUES (86, '26.02', 'РґРµРЅСЊ РњР°СЂС‚РёРЅРёР°РЅР° - СѓРєСЂРѕС‚РёС‚РµР»СЏ СЃС‚СЂР°СЃС‚РµР№', '', '');
INSERT INTO holidays VALUES (87, '28.02', 'РґРµРЅСЊ РљР°Р»РµРІР°Р»С‹', '', '');
INSERT INTO holidays VALUES (88, '01.03', 'Р’СЃРµРјРёСЂРЅС‹Р№ РґРµРЅСЊ РіСЂР°Р¶РґР°РЅСЃРєРѕР№ РѕР±РѕСЂРѕРЅС‹', '', '');
INSERT INTO holidays VALUES (89, '01.03', 'РјРµР¶РґСѓРЅР°СЂРѕРґРЅС‹Р№ РґРµРЅСЊ Р±РѕСЂСЊР±С‹ СЃ РЅР°СЂРєРѕРјР°РЅРёРµР№ Рё РЅР°СЂРєРѕР±РёР·РЅРµСЃРѕРј', '', '');
INSERT INTO holidays VALUES (90, '01.03.1919', 'РґРµРЅСЊ СЃРѕР·РґР°РЅРёСЏ РєСЂРёРјРёРЅР°Р»РёСЃС‚РёС‡РµСЃРєРѕР№ СЃР»СѓР¶Р±С‹ РІ Р РѕСЃСЃРёРё', '', '');
INSERT INTO holidays VALUES (91, '01.03.1981', 'Р’ РјР°СЂС‚Рµ С„РёСЂРјР° 3Com РїСЂРµРґСЃС‚Р°РІРёР»Р° РјРёСЂСѓ РїРµСЂРІСѓСЋ Ethernet-РєР°СЂС‚Сѓ.', '', '');
INSERT INTO holidays VALUES (92, '02.03.1984', 'РґРµРЅСЊ СЂРѕР¶РґРµРЅРёСЏ РєРѕРјРїР°РєС‚-РґРёСЃРєР°', '', '');
INSERT INTO holidays VALUES (93, '03.03', 'РјРµР¶РґСѓРЅР°СЂРѕРґРЅС‹Р№ РґРµРЅСЊ РјРёСЂР° РґР»СЏ РїРёСЃР°С‚РµР»СЏ', '', '');
INSERT INTO holidays VALUES (94, '03.03.1880', 'РІ Р‘РѕР»РіР°СЂРёРё РґРµРЅСЊ РѕСЃРІРѕР±РѕР¶РґРµРЅРёСЏ Р‘РѕР»РіР°СЂРёРё РѕС‚ РѕСЃРјР°РЅСЃРєРѕРіРѕ РёРіР°. Р’РїРµСЂРІС‹Рµ 3 РјР°СЂС‚Р° РІ Р‘РѕР»РіР°СЂРёРё РїСЂР°Р·РґРЅРѕРІР°Р»РѕСЃСЊ РІ 1880 РіРѕРґСѓ РєР°Рє Р”РµРЅСЊ РІРѕСЃС€РµСЃС‚РІРёСЏ РЅР° РїСЂРµСЃС‚РѕР» РёРјРїРµСЂР°С‚РѕСЂР° РђР»РµРєСЃР°РЅРґСЂР° III.', '', '');
INSERT INTO holidays VALUES (95, '15.03.1917', 'РџР°РґРµРЅРёРµ СЃР°РјРѕРґРµСЂР¶Р°РІРёСЏ РЅР° Р СѓСЃРё - РѕС‚СЂРµС‡РµРЅРёРµ РѕС‚ РїСЂРµСЃС‚РѕР»Р° С†Р°СЂСЏ РќРёРєРѕР»Р°СЏ II', '', '');
INSERT INTO holidays VALUES (96, '04.03.1938', 'Р‘С‹Р»Р° РѕСЂРіР°РЅРёР·РѕРІР°РЅР° СЃР»СѓР¶Р±Р° РјРµРґ. РІС‹С‚СЂРµР·РІРёС‚РµР»РµР№', '', '');
INSERT INTO holidays VALUES (97, '05.03.1611', 'РљСѓР·СЊРјР° РњРёРЅРёРЅ СЃРѕР±РёСЂР°РµС‚ РІ РќРёР¶РЅРµРј РќРѕРІРіРѕСЂРѕРґРµ РїРµСЂРІРѕРµ РЅР°СЂРѕРґРЅРѕРµ РѕРїРѕР»С‡РµРЅРёРµ', '', '');
INSERT INTO holidays VALUES (98, '05.03.1953', 'РЈРјРµСЂ РРѕСЃРёС„ РЎС‚Р°Р»РёРЅ', '', '');
INSERT INTO holidays VALUES (99, '05.03.1960', 'РћРєРѕРЅС‡Р°РЅРёРµ РІРѕРёРЅСЃРєРѕР№ СЃР»СѓР¶Р±С‹ Р­Р»РІРёСЃР° РџСЂРµСЃР»Рё.', '', '');
INSERT INTO holidays VALUES (100, '05.03.1970', 'Р’СЃС‚СѓРїР»РµРЅРёРµ РІ СЃРёР»Сѓ Р”РѕРіРѕРІРѕСЂР° Рѕ РЅРµСЂР°СЃРїСЂРѕСЃС‚СЂР°РЅРµРЅРёРё СЏРґРµСЂРЅРѕРіРѕ РѕСЂСѓР¶РёСЏ', '', '');
INSERT INTO holidays VALUES (101, '06.03', 'РљСѓСЂР±Р°РЅ-Р±Р°Р№СЂР°Рј (Р­Р№Рґ Р°Р»СЊ-РђРґС…Р°).РўР РЎРљ (РўСѓСЂРµС†РєР°СЏ Р РµСЃРїСѓР±Р»РёРєР° РЎРµРІРµСЂРЅРѕРіРѕ РљРёРїСЂР°)', '', '');
INSERT INTO holidays VALUES (102, '08.03', 'РњРµР¶РґСѓРЅР°СЂРѕРґРЅС‹Р№ Р¶РµРЅСЃРєРёР№ РґРµРЅСЊ', '', '');
INSERT INTO holidays VALUES (103, '08.03', 'РґРµРЅСЊ СЂР°Р±РѕС‚РЅРёРєРѕРІ РіРµРѕРґРµР·РёРё Рё РєР°СЂС‚РѕРіСЂР°С„РёРё', '', '');
INSERT INTO holidays VALUES (104, '11.03.1972', 'Р‘С‹Р»Р° Р·Р°РїСѓС‰РµРЅР° РјРµР¶РїР»Р°РЅРµС‚РЅР°СЏ СЃС‚Р°РЅС†РёСЏ Pioneer 10, СѓРґР°Р»РёРІС€Р°СЏСЃСЏ РѕС‚ Р—РµРјР»Рё Р±РѕР»РµРµ С‡РµРј РЅР° 14РјР»СЂРґ.РєРј. РџРѕСЃР»РµРґРЅРёР№ СЂР°Р· РµРµ СЃРёРіРЅР°Р» Р±С‹Р» РїРѕР№РјР°РЅ 22.01.2003.', '', '');
INSERT INTO holidays VALUES (105, '11.03.2003', 'Р’.РџСѓС‚РёРЅ СѓРїСЂР°Р·РґРЅРёР» Р¤РђРџРЎР (Р¤РµРґРµСЂР°Р»СЊРЅРѕРµ РђРіРµРЅС‚СЃС‚РІРѕ РџСЂР°РІРёС‚РµР»СЊСЃС‚РІРµРЅРЅРѕР№ РЎРІСЏР·Рё Рё РРЅС„РѕСЂРјР°С†РёРё)', '', '');
INSERT INTO holidays VALUES (106, '12.03.1917', 'Р¤РµРІСЂР°Р»СЊСЃРєР°СЏ Р±СѓСЂР¶СѓР°Р·РЅРѕ-РґРµРјРѕРєСЂР°С‚РёС‡РµСЃРєР°СЏ СЂРµРІРѕР»СЋС†РёСЏ РІ Р РѕСЃСЃРёРё', '', '');
INSERT INTO holidays VALUES (107, '12.03', 'РїСЂРѕС„РµСЃСЃРёРѕРЅР°Р»СЊРЅС‹Р№ РїСЂР°Р·РґРЅРёРє СЂР°Р±РѕС‚РЅРёРєРѕРІ СѓРіРѕР»РѕРІРЅРѕ-РёСЃРїРѕР»РЅРёС‚РµР»СЊРЅРѕР№ СЃРёСЃС‚РµРјС‹ РњРёРЅР®СЃС‚Р° Р РѕСЃСЃРёРё', '', '');
INSERT INTO holidays VALUES (108, '14.03.1993', 'РІ РђРЅРґРѕСЂСЂРµ РґРµРЅСЊ РєРѕРЅСЃС‚РёС‚СѓС†РёРё. РћРґРёРЅ РёР· РЅР°РёР±РѕР»РµРµ РІР°Р¶РЅС‹С… РїСЂР°Р·РґРЅРёРєРѕРІ: РєРЅСЏР¶РµСЃС‚РІРѕ, СЃСѓС‰РµСЃС‚РІРѕРІР°РІС€РµРµ РјРЅРѕРіРёРµ СЃС‚РѕР»РµС‚РёСЏ, Р»РёС€СЊ РІ 1993 РіРѕРґСѓ РїРѕР»СѓС‡РёР»Рѕ РєРѕРЅСЃС‚РёС‚СѓС†РёСЋ, РєРѕС‚РѕСЂРѕР№ Р°РЅРґРѕСЂСЂС†С‹ РѕС‡РµРЅСЊ РіРѕСЂРґСЏС‚СЃСЏ.', '', '');
INSERT INTO holidays VALUES (109, '15.03', 'Р’СЃРµРјРёСЂРЅС‹Р№ РґРµРЅСЊ РїРѕС‚СЂРµР±РёС‚РµР»СЏ', '', '');
INSERT INTO holidays VALUES (110, '15.03', 'РґРµРЅСЊ СЂР°Р±РѕС‚РЅРёРєРѕРІ С‚РѕСЂРіРѕРІР»Рё, Р±С‹С‚РѕРІРѕРіРѕ РѕР±СЃР»СѓР¶РёРІР°РЅРёСЏ РЅР°СЃРµР»РµРЅРёСЏ Рё Р¶РёР»РёС‰РЅРѕ-РєРѕРјРјСѓРЅР°Р»СЊРЅРѕРіРѕ С…РѕР·СЏР№СЃС‚РІР°', '', '');
INSERT INTO holidays VALUES (111, '17.03', 'РґРµРЅСЊ СЃРІСЏС‚РѕРіРѕ РџР°С‚СЂРёРєР°, РїРѕРєСЂРѕРІРёС‚РµР»СЏ РСЂР»Р°РЅРґРёРё. РЇРІР»СЏРµС‚СЃСЏ РѕС„РёС†РёР°Р»СЊРЅС‹Рј РІС‹С…РѕРґРЅС‹Рј РґРЅРµРј РІ РЎРµРІРµСЂРЅРѕР№ РСЂР»Р°РЅРґРёРё. РћС‚РјРµС‡Р°РµС‚СЃСЏ С‚РѕР»СЊРєРѕ РєР°С‚РѕР»РёРєР°РјРё. Р‘СѓРґСЊС‚Рµ РІРЅРёРјР°С‚РµР»СЊРЅС‹, РЅРµ РїРѕР·РґСЂР°РІСЊС‚Рµ РїСЂРѕС‚РµСЃС‚Р°РЅС‚РѕРІ.', '', '');
INSERT INTO holidays VALUES (112, '18.03', 'РґРµРЅСЊ РџР°СЂРёР¶СЃРєРѕР№ РєРѕРјРјСѓРЅС‹', '', '');
INSERT INTO holidays VALUES (113, '18.03', 'РґРµРЅСЊ РЅР°Р»РѕРіРѕРІРѕР№ РїРѕР»РёС†РёРё', '', '');
INSERT INTO holidays VALUES (114, '18.03.1965', 'РџРµСЂРІС‹Р№ РІС‹С…РѕРґ С‡РµР»РѕРІРµРєР° РІ РєРѕСЃРјРѕСЃ (РђР»РµРєСЃРµР№ Р›РµРѕРЅРѕРІ)', '', '');
INSERT INTO holidays VALUES (115, '19.03', 'РґРµРЅСЊ РјРѕСЂСЏРєР°-РїРѕРґРІРѕРґРЅРёРєР° Р РѕСЃСЃРёРё', '', '');
INSERT INTO holidays VALUES (116, '20.03', 'РІ РЇРїРѕРЅРёРё РґРµРЅСЊ РІРµСЃРµРЅРЅРµРіРѕ СЂР°РІРЅРѕРґРµРЅСЃС‚РІРёСЏ.', '', '');
INSERT INTO holidays VALUES (117, '20.03', 'РјРµР¶РґСѓРЅР°СЂРѕРґРЅС‹Р№ Р°СЃС‚СЂРѕР»РѕРіРёС‡РµСЃРєРёР№ РґРµРЅСЊ', '', '');
INSERT INTO holidays VALUES (118, '20.03.1931', 'РћСЂРіР°РЅРёР·РѕРІР°РЅ РљСЂР°СЃРЅРѕСЏСЂСЃРєРёР№ СЂР°РґРёРѕС†РµРЅС‚СЂ', '', '');
INSERT INTO holidays VALUES (119, '20.03.1969', 'Р‘СЂР°РєРѕСЃРѕС‡РµС‚Р°РЅРёРµ Р”Р¶РѕРЅР° Р›РµРЅРЅРѕРЅР° Рё Р™РѕРєРѕ РћРЅРѕ (Р“РёР±СЂР°Р»С‚Р°СЂ).', '', '');
INSERT INTO holidays VALUES (120, '21.03', 'Р’СЃРµРјРёСЂРЅС‹Р№ РґРµРЅСЊ Р·РµРјР»Рё', '', '');
INSERT INTO holidays VALUES (121, '21.03', 'Р’СЃРµРјРёСЂРЅС‹Р№ РґРµРЅСЊ РїРѕСЌР·РёРё', '', '');
INSERT INTO holidays VALUES (122, '21.03', 'РґРµРЅСЊ Р’РµСЃРµРЅРЅРµРіРѕ СЂР°РІРЅРѕРґРµРЅСЃС‚РІРёСЏ', '', '');
INSERT INTO holidays VALUES (123, '21.03', 'РјРµР¶РґСѓРЅР°СЂРѕРґРЅС‹Р№ РґРµРЅСЊ Р±РѕСЂСЊР±С‹ Р·Р° Р»РёРєРІРёРґР°С†РёСЋ СЂР°СЃРѕРІРѕР№ РґРёСЃРєСЂРёРјРёРЅР°С†РёРё.', '', '');
INSERT INTO holidays VALUES (124, '22.03', 'Р’СЃРµРјРёСЂРЅС‹Р№ РґРµРЅСЊ РІРѕРґС‹', '', '');
INSERT INTO holidays VALUES (125, '23.03', 'Р’СЃРµРјРёСЂРЅС‹Р№ РґРµРЅСЊ РјРµС‚РµРѕСЂРѕР»РѕРіР°', '', '');
INSERT INTO holidays VALUES (126, '23.03.1876', 'РЇР±Р»РѕС‡РєРѕРІ РёР·РѕР±СЂРµР» РїРµСЂРІС‹Р№ РёСЃС‚РѕС‡РЅРёРє СЃРІРµС‚Р°', '', '');
INSERT INTO holidays VALUES (127, '24.03', 'Р’СЃРµРјРёСЂРЅС‹Р№ РґРµРЅСЊ Р±РѕСЂСЊР±С‹ СЃ С‚СѓР±РµСЂРєСѓР»РµР·РѕРј', '', '');
INSERT INTO holidays VALUES (128, '24.03.1999', 'Р’РѕР№СЃРєР° РќРђРўРћ РЅР°РїР°Р»Рё РЅР° Р®РіРѕСЃР»Р°РІРёСЋ', '', '');
INSERT INTO holidays VALUES (129, '24.03', 'РґРµРЅСЊ РїР»Р°РЅРµС‚Р°СЂРёРµРІ', '', '');
INSERT INTO holidays VALUES (130, '25.03', 'Р’ 03.00 РџРµСЂРµС…РѕРґ РЅР° Р•РІСЂРѕРїРµР№СЃРєРѕРµ Р»РµС‚РЅРµРµ РІСЂРµРјСЏ (С‡Р°СЃС‹ РїРµСЂРµРІРѕРґСЏС‚СЃСЏ РЅР° 1 С‡Р°СЃ РІРїРµСЂРµРґ)', '', '');
INSERT INTO holidays VALUES (131, '25.03', 'Р”РµРЅСЊ РЅРµР·Р°РІРёСЃРёРјРѕСЃС‚Рё Р“СЂРµС†РёРё. Р РµСЃРїСѓР±Р»РёРєР° РљРёРїСЂ', '', '');
INSERT INTO holidays VALUES (132, '25.03', 'РІ Р“СЂРµС†РёРё РґРµРЅСЊ РЅРµР·Р°РІРёСЃРёРјРѕСЃС‚Рё. Р“Р»Р°РІРЅС‹Р№ РіРѕСЃСѓРґР°СЂСЃС‚РІРµРЅРЅС‹Р№ РїСЂР°Р·РґРЅРёРє СЃС‚СЂР°РЅС‹. РћС‚РјРµС‡Р°РµС‚СЃСЏ РІ С‡РµСЃС‚СЊ РІС‹С…РѕРґР° Р“СЂРµС†РёРё РёР· СЃРѕСЃС‚Р°РІР° РћСЃРјР°РЅСЃРєРѕР№ РёРјРїРµСЂРёРё Рё РїСЂРѕРІРѕР·РіР»Р°С€РµРЅРёСЏ РЅРµР·Р°РІРёСЃРёРјРѕР№ Р“СЂРµС†РёРё.', '', '');
INSERT INTO holidays VALUES (133, '27.03', 'РњРµР¶РґСѓРЅР°СЂРѕРґРЅС‹Р№ РґРµРЅСЊ С‚РµР°С‚СЂР°', '', '');
INSERT INTO holidays VALUES (134, '27.03', 'РґРµРЅСЊ РІРЅСѓС‚СЂРµРЅРЅРёС… РІРѕР№СЃРє РњР’Р” Р Р¤', '', '');
INSERT INTO holidays VALUES (135, '27.03', 'РјРµР¶РґСѓРЅР°СЂРѕРґРЅС‹Р№ РґРµРЅСЊ С‚РµР°С‚СЂР°', '', '');
INSERT INTO holidays VALUES (136, '29.03.1954', 'РџРµСЂРІС‹Р№ СЃРёРЅРіР» Р­Р»РІРёСЃР° РџСЂРµСЃР»Рё ''That''s All Right Mamma'' ''Blue Moon Of Kentucky''.', '', '');
INSERT INTO holidays VALUES (137, '30.03', 'РґРµРЅСЊ Р·Р°С‰РёС‚С‹ Р—РµРјР»Рё', '', '');
INSERT INTO holidays VALUES (138, '30.03.1858', 'Р—Р°РїР°С‚РµРЅС‚РѕРІР°РЅ РєР°СЂР°РЅРґР°С€ СЃРѕ СЃС‚РёСЂР°С‚РµР»СЊРЅРѕР№ СЂРµР·РёРЅРєРѕР№', '', '');
INSERT INTO holidays VALUES (139, '30.03.1867', 'РђР»СЏСЃРєР° РїСЂРѕРґР°РЅР° РЎРЁРђ Р·Р° $7.2 РјР»РЅ.', '', '');
INSERT INTO holidays VALUES (140, '30.03.1976', 'Sex Pistols РґР°С‘С‚ РїРµСЂРІС‹Р№ РєРѕРЅС†РµСЂС‚.', '', '');
INSERT INTO holidays VALUES (141, '31.03.1966', 'Р’ РЎРЎРЎР  СЃРѕРІРµСЂС€РµРЅ Р·Р°РїСѓСЃРє РїРµСЂРІРѕРіРѕ РІ РјРёСЂРµ РёСЃРєСѓСЃСЃС‚РІРµРЅРЅРѕРіРѕ СЃРїСѓС‚РЅРёРєР° Р›СѓРЅС‹', '', '');
INSERT INTO holidays VALUES (142, '31.03.1978', 'Genesis РІС‹РїСѓСЃС‚РёР»Рё Р°Р»СЊР±РѕРј ''And Then There Were Three''.', '', '');
INSERT INTO holidays VALUES (143, '01.04', 'РњРµР¶РґСѓРЅР°СЂРѕРґРЅС‹Р№ РґРµРЅСЊ РїС‚РёС†', '', '');
INSERT INTO holidays VALUES (144, '01.04', 'РґРµРЅСЊ РіРµРѕР»РѕРіР°', '', '');
INSERT INTO holidays VALUES (145, '01.04', 'РґРµРЅСЊ СЃРјРµС…Р°', '', '');
INSERT INTO holidays VALUES (146, '01.04.1985', 'РќР°С‡Р°Р»Рѕ РїРµСЂРµСЃС‚СЂРѕР№РєРё РІ РЎРЎРЎР ', '', '');
INSERT INTO holidays VALUES (147, '02.04', 'РњРµР¶РґСѓРЅР°СЂРѕРґРЅС‹Р№ РґРµРЅСЊ РґРµС‚СЃРєРѕР№ РєРЅРёРіРё', '', '');
INSERT INTO holidays VALUES (148, '02.04', 'РґРµРЅСЊ РµРґРёРЅРµРЅРёСЏ РЅР°СЂРѕРґРѕРІ', '', '');
INSERT INTO holidays VALUES (149, '02.04', 'РјРµР¶РґСѓРЅР°СЂРѕРґРЅС‹Р№ РґРµРЅСЊ РґРµС‚СЃРєРѕР№ РєРЅРёРіРё', '', '');
INSERT INTO holidays VALUES (150, '03.04.1992', 'Р’ Р РѕСЃСЃРёРё РІС‹РґР°РЅР° РїРµСЂРІР°СЏ Р»РёС†РµРЅР·РёСЏ РЅР° РѕСЃСѓС‰РµСЃС‚РІР»РµРЅРёРµ С‚РµР»РµСЂР°РґРёРѕРІРµС‰Р°РЅРёСЏ РєРѕРјРїР°РЅРёРё ''РўРµР»РµРІРёРґРµРѕРєР°РЅР°Р»'' РіРѕСЂРѕРґР° Р‘Р°Р»Р°РєРѕРІРѕ РЎР°СЂР°С‚РѕРІСЃРєРѕР№ РѕР±Р»Р°СЃС‚Рё.', '', '');
INSERT INTO holidays VALUES (151, '03.04.2001', 'РЎС‚Р°СЂС‚РѕРІР°Р» РїСЂРѕРµРєС‚ СЂР°СЃРїСЂРµРґРµР»РµРЅРЅС‹С… РІС‹С‡РёСЃР»РµРЅРёР№ Grid.org СЃРѕР·РґР°РЅРЅС‹Р№ РґР»СЏ РїРѕРёСЃРєР° Р»РµРєР°СЂСЃС‚РІР° РѕС‚ СЂР°РєР°.', '', '');
INSERT INTO holidays VALUES (152, '04.04', 'РњРµР¶РґСѓРЅР°СЂРѕРґРЅС‹Р№ РґРµРЅСЊ РЅР°СЃС‚СЂРѕР№С‰РёРєРѕРІ С„РѕСЂС‚РµРїРёР°РЅРѕ', '', '');
INSERT INTO holidays VALUES (153, '04.04.1949', 'РЎРѕР·РґР°РЅРёРµ СЃРµРІРµСЂРѕР°С‚Р»Р°РЅС‚РёС‡РµСЃРєРѕРіРѕ Р°Р»СЊСЏРЅСЃР° (РќРђРўРћ)', '', '');
INSERT INTO holidays VALUES (154, '05.04.1797', 'РЈС‡СЂРµР¶РґРµРЅРёРµ РѕР± РёРјРїРµСЂР°С‚РѕСЂСЃРєРѕР№ С„Р°РјРёР»РёРё (РЈРєР°Р· Рѕ РїСЂРµСЃС‚РѕР»РѕРЅР°СЃР»РµРґРёРё)', '', '');
INSERT INTO holidays VALUES (155, '06.04.1899', 'РґРµРЅСЊ СЂРѕР¶РґРµРЅРёСЏ РјРѕСЃРєРѕРІСЃРєРѕРіРѕ С‚СЂР°РјРІР°СЏ', '', '');
INSERT INTO holidays VALUES (156, '07.04', 'Р‘Р»Р°РіРѕРІРµС‰РµРЅРёРµ РџСЂРµСЃРІСЏС‚РѕР№ Р‘РѕРіРѕСЂРѕРґРёС†С‹', '', '');
INSERT INTO holidays VALUES (157, '07.04', 'Р’СЃРµРјРёСЂРЅС‹Р№ РґРµРЅСЊ Р·РґРѕСЂРѕРІСЊСЏ', '', '');
INSERT INTO holidays VALUES (158, '07.04', 'РјРµР¶РґСѓРЅР°СЂРѕРґРЅС‹Р№ РґРµРЅСЊ РїР°РјСЏС‚Рё РµРІСЂРµРµРІ - Р¶РµСЂС‚РІ С„Р°С€РёР·РјР°', '', '');
INSERT INTO holidays VALUES (159, '07.04.1975', 'РџРѕСЃР»РµРґРЅРёР№ РєРѕРЅС†РµСЂС‚ ''Deep Purple'' РІ РџР°СЂРёР¶Рµ СЃ СѓС‡Р°СЃС‚РёРµРј Р РёС‡Рё Р‘Р»СЌРєРјРѕСЂР°.', '', '');
INSERT INTO holidays VALUES (160, '08.04', 'РґРµРЅСЊ РІРѕР№СЃРє РїСЂРѕС‚РёРІРѕРІРѕР·РґСѓС€РЅРѕР№ РѕР±РѕСЂРѕРЅС‹ СЃС‚СЂР°РЅС‹', '', '');
INSERT INTO holidays VALUES (161, '08.04', 'РјРµР¶РґСѓРЅР°СЂРѕРґРЅС‹Р№ РґРµРЅСЊ С†С‹РіР°РЅ', '', '');
INSERT INTO holidays VALUES (162, '10.04.1954', 'РџСЂРѕРІРµРґРµРЅ РїРµСЂРІС‹Р№ С‚РµР»РµСЂРµРїРѕСЂС‚Р°Р¶. РР· РљРѕРЅС†РµСЂС‚РЅРѕРіРѕ Р·Р°Р»Р° РёРјРµРЅРё Рџ. Р. Р§Р°Р№РєРѕРІСЃРєРѕРіРѕ С‚СЂР°РЅСЃР»РёСЂРѕРІР°Р»СЃСЏ РјР°С‚С‡ РЅР° РїРµСЂРІРµРЅСЃС‚РІРѕ РјРёСЂР° РїРѕ С€Р°С…РјР°С‚Р°Рј РјРµР¶РґСѓ Рњ. Р‘РѕС‚РІРёРЅРЅРёРєРѕРј Рё Р’. РЎРјС‹СЃР»РѕРІС‹Рј', '', '');
INSERT INTO holidays VALUES (163, '11.04', 'РґРµРЅСЊ Р±С‹РІС€РёС… Р·Р°РєР»СЋС‡С‘РЅРЅС‹С… РєРѕРЅС†Р»Р°РіРµСЂРµР№', '', '');
INSERT INTO holidays VALUES (164, '11.04', 'РјРµР¶РґСѓРЅР°СЂРѕРґРЅС‹Р№ РґРµРЅСЊ РѕСЃРІРѕР±РѕР¶РґРµРЅРёСЏ СѓР·РЅРёРєРѕРІ С„Р°С€РёСЃС‚СЃРєРёС… РєРѕРЅС†Р»Р°РіРµСЂРµР№', '', '');
INSERT INTO holidays VALUES (165, '11.04.1961', 'Р”РµР±СЋС‚ РЅРёРєРѕРјСѓ РЅРµ РёР·РІРµСЃС‚РЅРѕРіРѕ Р‘РѕР±Р° Р”РёР»Р°РЅР° РІ РќСЊСЋ-Р™РѕСЂРєРµ.', '', '');
INSERT INTO holidays VALUES (166, '11.04.1963', 'РџРµСЂРІС‹Р№ С…РёС‚ ''Beatles'' РїРµСЃРЅСЏ ''From Me To You''.', '', '');
INSERT INTO holidays VALUES (167, '12.04', 'РґРµРЅСЊ РєРѕСЃРјРѕРЅР°РІС‚РёРєРё', '', '');
INSERT INTO holidays VALUES (168, '12.04.1961', 'РЎРѕРІРµСЂС€РµРЅ РїРµСЂРІС‹Р№ РІ РёСЃС‚РѕСЂРёРё С‡РµР»РѕРІРµС‡РµСЃС‚РІР° РїРѕР»РµС‚ С‡РµР»РѕРІРµРєР° РІ РєРѕСЃРјРѕСЃ. РЎРµР№ РїРѕРґРІРёРі Р±С‹Р» СЃРѕРІРµСЂС€РµРЅ Р®.Рђ.Р“Р°РіР°СЂРёРЅС‹Рј (РіСЂР°Р¶РґР°РЅРёРЅРѕРј РЅР°С€РµР№ Р РѕРґРёРЅС‹).', '', '');
INSERT INTO holidays VALUES (169, '13.04', 'Р’СЃРµРјРёСЂРЅС‹Р№ РґРµРЅСЊ СЂРѕРє-РЅ-СЂРѕР»Р»Р°', '', '');
INSERT INTO holidays VALUES (170, '13.04.1967', 'Rolling Stones РґР°С‘С‚ РєРѕРЅС†РµСЂС‚ РІ Р’Р°СЂС€Р°РІРµ(СЃРѕС†.Р»Р°РіРµСЂСЊ).', '', '');
INSERT INTO holidays VALUES (171, '14.04.1912', 'РўРёС‚Р°РЅРёРє СЃС‚РѕР»РєРЅСѓР»СЃСЏ СЃ Р°Р№СЃР±РµСЂРіРѕРј Рё Р·Р°С‚РѕРЅСѓР»', '', '');
INSERT INTO holidays VALUES (172, '14.04.1980', 'Р’ РђРЅРіР»РёРё РІ РїСЂРѕРґР°Р¶Сѓ РІС‹С…РѕРґРёС‚ РїРµСЂРІР°СЏ РјСѓР·С‹РєР°Р»СЊРЅР°СЏ РІРёРґРµРѕРєР°СЃСЃРµС‚Р°(Р“Р°СЂРё РќСЊСЋРјР°РЅ).', '', '');
INSERT INTO holidays VALUES (173, '15.04.1993', 'РґРµРЅСЊ СЂРѕР¶РґРµРЅРёСЏ РєРѕРјРїР°РЅРёРё РќРљ Р®РљРћРЎ. РљРѕСЂРїРѕСЂР°С‚РёРІРЅС‹Р№ РїСЂР°Р·РґРЅРёРє', '', '');
INSERT INTO holidays VALUES (174, '18.04', 'РјРµР¶РґСѓРЅР°СЂРѕРґРЅС‹Р№ РґРµРЅСЊ РїР°РјСЏС‚РЅРёРєРѕРІ Рё РёСЃС‚РѕСЂРёС‡РµСЃРєРёС… РјРµСЃС‚', '', '');
INSERT INTO holidays VALUES (175, '18.04.1242', 'РґРµРЅСЊ РІРѕРёРЅСЃРєРѕР№ СЃР»Р°РІС‹ Р РѕСЃСЃРёРё. Р”РµРЅСЊ РїРѕР±РµРґС‹ СЂСѓСЃСЃРєРёС… РІРѕРёРЅРѕРІ РєРЅСЏР·СЏ РђР»РµРєСЃР°РЅРґСЂР° РќРµРІСЃРєРѕРіРѕ РЅР°Рґ РЅРµРјРµС†РєРёРјРё СЂС‹С†Р°СЂСЏРјРё РЅР° Р§СѓРґСЃРєРѕРј РѕР·РµСЂРµ (Р›РµРґРѕРІРѕРµ РїРѕР±РѕРёС‰Рµ)', '', '');
INSERT INTO holidays VALUES (176, '20.04', 'СЂРѕРґРёР»СЃСЏ РјР°Р»РµРЅСЊРєРёР№ Р“РёС‚Р»РµСЂ', '', '');
INSERT INTO holidays VALUES (177, '21.04', 'РґРµРЅСЊ РўРёС…РѕРѕРєРµР°РЅСЃРєРѕРіРѕ С„Р»РѕС‚Р° Р РѕСЃСЃРёРё', '', '');
INSERT INTO holidays VALUES (178, '21.04.1785', 'РёР·РґР°РЅР° ''Р“СЂР°РјРѕС‚Р° РЅР° РїСЂР°РІР°, РІРѕР»СЊРЅРѕСЃС‚Рё Рё РїСЂРµРёРјСѓС‰РµСЃС‚РІР° Р±Р»Р°РіРѕСЂРѕРґРЅРѕРіРѕ РґРІРѕСЂСЏРЅСЃС‚РІР°'' (Р–Р°Р»РѕРІР°РЅРЅР°СЏ РіСЂР°РјРѕС‚Р° РґРІРѕСЂСЏРЅСЃС‚РІСѓ)', '', '');
INSERT INTO holidays VALUES (179, '21.04.1963', 'Beatles РїРѕСЃРµС‰Р°СЋС‚ РєРѕРЅС†РµСЂС‚ '' Rolling Stones'' РІ Р РёС‡РјРѕРЅРґРµ.', '', '');
INSERT INTO holidays VALUES (180, '22.04', 'Р±С‹Р»Р° СЃРѕРІРµСЂС€РµРЅР° РїРµСЂРІР°СЏ РїРµСЂРµСЃР°РґРєР° РіР»Р°Р·Р° С‡РµР»РѕРІРµРєСѓ', '', '');
INSERT INTO holidays VALUES (181, '22.04', 'РњРµР¶РґСѓРЅР°СЂРѕРґРЅС‹Р№ РґРµРЅСЊ РѕРєСЂСѓР¶Р°СЋС‰РµР№ СЃСЂРµРґС‹', '', '');
INSERT INTO holidays VALUES (182, '22.04.1870', 'РґРµРЅСЊ СЂРѕР¶РґРµРЅРёСЏ Р’.Р. Р›РµРЅРёРЅР°, РІРѕР¶РґСЏ РјРёСЂРѕРІРѕРіРѕ РїСЂРѕР»РµС‚Р°СЂРёР°С‚Р°', '', '');
INSERT INTO holidays VALUES (183, '22.04.1970', 'РґРµРЅСЊ Р—РµРјР»Рё, РїСЂРѕРІРѕРґРёРјС‹Р№ РІ РєР°С‡РµСЃС‚РІРµ РјРµСЂРѕРїСЂРёСЏС‚РёСЏ СЃ 1970 РіРѕРґР° СЃ С†РµР»СЊСЋ РѕР±СЉРµРґРёРЅРµРЅРёСЏ Р»СЋРґРµР№ РїР»Р°РЅРµС‚С‹ РІ РґРµР»Рµ Р·Р°С‰РёС‚С‹ РѕРєСЂСѓР¶Р°СЋС‰РµР№ СЃСЂРµРґС‹.', '', '');
INSERT INTO holidays VALUES (184, '22.04.2003', 'РІ РќСЊСЋ-Р™РѕСЂРєРµ СЃРѕСЃС‚РѕСЏР»СЃСЏ С‚РѕСЂР¶РµСЃС‚РІРµРЅРЅС‹Р№ Р·Р°РїСѓСЃРє 64-СЂР°Р·СЂСЏРґРЅРѕРіРѕ РїСЂРѕС†РµСЃСЃРѕСЂР° AMD Opteron. РџРѕР»РЅР°СЏ СЃРѕРІРјРµСЃС‚РёРјРѕСЃС‚СЊ СЃ СЃСѓС‰РµСЃС‚РІСѓСЋС‰РёРјРё 32-СЂР°Р·СЂСЏРґРЅС‹РјРё РћРЎ Рё РїСЂРёРєР»Р°РґРЅС‹РјРё РїСЂРѕРіСЂР°РјРјР°РјРё.', '', '');
INSERT INTO holidays VALUES (185, '23.04', 'РІСЃРµРјРёСЂРЅС‹Р№ РґРµРЅСЊ РєРЅРёРіРё Рё Р·Р°С‰РёС‚С‹ Р°РІС‚РѕСЂСЃРєРёС… РїСЂР°РІ', '', '');
INSERT INTO holidays VALUES (186, '23.04', 'РґРµРЅСЊ РґРµС‚РµР№ РІ РўР РЎРљ (РўСѓСЂРµС†РєР°СЏ Р РµСЃРїСѓР±Р»РёРєР° РЎРµРІРµСЂРЅРѕРіРѕ РљРёРїСЂР°)', '', '');
INSERT INTO holidays VALUES (187, '23.04', 'РІСЃРµРјРёСЂРЅС‹Р№ РґРµРЅСЊ РєРЅРёРіРё Рё Р·Р°С‰РёС‚С‹ Р°РІС‚РѕСЂСЃРєРёС… РїСЂР°РІ', '', '');
INSERT INTO holidays VALUES (188, '23.04', 'РґРµРЅСЊ РІРµР»РѕСЃРёРїРµРґР°', '', '');
INSERT INTO holidays VALUES (189, '23.04', 'РґРµРЅСЊ РїРµСЂС†Р° РЅР° Р‘РµСЂРјСѓРґР°С…', '', '');
INSERT INTO holidays VALUES (190, '23.04.1965', 'Р—Р°РїСѓС‰РµРЅ РїРµСЂРІС‹Р№ СЃРѕРІРµС‚СЃРєРёР№ СЃРїСѓС‚РЅРёРє СЃРІСЏР·Рё ''РњРѕР»РЅРёСЏ-1''. РџРѕР»РѕР¶РµРЅРѕ РЅР°С‡Р°Р»Рѕ СЃРїСѓС‚РЅРёРєРѕРІРѕРіРѕ С‚РµР»РµРІРёРґРµРЅРёСЏ. РќР°С‡Р°Р»Р° Р±СѓСЂРЅРѕ СЂР°Р·РІРёРІР°С‚СЊСЃСЏ РєРѕСЃРјРёС‡РµСЃРєР°СЏ С‚РµР»РµРІРёР·РёРѕРЅРЅР°СЏ СЃРµС‚СЊ', '', '');
INSERT INTO holidays VALUES (191, '24.04', 'Р’СЃРµРјРёСЂРЅС‹Р№ РґРµРЅСЊ РїРѕСЂРѕРґРЅРµРЅРЅС‹С… РіРѕСЂРѕРґРѕРІ', '', '');
INSERT INTO holidays VALUES (192, '24.04', 'РјРµР¶РґСѓРЅР°СЂРѕРґРЅС‹Р№ РґРµРЅСЊ СЃРѕР»РёРґР°СЂРЅРѕСЃС‚Рё РјРѕР»РѕРґРµР¶Рё', '', '');
INSERT INTO holidays VALUES (193, '25.04', 'РІ Р•РіРёРїС‚Рµ РґРµРЅСЊ РѕСЃРІРѕР±РѕР¶РґРµРЅРёСЏ РЎРёРЅР°СЏ. РџСЂР°Р·РґРЅРёРє РѕС‚РјРµС‡Р°РµС‚СЃСЏ РІ С‡РµСЃС‚СЊ РІРѕСЃСЃС‚Р°РЅРѕРІР»РµРЅРёСЏ РµРіРёРїРµС‚СЃРєРѕРіРѕ РєРѕРЅС‚СЂРѕР»СЏ РЅР°Рґ РЎРёРЅР°Р№СЃРєРёРј РїРѕР»СѓРѕСЃС‚СЂРѕРІРѕРј.', '', '');
INSERT INTO holidays VALUES (194, '26.04', 'Р’СЃРµРјРёСЂРЅС‹Р№ РґРµРЅСЊ РёРЅС‚РµР»Р»РµРєС‚СѓР°Р»СЊРЅРѕР№ СЃРѕР±СЃС‚РІРµРЅРѕСЃС‚Рё', '', '');
INSERT INTO holidays VALUES (195, '26.04', 'РґРµРЅСЊ РїР°РјСЏС‚Рё РїРѕРіРёР±С€РёС… РІ СЂР°РґРёР°С†РёРѕРЅРЅС‹С… Р°РІР°СЂРёСЏС… Рё РєР°С‚Р°СЃС‚СЂРѕС„Р°С…', '', '');
INSERT INTO holidays VALUES (196, '26.04.1986', 'РїСЂРѕРёР·РѕС€Р»Р° РєР°С‚Р°СЃС‚СЂРѕС„Р° РЅР° 4 СЌРЅРµСЂРіРѕР±Р»РѕРєРµ Р§РµСЂРЅРѕР±С‹Р»СЊСЃРєРѕР№ РђР­РЎ.', '', '');
INSERT INTO holidays VALUES (197, '28.04', 'РґРµРЅСЊ РјР°С‚РµСЂРё Р РѕСЃСЃРёРё', '', '');
INSERT INTO holidays VALUES (198, '29.04', 'РІ РЇРїРѕРЅРёРё РґРµРЅСЊ Р·РµР»РµРЅС‹С… РЅР°СЃР°Р¶РґРµРЅРёР№', '', '');
INSERT INTO holidays VALUES (199, '29.04', 'РјРµР¶РґСѓРЅР°СЂРѕРґРЅС‹Р№ РґРµРЅСЊ С‚Р°РЅС†Р°', '', '');
INSERT INTO holidays VALUES (200, '30.04', 'СЃРµРіРѕРґРЅСЏС€РЅСЏСЏ РЅРѕС‡СЊ - Р’Р°Р»СЊРїСѓСЂРіРёРµРІР° РЅРѕС‡СЊ! РќРѕС‡СЊ РґРµРјРѕРЅРѕРІ, РІРµРґСЊ, РґСѓС…РѕРІ Рё РїСЂРѕС‡РµР№ РЅРµС‡РёСЃС‚Рё', '', '');
INSERT INTO holidays VALUES (201, '30.04', 'РґРµРЅСЊ РїРѕР¶Р°СЂРЅРѕР№ РѕС…СЂР°РЅС‹', '', '');
INSERT INTO holidays VALUES (202, '30.04.1977', 'СЂРµРєРѕСЂРґРЅРѕРµ РєРѕР»-РІРѕ Р·СЂРёС‚РµР»РµР№ РЅР° РєРѕРЅС†РµСЂС‚Рµ ''Led Zeppelin'' Р°РјРµСЂРёРєР°РЅСЃРєРёР№ СЃС‚Р°РґРёРѕРЅ ''Silver Dome'' 76229 С‡РµР»РѕРІРµРєР°.', '', '');
INSERT INTO holidays VALUES (203, '30.04.1993', 'СЏР·С‹Рє HTML Рё РїСЂРѕС‚РѕРєРѕР» HTTP, СЃРѕР·РґР°РЅРЅС‹Р№ РўРёРјРѕРј Р‘РµСЂР»РµСЃ-Р›Рё (Tim Berners-Lee) РґР»СЏ РЅСѓР¶Рґ СЏРґРµСЂРЅС‹С… С„РёР·РёРєРѕРІ', '', '');
INSERT INTO holidays VALUES (204, '01.05', 'РїРµСЂРІРѕРјР°Р№ РІ Р РµСЃРїСѓР±Р»РёРєРµ РљРёРїСЂ, Р”РµРЅСЊ РјРѕР»РѕРґРµР¶Рё Рё СЃРїРѕСЂС‚Р° РІ РўР РЎРљ (РўСѓСЂРµС†РєР°СЏ Р РµСЃРїСѓР±Р»РёРєР° РЎРµРІРµСЂРЅРѕРіРѕ РљРёРїСЂР°)', '', '');
INSERT INTO holidays VALUES (205, '01.05', 'РїСЂР°Р·РґРЅРёРє Р’РµСЃРЅС‹ Рё РўСЂСѓРґР°', '', '');
INSERT INTO holidays VALUES (206, '01.05', 'РІ РђРЅРґРѕСЂСЂРµ РґРµРЅСЊ С‚СЂСѓРґР°. Р’ РђРЅРґРѕСЂСЂРµ СЌС‚Рѕ СЃРєРѕСЂРµРµ РґР°РЅСЊ СѓРІР°Р¶РµРЅРёСЏ Р¤СЂР°РЅС†РёРё Рё РСЃРїР°РЅРёРё: СЂР°Р±РѕС‡РµРіРѕ РґРІРёР¶РµРЅРёСЏ РІ СЃС‚СЂР°РЅРµ РЅРµ СЃСѓС‰РµСЃС‚РІСѓРµС‚.', '', '');
INSERT INTO holidays VALUES (207, '01.05', 'РІ РСЃРїР°РЅРёРё РґРµРЅСЊ СЃРІСЏС‚РѕРіРѕ РРѕСЃРёС„Р°. Р РµР»РёРіРёРѕР·РЅРѕРµ РЅР°Р·РІР°РЅРёРµ РЅРµ РґРѕР»Р¶РЅРѕ РІРІРѕРґРёС‚СЊ РІ Р·Р°Р±Р»СѓР¶РґРµРЅРёРµ. Р’ РґРµР№СЃС‚РІРёС‚РµР»СЊРЅРѕСЃС‚Рё СЌС‚Рѕ РњРµР¶РґСѓРЅР°СЂРѕРґРЅС‹Р№ РґРµРЅСЊ СЃРѕР»РёРґР°СЂРЅРѕСЃС‚Рё С‚СЂСѓРґСЏС‰РёС…СЃСЏ, Р»СЋР±РёРјРѕРµ РІСЂРµРјСЏ РґРµРјРѕРЅСЃС‚СЂР°С†РёР№ Рё РїСЂРѕС„СЃРѕСЋР·РЅС‹С… С€РµСЃС‚РІРёР№', '', '');
INSERT INTO holidays VALUES (208, '01.05.1964', 'Р·Р°РїСѓС‰РµРЅР° РїРµСЂРІР°СЏ РїСЂРѕРіСЂР°РјРјР° РЅР° СЏР·С‹РєРµ BASIK', '', '');
INSERT INTO holidays VALUES (209, '01.05.1969', 'РґРµРЅСЊ СЂРѕР¶РґРµРЅРёРµ С„РёСЂРјС‹ AMD, РѕРґРЅРѕР№ РёР· РІРµРґСѓС‰РёС… С„РёСЂРј РїСЂРѕРёР·РІРѕРґРёС‚РµР»РµР№ РїСЂРѕС†РµСЃСЃРѕСЂРѕРІ Рё РјРёРєСЂРѕСЃС…РµРј.', '', '');
INSERT INTO holidays VALUES (210, '01.05.1991', 'РґРµРЅСЊ ''РњР°Р№СЃРєРёР№ РґРµРЅСЊ'' (''MayDay''). РњРѕР»РѕРґРµР¶РЅС‹Р№ РїСЂР°Р·РґРЅРёРє. РџСЂРёРґСѓРјР°Р» РІ 1991 РЅРµРјРµС†РєРёР№ РґРё-РґР¶РµР№ РњР°РєСЃРёРјРёР»Р°Р°РЅ Р›РµРЅС† (DB Westbam).', '', '');
INSERT INTO holidays VALUES (211, '02.05', 'РїСЂР°Р·РґРЅРёРє Р’РµСЃРЅС‹ Рё РўСЂСѓРґР°', '', '');
INSERT INTO holidays VALUES (212, '02.05', 'РІ РСЃРїР°РЅРёРё РґРµРЅСЊ Р°РІС‚РѕРЅРѕРјРёРё (С‚РѕР»СЊРєРѕ РІ СЃС‚РѕР»РёС†Рµ Рё РІ РїСЂРѕРІРёРЅС†РёРё РњР°РґСЂРёРґ).', '', '');
INSERT INTO holidays VALUES (213, '02.05.1945', 'РґРµРЅСЊ РІР·СЏС‚РёСЏ Р‘РµСЂР»РёРЅР° СЃРѕРІРµС‚СЃРєРёРјРё РІРѕР№СЃРєР°РјРё', '', '');
INSERT INTO holidays VALUES (214, '03.05', 'РІСЃРµРјРёСЂРЅС‹Р№ РґРµРЅСЊ СЃРІРѕР±РѕРґС‹ РїРµС‡Р°С‚Рё', '', '');
INSERT INTO holidays VALUES (215, '03.05', 'РІ РЇРїРѕРЅРёРё РґРµРЅСЊ РєРѕРЅСЃС‚РёС‚СѓС†РёРё. РЎС‡РёС‚Р°РµС‚СЃСЏ РѕРґРЅРёРј РёР· СЃР°РјС‹С… РіР»Р°РІРЅС‹С… СЏРїРѕРЅСЃРєРёС… РїСЂР°Р·РґРЅРёРєРѕРІ. РћС‚РјРµС‡Р°РµС‚СЃСЏ РІ РіРѕРґРѕРІС‰РёРЅСѓ РїСЂРёРЅСЏС‚РёСЏ РїРѕСЃР»РµРІРѕРµРЅРЅРѕР№ РєРѕРЅСЃС‚РёС‚СѓС†РёРё РЇРїРѕРЅРёРё.', '', '');
INSERT INTO holidays VALUES (216, '04.05', 'РІ РЇРїРѕРЅРёРё РїСЂР°Р·РґРЅРёРє РЅР°С†РёРё.', '', '');
INSERT INTO holidays VALUES (217, '05.05', 'РІ РЇРїРѕРЅРёРё РґРµРЅСЊ РґРµС‚РµР№.', '', '');
INSERT INTO holidays VALUES (218, '05.05', 'РґРµРЅСЊ Р•РІСЂРѕРїС‹', '', '');
INSERT INTO holidays VALUES (219, '05.05', 'РјРµР¶РґСѓРЅР°СЂРѕРґРЅС‹Р№ РґРµРЅСЊ Р±РѕСЂСЊР±С‹ Р·Р° РїСЂР°РІР° РёРЅРІР°Р»РёРґРѕРІ', '', '');
INSERT INTO holidays VALUES (220, '05.05.1891', 'РѕС‚РєСЂС‹С‚РёРµ РљР°СЂРЅРµРіРё-С…РѕР»Р» РІ РќСЊСЋ-Р™РѕСЂРєРµ.', '', '');
INSERT INTO holidays VALUES (221, '06.05', 'РџСѓС€РєРёРЅСЃРєРёР№ РґРµРЅСЊ Р РѕСЃСЃРёРё', '', '');
INSERT INTO holidays VALUES (222, '06.05', 'РІ Р‘РѕР»РіР°СЂРёРё РґРµРЅСЊ СЃРІСЏС‚РѕРіРѕ Р“РµРѕСЂРіРёСЏ. РћС„РёС†РёР°Р»СЊРЅС‹Р№ РїСЂР°Р·РґРЅРёРє РІРѕРѕСЂСѓР¶РµРЅРЅС‹С… СЃРёР» Р‘РѕР»РіР°СЂРёРё, РѕС‚РјРµС‡Р°РµС‚СЃСЏ РІРѕРµРЅРЅС‹Рј РїР°СЂР°РґРѕРј РЅР° РіР»Р°РІРЅРѕР№ РїР»РѕС‰Р°РґРё РЎРѕС„РёРё.', '', '');
INSERT INTO holidays VALUES (223, '06.05', 'РґРµРЅСЊ РЎРІСЏС‚РѕРіРѕ Р“РµРѕСЂРіРёСЏ РџРѕР±РµРґРѕРЅРѕСЃС†Р°', '', '');
INSERT INTO holidays VALUES (224, '07.05', 'РґРµРЅСЊ СЂР°РґРёРѕ, РїСЂР°Р·РґРЅРёРє СЂР°Р±РѕС‚РЅРёРєРѕРІ РІСЃРµС… РѕС‚СЂР°СЃР»РµР№ СЃРІСЏР·Рё', '', '');
INSERT INTO holidays VALUES (225, '07.05.1971', 'Black Sabbath - Р°Р»СЊР±РѕРј ''Paranoid'' РїРѕР»СѓС‡Р°РµС‚ ''Р·РѕР»РѕС‚Рѕ''.', '', '');
INSERT INTO holidays VALUES (226, '08.05', 'РІСЃРµРјРёСЂРЅС‹Р№ РґРµРЅСЊ РљСЂР°СЃРЅРѕРіРѕ РљСЂРµСЃС‚Р° Рё РљСЂР°СЃРЅРѕРіРѕ РџРѕР»СѓРјРµСЃСЏС†Р°', '', '');
INSERT INTO holidays VALUES (227, '08.05', 'РІ Р§РµС…РёРё Р”РµРЅСЊ РѕСЃРІРѕР±РѕР¶РґРµРЅРёСЏ.', '', '');
INSERT INTO holidays VALUES (228, '08.05.1945', 'Р“РµСЂРјР°РЅРёСЏ РїРѕРґРїРёСЃР°Р»Р° Р°РєС‚ Рѕ РєР°РїРёС‚СѓР»СЏС†РёРё РІРѕ Р’С‚РѕСЂРѕР№ РњРёСЂРѕРІРѕР№ Р’РѕР№РЅРµ', '', '');
INSERT INTO holidays VALUES (229, '08.05.1970', 'Р’С‹С…РѕРґРёС‚ РІ СЃРІРµС‚ РґРёСЃРє ''Let It Be''.', '', '');
INSERT INTO holidays VALUES (230, '09.05', 'РґРµРЅСЊ РІРѕРёРЅСЃРєРѕР№ СЃР»Р°РІС‹ Р РѕСЃСЃРёРё. РґРµРЅСЊ РџРѕР±РµРґС‹ СЃРѕРІРµС‚СЃРєРѕРіРѕ РЅР°СЂРѕРґР° РІ Р’РµР»РёРєРѕР№ РћС‚РµС‡РµСЃС‚РІРµРЅРЅРѕР№ РІРѕР№РЅРµ 1941-1945 РіРѕРґРѕРІ', '', '');
INSERT INTO holidays VALUES (231, '10.05', 'РјРµР¶РґСѓРЅР°СЂРѕРґРЅС‹Р№ РґРµРЅСЊ РїС‚РёС†', '', '');
INSERT INTO holidays VALUES (232, '12.05', 'РІСЃРµРјРёСЂРЅС‹Р№ РґРµРЅСЊ РјРµРґРёС†РёРЅСЃРєРёС… СЃРµСЃС‚РµСЂ', '', '');
INSERT INTO holidays VALUES (233, '15.05', 'РњРµР¶РґСѓРЅР°СЂРѕРґРЅС‹Р№ РґРµРЅСЊ СЃРµРјСЊРё', '', '');
INSERT INTO holidays VALUES (234, '15.05', 'РІ РСЃРїР°РЅРёРё РґРµРЅСЊ СЃРІСЏС‚РѕРіРѕ РСЃРёРґРѕСЂР° (С‚РѕР»СЊРєРѕ РІ РњР°РґСЂРёРґРµ).', '', '');
INSERT INTO holidays VALUES (235, '15.05', 'РјРµР¶РґСѓРЅР°СЂРѕРґРЅС‹Р№ РґРµРЅСЊ СЃРµРјСЊРё', '', '');
INSERT INTO holidays VALUES (236, '15.05.1935', 'РћСЃРЅРѕРІР°РЅРёРµ РњРѕСЃРєРѕРІСЃРєРѕРіРѕ РјРµС‚СЂРѕРїРѕР»РёС‚РµРЅР°', '', '');
INSERT INTO holidays VALUES (237, '16.05', 'РІСЃРµРјРёСЂРЅС‹Р№ РґРµРЅСЊ РїР°РјСЏС‚Рё Р¶РµСЂС‚РІ РЎРџРР”Р°', '', '');
INSERT INTO holidays VALUES (238, '17.05', 'РјРµР¶РґСѓРЅР°СЂРѕРґРЅС‹Р№ РґРµРЅСЊ СЌР»РµРєС‚СЂРѕСЃРІСЏР·Рё Рё С‚РµР»РµРєРѕРјРјСѓРЅРёРєР°С†РёР№', '', '');
INSERT INTO holidays VALUES (239, '17.05.1961', 'Р”РµРЅСЊ СЂРѕР¶РґРµРЅРёСЏ РєР°РЅР°РґСЃРєРѕР№ РїРµРІРёС†С‹ Enya.', '', '');
INSERT INTO holidays VALUES (240, '18.05', 'РњРµР¶РґСѓРЅР°СЂРѕРґРЅС‹Р№ РґРµРЅСЊ РјСѓР·РµРµРІ', '', '');
INSERT INTO holidays VALUES (241, '18.05.1962', 'Р РѕРґРёР»Р°СЃСЊ РЎР°РЅРґСЂР°.', '', '');
INSERT INTO holidays VALUES (242, '19.05', 'РґРµРЅСЊ РїРёРѕРЅРµСЂРёРё', '', '');
INSERT INTO holidays VALUES (243, '19.05.1922', 'РґРµРЅСЊ СЂРѕР¶РґРµРЅРёСЏ РїРёРѕРЅРµСЂСЃРєРѕР№ РѕСЂРіР°РЅРёР·Р°С†РёРё', '', '');
INSERT INTO holidays VALUES (244, '21.05', 'РґРµРЅСЊ Р±РѕСЂСЊР±С‹ РїСЂРѕС‚РёРІ С‚РµСЂСЂРѕСЂРёР·РјР° РІ РРЅРґРёРё', '', '');
INSERT INTO holidays VALUES (245, '21.05', 'РґРµРЅСЊ Р·Р°С‰РёС‚С‹ РѕС‚ Р±РµР·СЂР°Р±РѕС‚РёС†С‹', '', '');
INSERT INTO holidays VALUES (246, '21.05', 'РґРµРЅСЊ РїР°РјСЏС‚Рё СѓРјРµСЂС€РёС… РѕС‚ РЎРџРР”Р°', '', '');
INSERT INTO holidays VALUES (247, '21.05.1992', 'РґРµРЅСЊ Р·Р°С‰РёС‚С‹ РѕС‚ Р±РµР·СЂР°Р±РѕС‚РёС†С‹ РІ Р РѕСЃСЃРёРё', '', '');
INSERT INTO holidays VALUES (248, '22.05', 'РґРµРЅСЊ СЂРѕР¶РґРµРЅРёСЏ С‚РµС…РЅРѕР»РѕРіРёРё ''Ethernet''', '', '');
INSERT INTO holidays VALUES (249, '24.05', 'РІ Р‘РѕР»РіР°СЂРёРё РґРµРЅСЊ СЃРІСЏС‚С‹С… РљРёСЂРёР»Р»Р° Рё РњРµС„РѕРґРёСЏ.', '', '');
INSERT INTO holidays VALUES (250, '24.05', 'РґРµРЅСЊ СЃР»Р°РІСЏРЅСЃРєРѕР№ РїРёСЃСЊРјРµРЅРЅРѕСЃС‚Рё Рё РєСѓР»СЊС‚СѓСЂС‹', '', '');
INSERT INTO holidays VALUES (251, '24.05.1819', 'РґРµРЅСЊ РєРѕСЂРѕР»РµРІС‹ Р’РёРєС‚РѕСЂРёРё. Р”РµРЅСЊ СЂРѕР¶РґРµРЅРёСЏ РєРѕСЂРѕР»РµРІС‹ Р’РёРєС‚РѕСЂРёРё (24 РјР°СЏ 1819 РіРѕРґР°) РєРѕРіРґР°-С‚Рѕ Р±С‹Р» РіР»Р°РІРЅС‹Рј РїСЂР°Р·РґРЅРёРєРѕРј РІСЃРµР№ Р‘СЂРёС‚Р°РЅСЃРєРѕР№ РёРјРїРµСЂРёРё. РўРµРїРµСЂСЊ РµРіРѕ Р·Р°Р±С‹Р»Рё РґР°Р¶Рµ РІ Р’РµР»РёРєРѕР±СЂРёС‚Р°РЅРёРё. РћС‚РјРµС‡Р°РµС‚СЃСЏ РѕРЅ С‚РѕР»СЊРєРѕ РІ РљР°РЅР°', '', '');
INSERT INTO holidays VALUES (252, '25.05', 'РґРµРЅСЊ РѕСЃРІРѕР±РѕР¶РґРµРЅРёСЏ РђС„СЂРёРєРё', '', '');
INSERT INTO holidays VALUES (253, '25.05', 'РґРµРЅСЊ С…РёРјРёРєР°', '', '');
INSERT INTO holidays VALUES (254, '26.05.1956', 'Р’С‹С…РѕРґРёС‚ РІ СЃРІРµС‚ С…РёС‚ Р§Р°РєР° Р‘СЌСЂРё '' Roll Over Bethoven''.', '', '');
INSERT INTO holidays VALUES (255, '27.05', 'РћР±С‰РµСЂРѕСЃСЃРёР№СЃРєРёР№ РґРµРЅСЊ Р±РёР±Р»РёРѕС‚РµРє', '', '');
INSERT INTO holidays VALUES (256, '27.05', 'РґРµРЅСЊ РіРѕСЂРѕРґР° РЎР°РЅРєС‚-РџРµС‚РµСЂР±СѓСЂРіР°', '', '');
INSERT INTO holidays VALUES (257, '28.05', 'РґРµРЅСЊ РїРѕРіСЂР°РЅРёС‡РЅРёРєР°', '', '');
INSERT INTO holidays VALUES (258, '31.05', 'РґРµРЅСЊ РѕС‚РєР°Р·Р° РѕС‚ С‚Р°Р±Р°РєРѕРєСѓСЂРµРЅРёСЏ. РџСЂРѕРІРѕРґРёС‚СЃСЏ РїРѕ РёРЅРёС†РёР°С‚РёРІРµ Р’СЃРµРјРёСЂРЅРѕР№ РѕСЂРіР°РЅРёР·Р°С†РёРё Р·РґСЂР°РІРѕРѕС…СЂР°РЅРµРЅРёСЏ (Р’РћР—)', '', '');
INSERT INTO holidays VALUES (259, '01.06', 'РґРµРЅСЊ РјРµР»РёРѕСЂР°С‚РѕСЂР°', '', '');
INSERT INTO holidays VALUES (260, '01.06', 'РјРµР¶РґСѓРЅР°СЂРѕРґРЅС‹Р№ РґРµРЅСЊ Р·Р°С‰РёС‚С‹ РґРµС‚РµР№', '', '');
INSERT INTO holidays VALUES (261, '01.06.1950', 'Р’ РђРЅРіР»РёРё РІС‹С…РѕРґРёС‚ РїРµСЂРІР°СЏ РїР»Р°СЃС‚РёРЅРєР° РЅР° 33 РѕР±РѕСЂРѕС‚Р°.', '', '');
INSERT INTO holidays VALUES (262, '03.06.1976', 'РҐРёС‚ ''Bohemian Rapsody'' СЃС‚Р°РЅРѕРІРёС‚СЃСЏ ''Р·РѕР»РѕС‚С‹Рј''.', '', '');
INSERT INTO holidays VALUES (263, '04.06', 'РјРµР¶РґСѓРЅР°СЂРѕРґРЅС‹Р№ РґРµРЅСЊ РґРµС‚РµР№ - Р¶РµСЂС‚РІ Р°РіСЂРµСЃСЃРёРё', '', '');
INSERT INTO holidays VALUES (264, '05.06', 'РІСЃРµРјРёСЂРЅС‹Р№ РґРµРЅСЊ РѕС…СЂР°РЅС‹ РѕРєСЂСѓР¶Р°СЋС‰РµР№ СЃСЂРµРґС‹', '', '');
INSERT INTO holidays VALUES (265, '06.06', 'РџСѓС€РєРёРЅСЃРєРёР№ РґРµРЅСЊ Р РѕСЃСЃРёРё', '', '');
INSERT INTO holidays VALUES (266, '06.06.1962', 'Р”Р¶РѕСЂР¶ РњР°СЂС‚РёРЅ РІРїРµСЂРІС‹Рµ РїСЂРѕСЃР»СѓС€РёРІР°РµС‚''Beatles''.', '', '');
INSERT INTO holidays VALUES (267, '08.06', 'РґРµРЅСЊ СЂР°Р±РѕС‚РЅРёРєРѕРІ С‚РµРєСЃС‚РёР»СЊРЅРѕР№ Рё Р»РµРіРєРѕР№ РїСЂРѕРјС‹С€Р»РµРЅРЅРѕСЃС‚Рё', '', '');
INSERT INTO holidays VALUES (268, '08.06', 'РґРµРЅСЊ СЃРѕС†РёР°Р»СЊРЅРѕРіРѕ СЂР°Р±РѕС‚РЅРёРєР°', '', '');
INSERT INTO holidays VALUES (269, '09.06.1978', 'Р“РѕРґРѕРІС‰РёРЅР° РїРѕСЏРІР»РµРЅРёСЏ РїРµСЂРІРѕРіРѕ РјРёРєСЂРѕРїСЂРѕС†РµСЃСЃРѕСЂР° Intel СЃРµРјРµР№СЃС‚РІР° x86. 16-СЂР°Р·СЂСЏРґРЅС‹Р№ РїСЂР°РґРµРґСѓС€РєР° i8086 СЃРѕРґРµСЂР¶Р°Р» 29 С‚С‹СЃСЏС‡ С‚СЂР°РЅР·РёСЃС‚РѕСЂРѕРІ Рё СЂР°Р±РѕС‚Р°Р» РЅР° С‡Р°СЃС‚РѕС‚Рµ.06.РњР“С†', '', '');
INSERT INTO holidays VALUES (270, '12.06.1965', 'РќР°РіСЂР°Р¶РґРµРЅРёРµ ''Beatles'' РѕСЂРґРµРЅРѕРј Р‘СЂРёС‚Р°РЅСЃРєРѕР№ РРјРїРµСЂРёРё.', '', '');
INSERT INTO holidays VALUES (271, '12.06.1991', 'Р‘РѕСЂРёСЃ Р•Р»СЊС†РёРЅ СЃС‚Р°Р» РїРµСЂРІС‹Рј РїСЂРµР·РёРґРµРЅС‚РѕРј Р РѕСЃСЃРёР№СЃРєРѕР№ Р¤РµРґРµСЂР°С†РёРё', '', '');
INSERT INTO holidays VALUES (272, '12.06.1991', 'РґРµРЅСЊ РїСЂРёРЅСЏС‚РёСЏ Р”РµРєР»Р°СЂР°С†РёРё Рѕ РіРѕСЃСѓРґР°СЂСЃС‚РІРµРЅРЅРѕРј СЃСѓРІРµСЂРµРЅРёС‚РµС‚Рµ Р РѕСЃСЃРёР№СЃРєРѕР№ Р¤РµРґРµСЂР°С†РёРё', '', '');
INSERT INTO holidays VALUES (273, '14.06.1965', 'Р”РµРЅСЊ СЂРѕР¶РґРµРЅРёСЏ РїРµСЃРЅРё ''Yesterday''.', '', '');
INSERT INTO holidays VALUES (274, '15.06', 'РґРµРЅСЊ РјРµРґРёС†РёРЅСЃРєРѕРіРѕ СЂР°Р±РѕС‚РЅРёРєР°', '', '');
INSERT INTO holidays VALUES (275, '16.06', 'РґРµРЅСЊ Р°С„СЂРёРєР°РЅСЃРєРѕРіРѕ СЂРµР±РµРЅРєР°', '', '');
INSERT INTO holidays VALUES (276, '16.06', 'РјРµР¶РґСѓРЅР°СЂРѕРґРЅС‹Р№ РґРµРЅСЊ СЃРѕР»РёРґР°СЂРЅРѕСЃС‚Рё СЃ Р±РѕСЂСЋС‰РёРјРёСЃСЏ РЅР°СЂРѕРґР°РјРё Р®Р¶РЅРѕР№ РђС„СЂРёРєРё', '', '');
INSERT INTO holidays VALUES (277, '16.06.1671', 'РљР°Р·РЅРµРЅ РЎС‚РµРїР°РЅ Р Р°Р·РёРЅ', '', '');
INSERT INTO holidays VALUES (278, '16.06.1992', 'РћС„РёС†РёР°Р»СЊРЅРѕРµ РІСЃС‚СѓРїР»РµРЅРёРµ Р РѕСЃСЃРёРё РІРѕ Р’СЃРµРјРёСЂРЅС‹Р№ Р±Р°РЅРє', '', '');
INSERT INTO holidays VALUES (279, '17.06', 'РІСЃРµРјРёСЂРЅС‹Р№ РґРµРЅСЊ Р±РѕСЂСЊР±С‹ СЃ РѕРїСѓСЃС‚С‹РЅРёРІР°РЅРёРµРј Рё Р·Р°СЃСѓС…РѕР№', '', '');
INSERT INTO holidays VALUES (280, '18.06.1956', 'РІ Р•РіРёРїС‚Рµ РґРµРЅСЊ СЌРІР°РєСѓР°С†РёРё. РћС‚РјРµС‡Р°РµС‚СЃСЏ РІ РіРѕРґРѕРІС‰РёРЅСѓ СѓС…РѕРґР° Р±СЂРёС‚Р°РЅСЃРєРёС… РІРѕР№СЃРє РёР· Р•РіРёРїС‚Р° РІ 1956 РіРѕРґСѓ.', '', '');
INSERT INTO holidays VALUES (281, '21.06', 'РґРµРЅСЊ Р›РµС‚РЅРµРіРѕ РЎРѕР»РЅС†РµСЃС‚РѕСЏРЅРёСЏ', '', '');
INSERT INTO holidays VALUES (282, '21.06.1948', 'РљРѕР»СѓРјР±РёСЏ РІС‹РїСѓСЃРєР°РµС‚ (LP) РїРµСЂРІСѓСЋ РґРѕР»РіРѕРёРіСЂР°СЋС‰СѓСЋ РїР»Р°СЃС‚РёРЅРєСѓ.', '', '');
INSERT INTO holidays VALUES (283, '21.06.1997', 'Р”РµРЅСЊ СЂРѕР¶РґРµРЅРёСЏ РєРёР±РµСЂСЃРїРѕСЂС‚Р°: Р”РµРЅРЅРёСЃ Р¤РѕРЅРі (РЅРёРє LGD-Thresh) РІС‹РёРіСЂР°Р» С‚СѓСЂРЅРёСЂ Red Annihilation Рё РїРѕР»СѓС‡РёР» Ferrari 328 GTS, РїСЂРёРЅР°РґР»РµР¶Р°РІС€РёР№ Р”Р¶РѕРЅСѓ РљР°СЂРјР°РєСѓ Рё РІС‹СЃС‚Р°РІР»РµРЅРЅС‹Р№ РІ РєР°С‡РµСЃС‚РІРµ РіР»Р°РІРЅРѕРіРѕ РїСЂРёР·Р°.', '', '');
INSERT INTO holidays VALUES (284, '22.06', 'РґРµРЅСЊ РїР°РјСЏС‚Рё Рё СЃРєРѕСЂР±Рё', '', '');
INSERT INTO holidays VALUES (285, '22.06.1941', 'РќР°С‡Р°Р»Рѕ Р’РµР»РёРєРѕР№ РћС‚РµС‡РµСЃС‚РІРµРЅРЅРѕР№ РІРѕР№РЅС‹', '', '');
INSERT INTO holidays VALUES (286, '23.06', 'РјРµР¶РґСѓРЅР°СЂРѕРґРЅС‹Р№ РћР»РёРјРїРёР№СЃРєРёР№ РґРµРЅСЊ', '', '');
INSERT INTO holidays VALUES (287, '24.06', 'РІ РђРЅРґРѕСЂСЂРµ РґРµРЅСЊ СЃРІСЏС‚РѕРіРѕ РРѕР°РЅРЅР°, РїРѕРєСЂРѕРІРёС‚РµР»СЏ РђРЅРґРѕСЂСЂС‹.', '', '');
INSERT INTO holidays VALUES (288, '24.06', 'РІ РСЃРїР°РЅРёРё РёРјРµРЅРёРЅС‹ РєРѕСЂРѕР»СЏ РҐСѓР°РЅР° РљР°СЂР»РѕСЃР° I.', '', '');
INSERT INTO holidays VALUES (289, '24.06', 'РґРµРЅСЊ РёР·РѕР±СЂРµС‚Р°С‚РµР»СЏ Рё СЂР°С†РёРѕРЅР°Р»РёР·Р°С‚РѕСЂР°', '', '');
INSERT INTO holidays VALUES (290, '24.06.1945', 'РСЃС‚РѕСЂРёС‡РµСЃРєРёР№ РїР°СЂР°Рґ РџРѕР±РµРґС‹ РЅР° РљСЂР°СЃРЅРѕР№ РїР»РѕС‰Р°РґРё', '', '');
INSERT INTO holidays VALUES (291, '25.06', 'РґРµРЅСЊ РґСЂСѓР¶Р±С‹, РµРґРёРЅРµРЅРёСЏ СЃР»Р°РІСЏРЅ', '', '');
INSERT INTO holidays VALUES (292, '25.06.1975', 'РћС„РёС†РёР°Р»СЊРЅРѕРµ Р·Р°СЏРІР»РµРЅРёРµ Р РёС‡Рё Р‘Р»РµРєРјРѕСЂР° Рѕ СЂР°Р·СЂС‹РІРµ СЃ ''Deep purple''.', '', '');
INSERT INTO holidays VALUES (293, '26.06', 'РґРµРЅСЊ СЃРІРѕР±РѕРґС‹ Р®Р¶РЅРѕР№ РђС„СЂРёРєРё', '', '');
INSERT INTO holidays VALUES (294, '26.06', 'РјРµР¶РґСѓРЅР°СЂРѕРґРЅС‹Р№ РґРµРЅСЊ Р±РѕСЂСЊР±С‹ СЃ РЅР°СЂРєРѕРјР°РЅРёРµР№ Рё РЅРµР·Р°РєРѕРЅРЅС‹Рј РѕР±РѕСЂРѕС‚РѕРј РЅР°СЂРєРѕС‚РёРєРѕРІ', '', '');
INSERT INTO holidays VALUES (295, '27.06', 'РґРµРЅСЊ РјРѕР»РѕРґРµР¶Рё', '', '');
INSERT INTO holidays VALUES (296, '28.06.1497', 'РґРµРЅСЊ РёР·РѕР±СЂРµС‚РµРЅРёСЏ РєРёС‚Р°Р№С†Р°РјРё Р·СѓР±РЅРѕР№ С‰РµС‚РєРё', '', '');
INSERT INTO holidays VALUES (297, '28.06.1977', 'РђСЂРµСЃС‚ ''Sex Pistols'' Р·Р° РґСЂР°РєСѓ РЅР° Р±РѕСЂС‚Сѓ ''РљРѕСЂРѕР»РµРІР° Р­Р»РёР·Р°Р±РµС‚''.', '', '');
INSERT INTO holidays VALUES (298, '29.06.1973', 'РЇРЅ Р“РёР»Р°РЅ РѕСЃС‚Р°РІР»СЏРµС‚''Deep Purple''.', '', '');
INSERT INTO holidays VALUES (299, '01.07', 'РІСЃРµРјРёСЂРЅС‹Р№ РґРµРЅСЊ Р°СЂС…РёС‚РµРєС‚СѓСЂС‹', '', '');
INSERT INTO holidays VALUES (300, '01.07', 'РґРµРЅСЊ СЂР°Р±РѕС‚РЅРёРєРѕРІ РјРѕСЂСЃРєРѕРіРѕ Рё СЂРµС‡РЅРѕРіРѕ С„Р»РѕС‚Р°', '', '');
INSERT INTO holidays VALUES (301, '01.07', 'РјРµР¶РґСѓРЅР°СЂРѕРґРЅС‹Р№ РґРµРЅСЊ РєРѕРѕРїРµСЂР°С†РёРё', '', '');
INSERT INTO holidays VALUES (302, '01.07.1867', 'РґРµРЅСЊ РљР°РЅР°РґС‹. Р“Р»Р°РІРЅС‹Р№ РіРѕСЃСѓРґР°СЂСЃС‚РІРµРЅРЅС‹Р№ РїСЂР°Р·РґРЅРёРє, СѓСЃС‚Р°РЅРѕРІР»РµРЅРЅС‹Р№ РІ С‡РµСЃС‚СЊ РѕР±СЉРµРґРёРЅРµРЅРёСЏ РІСЃРµС… СЃРµРІРµСЂРѕР°РјРµСЂРёРєР°РЅСЃРєРёС… РєРѕР»РѕРЅРёР№ Р‘СЂРёС‚Р°РЅРёРё РІ РµРґРёРЅС‹Р№ РґРѕРјРёРЅРёРѕРЅ РљР°РЅР°РґР° РІ 1867 РіРѕРґСѓ.', '', '');
INSERT INTO holidays VALUES (303, '02.07', 'РјРµР¶РґСѓРЅР°СЂРѕРґРЅС‹Р№ РґРµРЅСЊ СЃРїРѕСЂС‚РёРІРЅРѕРіРѕ Р¶СѓСЂРЅР°Р»РёСЃС‚Р°', '', '');
INSERT INTO holidays VALUES (304, '03.07.1936', 'РґРµРЅСЊ РѕР±СЂР°Р·РѕРІР°РЅРёСЏ Р РѕСЃСЃРёР№СЃРєРѕР№ Р“РѕСЃР°РІС‚РѕРёРЅСЃРїРµРєС†РёРё (Р“РђР)', '', '');
INSERT INTO holidays VALUES (305, '05.07', 'РІ Р§РµС…РёРё Р”РµРЅСЊ СЃРІСЏС‚С‹С… РљРёСЂРёР»Р»Р° Рё РњРµС„РѕРґРёСЏ.', '', '');
INSERT INTO holidays VALUES (306, '06.07', 'РІ Р§РµС…РёРё Р”РµРЅСЊ РЇРЅР° Р“СѓСЃР°.', '', '');
INSERT INTO holidays VALUES (307, '06.07.1971', 'РЎРјРµСЂС‚СЊ Р›СѓРё РђСЂРјСЃС‚СЂРѕРЅРіР°.', '', '');
INSERT INTO holidays VALUES (308, '07.07', 'Р РѕР¶РґРµСЃС‚РІРѕ СЃРІСЏС‚РѕРіРѕ РРѕР°РЅРЅР° РџСЂРµРґС‚РµС‡Рё, РєСЂРµСЃС‚РёС‚РµР»СЏ Р“РѕСЃРїРѕРґРЅСЏ', '', '');
INSERT INTO holidays VALUES (309, '07.07.1969', 'РђР»СЊР±РѕРј ''Led Zeppelin'' СЃС‚Р°Р» ''Р·РѕР»РѕС‚С‹Рј''.', '', '');
INSERT INTO holidays VALUES (310, '08.07', 'РґРµРЅСЊ РџРµС‚СЂР° Рё Р¤РµРІСЂРѕРЅРёРё', '', '');
INSERT INTO holidays VALUES (311, '08.07', 'РґРµРЅСЊ СЂС‹Р±Р°РєР°', '', '');
INSERT INTO holidays VALUES (312, '08.07.1877', 'РџРѕСЏРІРёР»Р°СЃСЊ Bell Telephone Co.', '', '');
INSERT INTO holidays VALUES (313, '09.07', 'РґРµРЅСЊ СЂРѕСЃСЃРёР№СЃРєРѕР№ РїРѕС‡С‚С‹', '', '');
INSERT INTO holidays VALUES (314, '10.07.1709', 'РґРµРЅСЊ РІРѕРёРЅСЃРєРѕР№ СЃР»Р°РІС‹ Р РѕСЃСЃРёРё. Р”РµРЅСЊ РїРѕР±РµРґС‹ СЂСѓСЃСЃРєРѕР№ Р°СЂРјРёРё РїРѕРґ РєРѕРјР°РЅРґРѕРІР°РЅРёРµРј РџРµС‚СЂР° РџРµСЂРІРѕРіРѕ РЅР°Рґ С€РІРµРґР°РјРё РІ РџРѕР»С‚Р°РІСЃРєРѕРј СЃСЂР°Р¶РµРЅРёРё', '', '');
INSERT INTO holidays VALUES (315, '10.07.1918', 'РґРµРЅСЊ РїСЂРёРЅСЏС‚РёСЏ РљРѕРЅСЃС‚РёС‚СѓС†РёРё Р РЎР¤РЎР ', '', '');
INSERT INTO holidays VALUES (316, '11.07', 'РІСЃРµРјРёСЂРЅС‹Р№ РґРµРЅСЊ РЅР°СЂРѕРґРѕРЅР°СЃРµР»РµРЅРёСЏ', '', '');
INSERT INTO holidays VALUES (317, '12.07', 'РІ РђРЅРіР»РёРё РґРµРЅСЊ РѕСЂР°РЅР¶РёСЃС‚РѕРІ. РџСЂРѕС‚РµСЃС‚Р°РЅС‚СЃРєРёР№ Р°РЅР°Р»РѕРі Р”РЅСЏ СЃРІСЏС‚РѕРіРѕ РџР°С‚СЂРёРєР°', '', '');
INSERT INTO holidays VALUES (318, '12.07', 'РґРµРЅСЊ Р±РѕСЂС‚РїСЂРѕРІРѕРґРЅРёРєР°', '', '');
INSERT INTO holidays VALUES (319, '13.07.1973', 'Р’С‹С…РѕРґ РІ СЃРІРµС‚ РїРµСЂРІРѕРіРѕ Р°Р»СЊР±РѕРјР° РіСЂСѓРїРїС‹ ''Queen''.', '', '');
INSERT INTO holidays VALUES (320, '14.07', 'РґРµРЅСЊ РІР·СЏС‚РёСЏ Р‘Р°СЃС‚РёР»РёРё', '', '');
INSERT INTO holidays VALUES (321, '14.07.1903', 'РѕС‚РєСЂС‹Р»РѕСЃСЊ РґРІРёР¶РµРЅРёРµ РїРѕ РљР’Р–Р”', '', '');
INSERT INTO holidays VALUES (322, '15.07', 'РґРµРЅСЊ Р’РѕРµРЅРЅРѕ-РњРѕСЂСЃРєРѕРіРѕ Р¤Р»РѕС‚Р°', '', '');
INSERT INTO holidays VALUES (323, '15.07', 'РґРµРЅСЊ РјРµС‚Р°Р»Р»СѓСЂРіР°', '', '');
INSERT INTO holidays VALUES (324, '17.07.1918', 'Р—Р»РѕРґРµР№СЃРєРѕРµ СѓР±РёР№СЃС‚РІРѕ Р±РѕР»СЊС€РµРІРёРєР°РјРё РІ Р•РєР°С‚РµСЂРёРЅР±СѓСЂРіРµ РїРѕСЃР»РµРґРЅРµРіРѕ СЂРѕСЃСЃРёР№СЃРєРѕРіРѕ РёРјРїРµСЂР°С‚РѕСЂР° РќРёРєРѕР»Р°СЏ II, РµРіРѕ СЃРµРјСЊРё Рё РїСЂРёР±Р»РёР¶РµРЅРЅС‹С…', '', '');
INSERT INTO holidays VALUES (325, '20.07', 'РґРµРЅСЊ РџРµСЂСѓРЅР° Сѓ РґСЂРµРІРЅРёС… СЃР»Р°РІСЏРЅ', '', '');
INSERT INTO holidays VALUES (326, '20.07', 'РјРµР¶РґСѓРЅР°СЂРѕРґРЅС‹Р№ РґРµРЅСЊ С€Р°С…РјР°С‚', '', '');
INSERT INTO holidays VALUES (327, '20.07.1974', 'Р”РµРЅСЊ РјРёСЂР° Рё РґСЂСѓР¶Р±С‹. РўР РЎРљ(РўСѓСЂРµС†РєР°СЏ Р РµСЃРїСѓР±Р»РёРєР° РЎРµРІРµСЂРЅРѕРіРѕ РљРёРїСЂР°). РџСЂР°Р·РґРЅРёРє СѓСЃС‚Р°РЅРѕРІР»РµРЅ РІ С‡РµСЃС‚СЊ РіРѕРґРѕРІС‰РёРЅС‹ РІС‹СЃР°РґРєРё С‚СѓСЂРµС†РєРёС… РІРѕР№СЃРє РЅР° СЃРµРІРµСЂРµ РљРёРїСЂР° РІ 1974 РіРѕРґСѓ', '', '');
INSERT INTO holidays VALUES (328, '23.07', 'РІ Р•РіРёРїС‚Рµ РґРµРЅСЊ СЂРµРІРѕР»СЋС†РёРё. Р“РѕРґРѕРІС‰РёРЅР° РѕСЂРіР°РЅРёР·РѕРІР°РЅРЅРѕРіРѕ Р“Р°РјР°Р»РµРј РђР±РґРµР»СЊ РќР°СЃРµСЂРѕРј РїРµСЂРµРІРѕСЂРѕС‚Р°, РІ СЂРµР·СѓР»СЊС‚Р°С‚Рµ РєРѕС‚РѕСЂРѕРіРѕ Р±С‹Р» СЃРІРµСЂРіРЅСѓС‚ РµРіРёРїРµС‚СЃРєРёР№ РєРѕСЂРѕР»СЊ Р¤Р°СЂСѓРє.', '', '');
INSERT INTO holidays VALUES (329, '23.07', 'РґРµРЅСЊ СЂР°Р±РѕС‚РЅРёРєРѕРІ С‚РѕСЂРіРѕРІР»Рё', '', '');
INSERT INTO holidays VALUES (330, '27.07', 'РІСЃРµРјРёСЂРЅС‹Р№ РґРµРЅСЊ СЂС‹Р±РѕР»РѕРІСЃС‚РІР°', '', '');
INSERT INTO holidays VALUES (331, '31.07', 'РґРµРЅСЊ Р°С„СЂРёРєР°РЅСЃРєРѕР№ Р¶РµРЅС‰РёРЅС‹', '', '');
INSERT INTO holidays VALUES (332, '01.08', 'РґРµРЅСЊ Р¶РµР»РµР·РЅРѕРґРѕСЂРѕР¶РЅРёРєР°', '', '');
INSERT INTO holidays VALUES (333, '01.08.1914', 'РќР°С‡Р°Р»Рѕ РџРµСЂРІРѕР№ РњРёСЂРѕРІРѕР№ РІРѕР№РЅС‹.', '', '');
INSERT INTO holidays VALUES (334, '01.08.1964', 'РґРµРЅСЊ СЂРѕР¶РґРµРЅРёСЏ СЂР°РґРёРѕСЃС‚Р°РЅС†РёРё ''РњР°СЏРє''', '', '');
INSERT INTO holidays VALUES (335, '02.08', 'РґРµРЅСЊ Р’РѕР·РґСѓС€РЅРѕ-РґРµСЃР°РЅС‚РЅС‹С… РІРѕР№СЃРє', '', '');
INSERT INTO holidays VALUES (336, '02.08', 'РґРµРЅСЊ РР»СЊРё РџСЂРѕСЂРѕРєР°', '', '');
INSERT INTO holidays VALUES (337, '04.08.1980', 'Р›РѕРЅРґРѕРЅ, Р·Р°Р» ''Р­СЂР»СЃ РљРѕСЂС‚'', Р¶РёРІРѕР№ РєРѕРЅС†РµСЂС‚ ''Pink Floyd'' РёСЃРїРѕР»РЅСЏРµС‚СЃСЏ ''The Wall''.', '', '');
INSERT INTO holidays VALUES (338, '06.08', 'РІСЃРµРјРёСЂРЅС‹Р№ РґРµРЅСЊ Р±РѕСЂСЊР±С‹ Р·Р° Р·Р°РїСЂРµС‰РµРЅРёРµ СЏРґРµСЂРЅРѕРіРѕ РѕСЂСѓР¶РёСЏ', '', '');
INSERT INTO holidays VALUES (339, '06.08', 'РґРµРЅСЊ Р¶РµР»РµР·РЅРѕРґРѕСЂРѕР¶РЅС‹С… РІРѕР№СЃРє Р Р¤', '', '');
INSERT INTO holidays VALUES (340, '06.08', 'РјРµР¶РґСѓРЅР°СЂРѕРґРЅС‹Р№ РґРµРЅСЊ ''Р’СЂР°С‡Рё РјРёСЂР° Р·Р° РјРёСЂ''', '', '');
INSERT INTO holidays VALUES (341, '06.08.1945', 'РџРµСЂРІРѕРµ РїСЂРёРјРµРЅРµРЅРёРµ Р°С‚РѕРјРЅРѕРіРѕ РѕСЂСѓР¶РёСЏ РІ РІРѕРµРЅРЅС‹С… С†РµР»СЏС… - Р°С‚РѕРјРЅР°СЏ Р±РѕРјР±Р° СЃР±СЂРѕС€РµРЅР° РЅР° СЏРїРѕРЅСЃРєРёР№ Рі. РҐРёСЂРѕСЃРёРјР°', '', '');
INSERT INTO holidays VALUES (342, '06.08.1968', 'Р”РёСЃРє ''Waiting For The Sun'' РіСЂСѓРїРїС‹ ''Doors''СЃС‚Р°РЅРѕРІРёС‚СЃСЏ ''Р·РѕР»РѕС‚С‹Рј''.', '', '');
INSERT INTO holidays VALUES (343, '08.08', 'РґРµРЅСЊ Р’РѕРёРЅСЃРєРѕР№ СЃР»Р°РІС‹ Р РѕСЃСЃРёРё РІ С‡РµСЃС‚СЊ Р‘РѕСЂРѕРґРёРЅСЃРєРѕРіРѕ СЃСЂР°Р¶РµРЅРёСЏ РћС‚РµС‡РµСЃС‚РІРµРЅРЅРѕР№ РІРѕР№РЅС‹ 1812 РіРѕРґР°', '', '');
INSERT INTO holidays VALUES (344, '08.08', 'РґРµРЅСЊ СЃС‚СЂРѕРёС‚РµР»СЏ', '', '');
INSERT INTO holidays VALUES (345, '08.08.1966', 'Р’С‹С…РѕРґ СЃРѕСЂРѕРєРѕРїСЏС‚РєРё ''Yellow Submarine''.', '', '');
INSERT INTO holidays VALUES (346, '09.08', 'РІСЃРµРјРёСЂРЅС‹Р№ РґРµРЅСЊ РєРѕСЂРµРЅРЅС‹С… РЅР°СЂРѕРґРѕРІ РјРёСЂР°', '', '');
INSERT INTO holidays VALUES (347, '09.08', 'РґРµРЅСЊ РєРѕСЂРµРЅРЅС‹С… РЅР°СЂРѕРґРѕРІ РјРёСЂР°', '', '');
INSERT INTO holidays VALUES (348, '09.08', 'РґРµРЅСЊ С„РёР·РєСѓР»СЊС‚СѓСЂРЅРёРєР°', '', '');
INSERT INTO holidays VALUES (349, '09.08.1714', 'РґРµРЅСЊ РІРѕРёРЅСЃРєРѕР№ СЃР»Р°РІС‹ Р РѕСЃСЃРёРё. Р”РµРЅСЊ РїРµСЂРІРѕР№ РІ СЂРѕСЃСЃРёР№СЃРєРѕР№ РёСЃС‚РѕСЂРёРё РјРѕСЂСЃРєРѕР№ РїРѕР±РµРґС‹ СЂСѓСЃСЃРєРѕРіРѕ С„Р»РѕС‚Р° РїРѕРґ РєРѕРјР°РЅРґРѕРІР°РЅРёРµРј РџРµС‚СЂР° РџРµСЂРІРѕРіРѕ РЅР°Рґ С€РІРµРґР°РјРё Сѓ РјС‹СЃР° Р“Р°РЅРіСѓС‚', '', '');
INSERT INTO holidays VALUES (350, '09.08.1945', 'РЎР±СЂРѕС€РµРЅР° Р°С‚РѕРјРЅР°СЏ Р±РѕРјР±Р° РЅР° СЏРїРѕРЅСЃРєРёР№ Рі. РќР°РіР°СЃР°РєРё', '', '');
INSERT INTO holidays VALUES (351, '09.08.1973', 'РљСЂР°СЃРЅРѕСЏСЂСЃРєР°СЏ СЂР°РґРёРѕРїРµСЂРµРґР°СЋС‰Р°СЏ СЃС‚Р°РЅС†РёСЏ (Р РџРЎ) РїРµСЂРµРёРјРµРЅРѕРІР°РЅР° РІ РљСЂР°СЃРЅРѕСЏСЂСЃРєРёР№ РєСЂР°РµРІРѕР№ СЂР°РґРёРѕ-С‚РµР»РµРІРёР·РёРѕРЅРЅС‹Р№ РїРµСЂРµРґР°СЋС‰РёР№ С†РµРЅС‚СЂ (РљРљР РўРџР¦)', '', '');
INSERT INTO holidays VALUES (352, '12.08', 'РґРµРЅСЊ Р’РѕРµРЅРЅРѕ-РІРѕР·РґСѓС€РЅС‹С… СЃРёР»', '', '');
INSERT INTO holidays VALUES (353, '12.08.1969', 'Р РѕРґРёР»Р°СЃСЊ РўР°РЅРёС‚Р° РўРёРєР°СЂР°Рј.', '', '');
INSERT INTO holidays VALUES (354, '13.08', 'РјРµР¶РґСѓРЅР°СЂРѕРґРЅС‹Р№ РґРµРЅСЊ Р»РµРІС€РµР№', '', '');
INSERT INTO holidays VALUES (355, '14.08', 'РњРµРґРѕРІС‹Р№ СЃРїР°СЃ', '', '');
INSERT INTO holidays VALUES (356, '14.08.1981', 'Р°РЅРѕРЅСЃРёСЂРѕРІР°РЅРЅ РїРµСЂРІС‹Р№ IBM PC', '', '');
INSERT INTO holidays VALUES (357, '15.08', 'РЈСЃРїРµРЅРёРµ РїСЂРµСЃРІСЏС‚РѕР№ Р”РµРІС‹ РњР°СЂРёРё. Р РµСЃРїСѓР±Р»РёРєР° РљРёРїСЂ', '', '');
INSERT INTO holidays VALUES (358, '15.08', 'РІРѕ Р¤СЂР°РЅС†РёРё РЈСЃРїРµРЅРёРµ Р”РµРІС‹ РњР°СЂРёРё.', '', '');
INSERT INTO holidays VALUES (359, '15.08', 'РІ Р“СЂРµС†РёРё СѓСЃРїРµРЅРёРµ РїСЂРµСЃРІСЏС‚РѕР№ Р‘РѕРіРѕСЂРѕРґРёС†С‹.', '', '');
INSERT INTO holidays VALUES (360, '15.08', 'РґРµРЅСЊ Р’РѕР·РґСѓС€РЅРѕРіРѕ Р¤Р»РѕС‚Р° Р РѕСЃСЃРёРё', '', '');
INSERT INTO holidays VALUES (361, '15.08.1969', 'РћС‚РєСЂС‹С‚РёРµ РёСЃС‚РѕСЂРёС‡РµСЃРєРѕРіРѕ С„РµСЃС‚РёРІР°Р»СЏ РІ Р’СѓРґСЃС‚РѕРєРµ.', '', '');
INSERT INTO holidays VALUES (362, '15.08.1990', 'Р’ Р°РІС‚РѕРєР°С‚Р°СЃС‚СЂРѕС„Рµ РїРѕРіРёР± Р’РёРєС‚РѕСЂ Р¦РѕР№', '', '');
INSERT INTO holidays VALUES (363, '15.08.2000', 'РґРµРЅСЊ СЃРѕР·РґР°РЅРёСЏ РљСЂР°СЃРЅРѕСЏСЂСЃРєРѕРіРѕ Р·РІРµСЂРёРЅС†Р° ''Р РѕРµРІ СЂСѓС‡РµР№''', '', '');
INSERT INTO holidays VALUES (364, '16.08', 'РјРµР¶РґСѓРЅР°СЂРѕРґРЅС‹Р№ РґРµРЅСЊ РѕР·РѕРЅРѕРІРѕРіРѕ СЃР»РѕСЏ', '', '');
INSERT INTO holidays VALUES (365, '17.08.1982', 'Р”РµРЅСЊ СЂРѕР¶РґРµРЅРёСЏ РєРѕРјРїР°РєС‚-РґРёСЃРєР°. Р’ СЌС‚РѕС‚ РґРµРЅСЊ С„РёСЂРјР° Polygram РїСЂРёРЅР°РґР»РµР¶Р°РІС€Р°СЏ Philips РІС‹РїСѓСЃС‚РёР»Р° РїРµСЂРІС‹Р№ РјР°СЃСЃРѕРІС‹Р№ С‚РёСЂР°Р¶ CD. РРј СЃС‚Р°Р» РґРёСЃРє СЃ РІР°Р»СЊСЃР°РјРё РЁРѕРїРµРЅР°.', '', '');
INSERT INTO holidays VALUES (366, '19.08', 'РџСЂРµРѕР±СЂР°Р¶РµРЅРёРµ Р“РѕСЃРїРѕРґРЅРµ. РЇР±Р»РѕС‡РЅС‹Р№ СЃРїР°СЃ', '', '');
INSERT INTO holidays VALUES (367, '19.08.1991', 'РђРІРіСѓСЃС‚РѕРІСЃРєРёР№ РџСѓС‚С‡ РІ РњРѕСЃРєРІРµ', '', '');
INSERT INTO holidays VALUES (368, '21.08.1991', 'РґРµРЅСЊ РїРѕРґР°РІР»РµРЅРёСЏ РїСѓС‚С‡Р°', '', '');
INSERT INTO holidays VALUES (369, '22.08.1991', 'РґРµРЅСЊ Р“РѕСЃСѓРґР°СЂСЃС‚РІРµРЅРЅРѕРіРѕ С„Р»Р°РіР° Р РѕСЃСЃРёР№СЃРєРѕР№ Р¤РµРґРµСЂР°С†РёРё', '', '');
INSERT INTO holidays VALUES (370, '23.08.1943', 'РґРµРЅСЊ РІРѕРёРЅСЃРєРѕР№ СЃР»Р°РІС‹ Р РѕСЃСЃРёРё. Р”РµРЅСЊ СЂР°Р·РіСЂРѕРјР° СЃРѕРІРµС‚СЃРєРёРјРё РІРѕР№СЃРєР°РјРё РЅРµРјРµС†РєРѕ - С„Р°С€РёСЃС‚СЃРєРёС… РІРѕР№СЃРє РІ РљСѓСЂСЃРєРѕР№ Р±РёС‚РІРµ', '', '');
INSERT INTO holidays VALUES (371, '25.08', 'РґРµРЅСЊ С€Р°С…С‚РµСЂР°', '', '');
INSERT INTO holidays VALUES (372, '26.08.1812', 'РґРµРЅСЊ РІРѕРёРЅСЃРєРѕР№ СЃР»Р°РІС‹ Р РѕСЃСЃРёРё. Р”РµРЅСЊ Р‘РѕСЂРѕРґРёРЅСЃРєРѕРіРѕ СЃСЂР°Р¶РµРЅРёСЏ СЂСѓСЃСЃРєРѕР№ Р°СЂРјРёРё РїРѕРґ РєРѕРјР°РЅРґРѕРІР°РЅРёРµРј Рњ.Р. РљСѓС‚СѓР·РѕРІР° СЃ С„СЂР°РЅС†СѓР·СЃРєРѕР№ Р°СЂРјРёРµР№', '', '');
INSERT INTO holidays VALUES (373, '26.08.1967', 'Р”РµР±СЋС‚РЅС‹Р№ Р°Р»СЊР±РѕРј Р”Р¶РёРјРјРё РҐРµРЅРґСЂРёРєСЃР° РІС‹С…РѕРґРёС‚ РІ С…РёС‚-РїР°СЂР°РґС‹.', '', '');
INSERT INTO holidays VALUES (374, '27.08', 'РґРµРЅСЊ РєРёРЅРѕ', '', '');
INSERT INTO holidays VALUES (375, '28.08', 'РЈСЃРїРµРЅРёРµ РџСЂРµСЃРІСЏС‚РѕР№ Р‘РѕРіРѕСЂРѕРґРёС†С‹', '', '');
INSERT INTO holidays VALUES (376, '28.08', 'РґРµРЅСЊ СЃРїРµС†РЅР°Р·РѕРІС†Р°', '', '');
INSERT INTO holidays VALUES (377, '29.08.1966', 'РџРѕСЃР»РµРґРЅРёР№ РєРѕРЅС†РµСЂС‚ ''Beatles'' РІ РЎРЁРђ.', '', '');
INSERT INTO holidays VALUES (378, '30.08', 'Р”РµРЅСЊ РїРѕР±РµРґС‹ РІ РўР РЎРљ (РўСѓСЂРµС†РєР°СЏ Р РµСЃРїСѓР±Р»РёРєР° РЎРµРІРµСЂРЅРѕРіРѕ РљРёРїСЂР°)', '', '');
INSERT INTO holidays VALUES (379, '31.08.1982', 'РћС„РёС†Р°Р»СЊРЅРѕРµ РїСЂРµРґСЃС‚Р°РІР»РµРЅРёРµ С‚РµС…РЅРѕР»РѕРіРёРё РєРѕРјРїР°РєС‚-РґРёСЃРєРѕРІ РЅР° СЂС‹РЅРєРµ.', '', '');
INSERT INTO holidays VALUES (380, '01.09', 'Р’СЃРµРјРёСЂРЅС‹Р№ РґРµРЅСЊ РјРёСЂР°', '', '');
INSERT INTO holidays VALUES (381, '01.09', 'РІСЃРµРјРёСЂРЅС‹Р№ РґРµРЅСЊ Р—РЅР°РЅРёР№', '', '');
INSERT INTO holidays VALUES (382, '01.09', 'РґРµРЅСЊ РїСЂРѕС„СЃРѕСЋР·РЅС‹С… РґРµР№СЃС‚РІРёР№ Р·Р° РјРёСЂ', '', '');
INSERT INTO holidays VALUES (383, '01.09', 'РґРµРЅСЊ СЂР°Р±РѕС‚РЅРёРєРѕРІ РЅРµС„С‚СЏРЅРѕР№ Рё РіР°Р·РѕРІРѕР№ РїСЂРѕРјС‹С€Р»РµРЅРЅРѕСЃС‚Рё', '', '');
INSERT INTO holidays VALUES (384, '01.09.1939', 'РќР°РїР°РґРµРЅРёРµ С„Р°С€РёСЃС‚СЃРєРѕР№ Р“РµСЂРјР°РЅРёРё РЅР° РџРѕР»СЊС€Сѓ. РќР°С‡Р°Р»Рѕ РІС‚РѕСЂРѕР№ РјРёСЂРѕРІРѕР№ РІРѕР№РЅС‹', '', '');
INSERT INTO holidays VALUES (385, '02.09', 'РґРµРЅСЊ СЂРѕСЃСЃРёР№СЃРєРѕР№ РіРІР°СЂРґРёРё', '', '');
INSERT INTO holidays VALUES (386, '03.09.2004', 'РґРµРЅСЊ С€С‚СѓСЂРјР° С€РєРѕР»С‹ в„–1 РІ РіРѕСЂРѕРґРµ Р‘РµСЃР»Р°РЅ.', '', '');
INSERT INTO holidays VALUES (387, '03.09', 'РґРµРЅСЊ РїР°РјСЏС‚Рё Р¶РµСЂС‚РІ С‚РµСЂСЂР°РєС‚РѕРІ', '', '');
INSERT INTO holidays VALUES (388, '03.09', 'РґРµРЅСЊ Р±РѕСЂСЊР±С‹ СЃ РјРµР¶РґСѓРЅР°СЂРѕРґРЅС‹Рј С‚РµСЂСЂРѕСЂРёР·РјРѕРј', '', '');
INSERT INTO holidays VALUES (389, '06.09.1885', 'РІ Р‘РѕР»РіР°СЂРёРё РґРµРЅСЊ РѕР±СЉРµРґРёРЅРµРЅРёСЏ. РџСЂР°Р·РґРЅРёРє РѕС‚РјРµС‡Р°РµС‚СЃСЏ РІ РїР°РјСЏС‚СЊ РїСЂРёСЃРѕРµРґРёРЅРµРЅРёСЏ РІ 1885 РіРѕРґСѓ РѕР±Р»Р°СЃС‚Рё Р’РѕСЃС‚РѕС‡РЅР°СЏ Р СѓРјРµР»РёСЏ Рє Р‘РѕР»РіР°СЂСЃРєРѕРјСѓ РєРЅСЏР¶РµСЃС‚РІСѓ.', '', '');
INSERT INTO holidays VALUES (390, '07.09.1998', 'РґРµРЅСЊ РѕСЃРЅРѕРІР°РЅРёСЏ РєРѕРјРїР°РЅРёРё Google - СЃР°РјРѕР№ РїРѕРїСѓР»СЏСЂРЅРѕР№ РІ РЎРµС‚Рё РїРѕРёСЃРєРѕРІРѕР№ СЃРёСЃС‚РµРјС‹', '', '');
INSERT INTO holidays VALUES (391, '08.09', 'РґРµРЅСЊ РђРЅРґРѕСЂСЂС‹, РіР»Р°РІРЅС‹Р№ РіРѕСЃСѓРґР°СЂСЃС‚РІРµРЅРЅС‹Р№ РїСЂР°Р·РґРЅРёРє.', '', '');
INSERT INTO holidays VALUES (392, '08.09', 'РґРµРЅСЊ С‚Р°РЅРєРёСЃС‚Р°', '', '');
INSERT INTO holidays VALUES (393, '08.09', 'РјРµР¶РґСѓРЅР°СЂРѕРґРЅС‹Р№ РґРµРЅСЊ РёСЃРєРѕСЂРµРЅРµРЅРёСЏ РЅРµРіСЂР°РјРѕС‚РЅРѕСЃС‚Рё. РћС‚РјРµС‡Р°РµС‚СЃСЏ Р®РќР•РЎРљРћ.', '', '');
INSERT INTO holidays VALUES (394, '08.09', 'РјРµР¶РґСѓРЅР°СЂРѕРґРЅС‹Р№ РґРµРЅСЊ СЃРѕР»РёРґР°СЂРЅРѕСЃС‚Рё Р¶СѓСЂРЅР°Р»РёСЃС‚РѕРІ', '', '');
INSERT INTO holidays VALUES (395, '08.09.1380', 'РґРµРЅСЊ РІРѕРёРЅСЃРєРѕР№ СЃР»Р°РІС‹ Р РѕСЃСЃРёРё: РїРѕР±РµРґР° Р”РјРёС‚СЂРёСЏ Р”РѕРЅСЃРєРѕРіРѕ РІ РљСѓР»РёРєРѕРІСЃРєРѕР№ Р±РёС‚РІРµ', '', '');
INSERT INTO holidays VALUES (396, '08.09.1812', 'РґРµРЅСЊ РІРѕРёРЅСЃРєРѕР№ СЃР»Р°РІС‹ Р РѕСЃСЃРёРё. Р”РµРЅСЊ Р‘РѕСЂРѕРґРёРЅСЃРєРѕРіРѕ СЃСЂР°Р¶РµРЅРёСЏ СЂСѓСЃСЃРєРѕР№ Р°СЂРјРёРё РїРѕРґ РєРѕРјР°РЅРґРѕРІР°РЅРёРµРј Рњ.Р. РљСѓС‚СѓР·РѕРІР° СЃ С„СЂР°РЅС†СѓР·СЃРєРѕР№ Р°СЂРјРёРµР№', '', '');
INSERT INTO holidays VALUES (397, '09.09', 'РјРµР¶РґСѓРЅР°СЂРѕРґРЅС‹Р№ РґРµРЅСЊ РєСЂР°СЃРѕС‚С‹. РџСЂРѕРІРѕРґРёС‚СЃСЏ РїРѕ РёРЅРёС†РёР°С‚РёРІРµ РњРµР¶РґСѓРЅР°СЂРѕРґРЅРѕРіРѕ РєРѕРјРёС‚РµС‚Р° СЌСЃС‚РµС‚РёРєРё Рё РєРѕСЃРјРµС‚РѕР»РѕРіРёРё - РЎРР”Р•РЎРљРћ', '', '');
INSERT INTO holidays VALUES (398, '09.09.1945', 'РґРµРЅСЊ СЂРѕР¶РґРµРЅРёСЏ РєРѕРјРїСЊСЋС‚РµСЂРЅРѕРіРѕ С‚РµСЂРјРёРЅР° ''Р±Р°Рі''. РРјРµРЅРЅРѕ РІ СЌС‚РѕС‚ РґРµРЅСЊ СѓС‡РµРЅС‹Рµ Р“Р°СЂРІР°СЂРґСЃРєРѕРіРѕ СѓРЅРёРІРµСЂСЃРёС‚РµС‚Р°, С‚РµСЃС‚РёСЂРѕРІР°РІС€РёРµ РІС‹С‡.РјР°С€РёРЅСѓ Mark II Aiken Relay Calculator, РЅР°С€Р»Рё РјРѕС‚С‹Р»СЊРєР°, Р·Р°СЃС‚СЂСЏРІС€РµРіРѕ РјРµР¶РґСѓ РєРѕРЅС‚Р°РєС‚Р°РјРё СЌР»', '', '');
INSERT INTO holidays VALUES (399, '11.09.1790', 'РґРµРЅСЊ РІРѕРёРЅСЃРєРѕР№ СЃР»Р°РІС‹ Р РѕСЃСЃРёРё. Р”РµРЅСЊ РїРѕР±РµРґС‹ СЂСѓСЃСЃРєРѕР№ СЌСЃРєР°РґСЂС‹ РїРѕРґ РєРѕРјР°РЅРґРѕРІР°РЅРёРµРј Р¤.Р¤. РЈС€Р°РєРѕРІР° РЅР°Рґ С‚СѓСЂРµС†РєРѕР№ СЌСЃРєР°РґСЂРѕР№ Сѓ РјС‹СЃР° РўРµРЅРґСЂР°', '', '');
INSERT INTO holidays VALUES (400, '11.09.1962', 'РµС‰Рµ РЅРµ РёР·РІРµСЃС‚РЅР°СЏ С‚РѕРіРґР° Р»РёРІРµСЂРїСѓР»СЊСЃРєР°СЏ РіСЂСѓРїРїР° ''Р‘РёС‚Р»Р·'' Р·Р°РїРёСЃР°Р»Р° РІ Р»РѕРЅРґРѕРЅСЃРєРѕР№ СЃС‚СѓРґРёРё ''Р­Р±Р±Рё Р РѕСѓРґ'' СЃРІРѕСЋ РїРµСЂРІСѓСЋ РїР»Р°СЃС‚РёРЅРєСѓ.', '', '');
INSERT INTO holidays VALUES (401, '11.09.2001', 'РўРµСЂСЂРѕСЂРёСЃС‚РёС‡РµСЃРєРёР№ Р°РєС‚ РІ РЎРЁРђ. Р Р°Р·СЂСѓС€РµРЅС‹ РґРІР° Р·РґР°РЅРёСЏ РІСЃРµРјРёСЂРЅРѕРіРѕ С‚РѕСЂРіРѕРІРѕРіРѕ С†РµРЅС‚СЂР°.', '', '');
INSERT INTO holidays VALUES (402, '12.09', 'РјРµР¶РґСѓРЅР°СЂРѕРґРЅС‹Р№ РґРµРЅСЊ РїР°РјСЏС‚Рё Р¶РµСЂС‚РІ С„Р°С€РёР·РјР°', '', '');
INSERT INTO holidays VALUES (403, '13.09', 'РґРµРЅСЊ РљРѕРјРїСЊСЋС‚РµСЂС‰РёРєР°. РћС‚РјРµС‡Р°РµС‚СЃСЏ РєР°Рє 256 РґРµРЅСЊ РІ РіРѕРґСѓ.', '', '');
INSERT INTO holidays VALUES (404, '13.09.1968', 'РЎРѕСЂРѕРєРѕРїСЏС‚РєР° ''Hey Jude''СЃС‚Р°РЅРѕРІРёС‚СЃСЏ '' Р·РѕР»РѕС‚РѕР№''.', '', '');
INSERT INTO holidays VALUES (405, '15.09', 'РІ РЇРїРѕРЅРёРё РґРµРЅСЊ СѓРІР°Р¶РµРЅРёСЏ СЃС‚Р°СЂРѕСЃС‚Рё.', '', '');
INSERT INTO holidays VALUES (406, '15.09', 'РґРµРЅСЊ СЂР°Р±РѕС‚РЅРёРєРѕРІ Р»РµСЃР°', '', '');
INSERT INTO holidays VALUES (407, '16.09', 'РІСЃРµРјРёСЂРЅС‹Р№ РґРµРЅСЊ Р·Р°С‰РёС‚С‹ РѕР·РѕРЅРѕРІРѕРіРѕ СЃР»РѕСЏ', '', '');
INSERT INTO holidays VALUES (408, '16.09.1998', 'Р”РµРЅСЊ СЂРѕР¶РґРµРЅРёСЏ РїРѕС‡С‚РѕРІРѕР№ СЃР»СѓР¶Р±С‹ Mail.ru', '', '');
INSERT INTO holidays VALUES (409, '18.09.1970', 'РЈС€С‘Р» РёР· Р¶РёР·РЅРё Р”Р¶РёРјРјРё РҐРµРЅРґСЂРёРєСЃ.', '', '');
INSERT INTO holidays VALUES (410, '19.09', 'РІСЃРµРјРёСЂРЅС‹Р№ РґРµРЅСЊ РјРёСЂР°', '', '');
INSERT INTO holidays VALUES (411, '19.09.1982', 'РґРµРЅСЊ СЂРѕР¶РґРµРЅРёСЏ СЃРјР°Р№Р»РёРєР° '':-)''. Р’РїРµСЂРІС‹Рµ РµРіРѕ РёСЃРїРѕР»СЊР·РѕРІР°Р» РЎРєРѕС‚С‚ Р¤Р°Р»РјР°РЅ РёР· РєРѕРјРїР°РЅРёРё Microsoft, РґР»СЏ РїРѕРјРµС‚РєРё С€СѓС‚РѕРє. РўРѕРіРґР° РёР·РѕР±СЂРµС‚РµРЅРёРµ Р±С‹Р»Рѕ РІС‹Р·РІР°РЅРѕ РЅР°СЃСѓС‰РЅРѕР№ РЅРµРѕР±С…РѕРґРёРјРѕСЃС‚СЊСЋ - РіСЂСѓРїРїР° СЂР°Р·СЂР°Р±РѕС‚С‡РёРєРѕРІ РєРѕРјРїР°РЅРёРё РѕР±С‰Р°', '', '');
INSERT INTO holidays VALUES (412, '20.09.1954', 'Р—Р°РїСѓС‰РµРЅР° РїРµСЂРІР°СЏ РїСЂРѕРіСЂР°РјРјР° РЅР° СЏР·С‹РєРµ Fortran', '', '');
INSERT INTO holidays VALUES (413, '20.09.2002', 'СЃРѕС€С‘Р» Р»РµРґРЅРёРє РљРѕР»РєР°, Р±РµР· РІРµСЃС‚Рё РїСЂРѕРїР°Р»Р° СЃСЉС‘РјРѕС‡РЅР°СЏ РіСЂСѓРїРїР° РЎРµСЂРіРµСЏ Р‘РѕРґСЂРѕРІР°', '', '');
INSERT INTO holidays VALUES (414, '21.09', 'Р РѕР¶РґРµСЃС‚РІРѕ РџСЂРµСЃРІСЏС‚РѕР№ Р‘РѕРіРѕСЂРѕРґРёС†С‹', '', '');
INSERT INTO holidays VALUES (415, '21.09.1380', 'РґРµРЅСЊ РІРѕРёРЅСЃРєРѕР№ СЃР»Р°РІС‹ Р РѕСЃСЃРёРё. Р”РµРЅСЊ РїРѕР±РµРґС‹ СЂСѓСЃСЃРєРёС… РїРѕР»РєРѕРІ РІРѕ РіР»Р°РІРµ СЃ РІРµР»РёРєРёРј РєРЅСЏР·РµРј Р”РјРёС‚СЂРёРµРј Р”РѕРЅСЃРєРёРј РЅР°Рґ РјРѕРЅРіРѕР»Рѕ - С‚Р°С‚Р°СЂСЃРєРёРјРё РІРѕР№СЃРєР°РјРё РІ РљСѓР»РёРєРѕРІСЃРєРѕР№ Р±РёС‚РІРµ', '', '');
INSERT INTO holidays VALUES (416, '22.09.1908', 'РІ Р‘РѕР»РіР°СЂРёРё РґРµРЅСЊ РЅРµР·Р°РІРёСЃРёРјРѕСЃС‚Рё. РћС‚РјРµС‡Р°РµС‚СЃСЏ РІ РіРѕРґРѕРІС‰РёРЅСѓ РїСЂРѕРІРѕР·РіР»Р°С€РµРЅРёСЏ СЃСѓРІРµСЂРµРЅРЅРѕРіРѕ Р‘РѕР»РіР°СЂСЃРєРѕРіРѕ РєРЅСЏР¶РµСЃС‚РІР° 22 СЃРµРЅС‚СЏР±СЂСЏ 1908 РіРѕРґР°. Р”Рѕ СЌС‚РѕРіРѕ РІСЂРµРјРµРЅРё Р‘РѕР»РіР°СЂСЃРєРѕРµ РєРЅСЏР¶РµСЃС‚РІРѕ С„РѕСЂРјР°Р»СЊРЅРѕ Р·Р°РІРёСЃРµР»Рѕ РѕС‚ РћСЃРјР°РЅСЃРєРѕР№ РёРјРїРµ', '', '');
INSERT INTO holidays VALUES (417, '22.09.1951', 'Р РѕРґРёР»СЃСЏ Р”СЌРІРёРґ РљР°РІРµСЂРґРµР№Р».', '', '');
INSERT INTO holidays VALUES (418, '23.09', 'РІ РЇРїРѕРЅРёРё РґРµРЅСЊ РѕСЃРµРЅРЅРµРіРѕ СЂР°РІРЅРѕРґРµРЅСЃС‚РІРёСЏ.', '', '');
INSERT INTO holidays VALUES (419, '23.09', 'РґРµРЅСЊ РѕСЃРµРЅРЅРµРіРѕ СЂР°РІРЅРѕРґРµРЅСЃС‚РІРёСЏ', '', '');
INSERT INTO holidays VALUES (420, '24.09', 'РґРµРЅСЊ РјР°С€РёРЅРѕСЃС‚СЂРѕРёС‚РµР»СЏ', '', '');
INSERT INTO holidays VALUES (421, '24.09.1955', 'Р РµРєРѕСЂРґ Rock-in-Roll_Р° - Р°СЂРіРµРЅС‚РёРЅРµС† РљР°СЂР»РѕСЃ РЎР°РЅРґСЂРёРЅРё С‚Р°РЅС†РµРІР°Р» 106С‡Р°СЃРѕРІ 5РјРёРЅСѓС‚ 10СЃРµРєСѓРЅРґ.', '', '');
INSERT INTO holidays VALUES (422, '24.09.1969', 'Deep Purple РґР°С‘С‚ СЃРѕРІРјРµСЃС‚РЅС‹Р№ РєРѕРЅС†РµСЂС‚ СЃ РљРѕСЂРѕР»РµРІСЃРєРёРј СЃРёРјС„РѕРЅРёС‡РµСЃРєРёРј РѕСЂРєРµСЃС‚СЂРѕРј РІ РђР»СЊР±РµСЂС‚-С…РѕР»Р»Рµ.', '', '');
INSERT INTO holidays VALUES (423, '25.09', 'Р’СЃРµРјРёСЂРЅС‹Р№ РґРµРЅСЊ РјРѕСЂСЏ', '', '');
INSERT INTO holidays VALUES (424, '26.09', 'РјРµР¶РґСѓРЅР°СЂРѕРґРЅС‹Р№ РґРµРЅСЊ РіР»СѓС…РѕРЅРµРјС‹С…', '', '');
INSERT INTO holidays VALUES (425, '26.09.1969', 'Р’С‹С…РѕРґ Р°Р»СЊР±РѕРјР°'' Abbey Road''.', '', '');
INSERT INTO holidays VALUES (426, '27.09', 'Р’СЃРµРјРёСЂРЅС‹Р№ РґРµРЅСЊ С‚СѓСЂРёР·РјР°', '', '');
INSERT INTO holidays VALUES (427, '27.09', 'РґРµРЅСЊ С‚СѓСЂРёСЃС‚Р°', '', '');
INSERT INTO holidays VALUES (428, '30.09', 'РґРµРЅСЊ Internet', '', '');
INSERT INTO holidays VALUES (429, '01.10', 'Р”РµРЅСЊ РЅРµР·Р°РІРёСЃРёРјРѕСЃС‚Рё. Р РµСЃРїСѓР±Р»РёРєР° РљРёРїСЂ', '', '');
INSERT INTO holidays VALUES (430, '01.10', 'РњРµР¶РґСѓРЅР°СЂРѕРґРЅС‹Р№ РґРµРЅСЊ РІСЂР°С‡Р°', '', '');
INSERT INTO holidays VALUES (431, '01.10', 'РњРµР¶РґСѓРЅР°СЂРѕРґРЅС‹Р№ РґРµРЅСЊ РјСѓР·С‹РєРё', '', '');
INSERT INTO holidays VALUES (432, '01.10', 'РІСЃРµРјРёСЂРЅС‹Р№ РґРµРЅСЊ РІРµРіРµС‚Р°СЂРёР°РЅСЃРєРёР№ РґРµРЅСЊ', '', '');
INSERT INTO holidays VALUES (433, '01.10', 'РІ РђРЅРґРѕСЂСЂРµ РґРµРЅСЊ РІСЃРµС… СЃРІСЏС‚С‹С….', '', '');
INSERT INTO holidays VALUES (434, '01.10', 'РґРµРЅСЊ РїРѕР¶РёР»С‹С… Р»СЋРґРµР№', '', '');
INSERT INTO holidays VALUES (435, '02.10', 'РјРµР¶РґСѓРЅР°СЂРѕРґРЅС‹Р№ РґРµРЅСЊ РјСѓР·С‹РєРё, РїСЂРѕРІРѕРґРёС‚СЃСЏ РїРѕ СЂРµС€РµРЅРёСЋ РњРµР¶РґСѓРЅР°СЂРѕРґРЅРѕРіРѕ РјСѓР·С‹РєР°Р»СЊРЅРѕРіРѕ СЃРѕРІРµС‚Р° Р®РќР•РЎРљРћ', '', '');
INSERT INTO holidays VALUES (436, '03.10', 'Р’СЃРµРјРёСЂРЅС‹Р№ РґРµРЅСЊ Р·Р°С‰РёС‚С‹ Р¶РёРІРѕС‚РЅС‹С…', '', '');
INSERT INTO holidays VALUES (437, '03.10', 'РЎРѕР·РґР°РЅРёРµ РІСЃРµРјРёСЂРЅРѕР№ С„РµРґРµСЂР°С†РёРё РїСЂРѕС„СЃРѕСЋР·РѕРІ', '', '');
INSERT INTO holidays VALUES (438, '03.10', 'РІСЃРµРјРёСЂРЅС‹Р№ РґРµРЅСЊ Р¶РёРІРѕС‚РЅС‹С… (РєР°С‚РѕР»РёС‡РµСЃРєРёР№ РїСЂР°Р·РґРЅРёРє - Р”РµРЅСЊ РЎРІ. Р¤СЂР°РЅС†РёСЃРєР°, РїРѕРєСЂРѕРІРёС‚РµР»СЏ Р¶РёРІРѕС‚РЅС‹С…)', '', '');
INSERT INTO holidays VALUES (439, '03.10', 'РґРµРЅСЊ РіСЂР°Р¶РґР°РЅСЃРєРѕР№ РѕР±РѕСЂРѕРЅС‹ РІ Р РѕСЃСЃРёРё', '', '');
INSERT INTO holidays VALUES (440, '03.10', 'РґРµРЅСЊ СЃРѕР·РґР°РЅРёСЏ РІСЃРµРјРёСЂРЅРѕР№ С„РµРґРµСЂР°С†РёРё РїСЂРѕС„СЃРѕСЋР·РѕРІ', '', '');
INSERT INTO holidays VALUES (441, '03.10.1990', 'РћР±СЉРµРґРёРЅРµРЅРёРµ Р“РµСЂРјР°РЅРёРё', '', '');
INSERT INTO holidays VALUES (442, '04.10', 'Р’СЃРµРјРёСЂРЅС‹Р№ РґРµРЅСЊ Р¶РёР»СЊСЏ', '', '');
INSERT INTO holidays VALUES (443, '04.10', 'РІ РђРЅРґРѕСЂСЂРµ РґРµРЅСЊ СЃРІСЏС‚РѕРіРѕ РљР°СЂР»Р° Р‘РѕСЂСЂРѕРјРµР№СЃРєРѕРіРѕ, РїРѕРєСЂРѕРІРёС‚РµР»СЏ РђРЅРґРѕСЂСЂС‹.', '', '');
INSERT INTO holidays VALUES (444, '04.10', 'РґРµРЅСЊ Р’РѕРµРЅРЅРѕ-РєРѕСЃРјРёС‡РµСЃРєРёС… СЃРёР»', '', '');
INSERT INTO holidays VALUES (445, '04.10.1957', 'Р’ РЎРЎРЎР  РїСЂРѕРёР·РІРµРґРµРЅ СѓСЃРїРµС€РЅС‹Р№ Р·Р°РїСѓСЃРє РїРµСЂРІРѕРіРѕ РёСЃРєСѓСЃСЃС‚РІРµРЅРЅРѕРіРѕ СЃРїСѓС‚РЅРёРєР° Р—РµРјР»Рё', '', '');
INSERT INTO holidays VALUES (446, '04.10.1957', 'Р—Р°РїСѓСЃРє РїРµСЂРІРѕРіРѕ РёСЃРєСѓСЃСЃС‚РІРµРЅРЅРѕРіРѕ СЃРїСѓС‚РЅРёРєР° Р—РµРјР»Рё.', '', '');
INSERT INTO holidays VALUES (447, '05.10', 'РґРµРЅСЊ СѓС‡РёС‚РµР»СЏ', '', '');
INSERT INTO holidays VALUES (448, '06.10.1973', 'РІ Р•РіРёРїС‚Рµ РґРµРЅСЊ РІРѕРѕСЂСѓР¶РµРЅРЅС‹С… СЃРёР». Р’ СЌС‚РѕС‚ РґРµРЅСЊ 1973 РіРѕРґР° РµРіРёРїРµС‚СЃРєР°СЏ Р°СЂРјРёСЏ РїРµСЂРµСЃРµРєР»Р° РЎСѓСЌС†РєРёР№ РєР°РЅР°Р» Рё Р°С‚Р°РєРѕРІР°Р»Р° РёР·СЂР°РёР»СЊСЃРєРёРµ РІРѕР№СЃРєР° РІ РЅР°РґРµР¶РґРµ РІС‹Р±РёС‚СЊ РёС… СЃ РЎРёРЅР°Р№СЃРєРѕРіРѕ РїРѕР»СѓРѕСЃС‚СЂРѕРІР°', '', '');
INSERT INTO holidays VALUES (449, '07.10.1977', 'РџСЂРёРЅСЏС‚РёРµ РљРѕРЅСЃС‚РёС‚СѓС†РёРё РЎРЎРЎР ', '', '');
INSERT INTO holidays VALUES (450, '08.10', 'РґРµРЅСЊ СЂР°Р±РѕС‚РЅРёРєРѕРІ СЃРµР»СЊСЃРєРѕРіРѕ С…РѕР·СЏР№СЃС‚РІР° Рё РїРµСЂРµСЂР°Р±Р°С‚С‹РІР°СЋС‰РµР№ РїСЂРѕРјС‹С€Р»РµРЅРЅРѕСЃС‚Рё', '', '');
INSERT INTO holidays VALUES (451, '09.10', 'РјРµР¶РґСѓРЅР°СЂРѕРґРЅС‹Р№ РґРµРЅСЊ Р·Р° Р»РёРєРІРёРґР°С†РёСЋ РїРѕСЃР»РµРґСЃС‚РІРёР№ СЃС‚РёС…РёР№РЅС‹С… Р±РµРґСЃС‚РІРёР№ СЃС‚РёС…РёР№РЅС‹С… Р±РµРґСЃС‚РІРёР№', '', '');
INSERT INTO holidays VALUES (452, '10.10', 'РњРµР¶РґСѓРЅР°СЂРѕРґРЅС‹Р№ РґРµРЅСЊ РїСЃРёС…РёС‡РµСЃРєРѕРіРѕ Р·РґРѕСЂРѕРІСЊСЏ', '', '');
INSERT INTO holidays VALUES (453, '12.10', 'РќР°С†РёРѕРЅР°Р»СЊРЅС‹Р№ РїСЂР°Р·РґРЅРёРє РСЃРїР°РЅРёРё. Р“РѕРґРѕРІС‰РёРЅР° РѕС‚РєСЂС‹С‚РёСЏ РђРјРµСЂРёРєРё РҐСЂРёСЃС‚РѕС„РѕСЂРѕРј РљРѕР»СѓРјР±РѕРј.', '', '');
INSERT INTO holidays VALUES (454, '13.10', 'РњРµР¶РґСѓРЅР°СЂРѕРґРЅС‹Р№ РґРµРЅСЊ СЃС‚Р°РЅРґР°СЂС‚РёР·Р°С†РёРё', '', '');
INSERT INTO holidays VALUES (455, '14.10', 'РџРѕРєСЂРѕРІ РџСЂРµСЃРІСЏС‚РѕР№ Р‘РѕРіРѕСЂРѕРґРёС†С‹', '', '');
INSERT INTO holidays VALUES (456, '14.10', '1946 РјРµР¶РґСѓРЅР°СЂРѕРґРЅС‹Р№ РґРµРЅСЊ СЃС‚Р°РЅРґР°СЂС‚РёР·Р°С†РёРё, РѕС‚РјРµС‡Р°РµС‚СЃСЏ РІ РґРµРЅСЊ СѓС‡СЂРµР¶РґРµРЅРёСЏ (1946) РњРµР¶РґСѓРЅР°СЂРѕРґРЅРѕР№ РѕСЂРіР°РЅРёР·Р°С†РёРё РїРѕ cС‚Р°РЅРґР°СЂС‚РёР·Р°С†РёРё', '', '');
INSERT INTO holidays VALUES (457, '16.10', 'РґРµРЅСЊ РЅР°С‡Р°Р»СЊРЅРёРєР° (boss day) РІ РЎРЁРђ', '', '');
INSERT INTO holidays VALUES (458, '16.10.1945', 'РґРµРЅСЊ РїСЂРѕРґРѕРІРѕР»СЊСЃС‚РІРёСЏ, РѕС‚РјРµС‡Р°РµС‚СЃСЏ РїРѕ СЂРµС€РµРЅРёСЋ РџСЂРѕРґРѕРІРѕР»СЊСЃС‚РІРµРЅРЅРѕР№ Рё СЃРµР»СЊСЃРєРѕС…РѕР·СЏР№СЃС‚РІРµРЅРЅРѕР№ РѕСЂРіР°РЅРёР·Р°С†РёРё РћР±СЉРµРґРёРЅРµРЅРЅС‹С… РќР°С†РёР№, РѕСЃРЅРѕРІР°РЅРЅРѕР№ РІ СЌС‚РѕС‚ РґРµРЅСЊ РІ 1945 Рі.', '', '');
INSERT INTO holidays VALUES (459, '17.10', 'РјРµР¶РґСѓРЅР°СЂРѕРґРЅС‹Р№ РґРµРЅСЊ Р·Р° РёСЃРєРѕСЂРµРЅРµРЅРёРµ РЅРёС‰РµС‚С‹', '', '');
INSERT INTO holidays VALUES (460, '17.10.1905', 'РЎРѕР·РґР°РЅРёРµ 1 Р“РѕСЃСѓРґР°СЂСЃС‚РІРµРЅРЅРѕР№ Р”СѓРјС‹ РІ Р РѕСЃСЃРёРё', '', '');
INSERT INTO holidays VALUES (461, '18.10.1867', 'РџРµСЂРµРґР°С‡Р° Р РѕСЃСЃРёРµР№ РђР»СЏСЃРєРё РЎРЁРђ', '', '');
INSERT INTO holidays VALUES (462, '20.10.1905', 'РќР°С‡Р°Р»Рѕ РІ Р РѕСЃСЃРёРё РћРєС‚СЏР±СЂСЊСЃРєРѕР№ РІСЃРµСЂРѕСЃСЃРёР№СЃРєРѕР№ РїРѕР»РёС‚РёС‡РµСЃРєРѕР№ СЃС‚Р°С‡РєРё', '', '');
INSERT INTO holidays VALUES (463, '20.10.1971', 'РџСЂРµРјСЊРµСЂР° СЂРѕРє-РѕРїРµСЂС‹ ''Jesus Christ Superstar'' РІ РќСЊСЋ-Р™РѕСЂРєРµ.', '', '');
INSERT INTO holidays VALUES (464, '22.10.1721', 'РђРєС‚ РїРѕРґРЅРµСЃРµРЅРёСЏ Р“РѕСЃСѓРґР°СЂСЋ Р¦Р°СЂСЋ РџРµС‚СЂСѓ I С‚РёС‚СѓР»Р° РРјРїРµСЂР°С‚РѕСЂР° Р’СЃРµСЂРѕСЃСЃРёР№СЃРєРѕРіРѕ РЅР°РёРјРµРЅРѕРІР°РЅРёСЏ Р’РµР»РёРєРѕРіРѕ Рё РћС‚С†Р° РћС‚РµС‡РµСЃС‚РІР°', '', '');
INSERT INTO holidays VALUES (465, '24.10', 'РјРµР¶РґСѓРЅР°СЂРѕРґРЅС‹Р№ РґРµРЅСЊ РћСЂРіР°РЅРёР·Р°С†РёРё РћР±СЉРµРґРёРЅС‘РЅРЅС‹С… РќР°С†РёР№ (РћРћРќ)', '', '');
INSERT INTO holidays VALUES (466, '24.10.1973', 'РІ Р•РіРёРїС‚Рµ РґРµРЅСЊ СЃСѓСЌС†РєРѕР№ РїРѕР±РµРґС‹. Р“РѕРґРѕРІС‰РёРЅР° РµРіРёРїРµС‚СЃРєРѕ-РёР·СЂР°РёР»СЊСЃРєРѕРіРѕ РїРµСЂРµРјРёСЂРёСЏ 1973 РіРѕРґР°, РїРѕСЃР»Рµ РєРѕС‚РѕСЂРѕРіРѕ Р•РіРёРїРµС‚ РІРѕСЃСЃС‚Р°РЅРѕРІРёР» РєРѕРЅС‚СЂРѕР»СЊ РЅР°Рґ РЎСѓСЌС†РєРёРј РєР°РЅР°Р»РѕРј.', '', '');
INSERT INTO holidays VALUES (467, '25.10', 'Р’ 03.00 РџРµСЂРµС…РѕРґ РЅР° Р•РІСЂРѕРїРµР№СЃРєРѕРµ Р·РёРјРЅРµРµ РІСЂРµРјСЏ (С‡Р°СЃС‹ РїРµСЂРµРІРѕРґСЏС‚СЃСЏ РЅР° 1 С‡Р°СЃ РЅР°Р·Р°Рґ)', '', '');
INSERT INTO holidays VALUES (468, '25.10', 'РґРµРЅСЊ РёРЅР¶РµРЅРµСЂР°-РјРµС…Р°РЅРёРєР°', '', '');
INSERT INTO holidays VALUES (469, '25.10', 'РґРµРЅСЊ СЂР°Р±РѕС‚РЅРёРєРѕРІ Р°РІС‚РѕРјРѕР±РёР»СЊРЅРѕРіРѕ С‚СЂР°РЅСЃРїРѕСЂС‚Р° Рё РґРѕСЂРѕР¶РЅРѕРіРѕ С…РѕР·СЏР№СЃС‚РІР°', '', '');
INSERT INTO holidays VALUES (470, '25.10', 'РґРµРЅСЊ С‚Р°РјРѕР¶РµРЅРЅРёРєР° Р РѕСЃСЃРёР№СЃРєРѕР№ Р¤РµРґРµСЂР°С†РёРё', '', '');
INSERT INTO holidays VALUES (471, '25.10', 'РјРµР¶РґСѓРЅР°СЂРѕРґРЅС‹Р№ РґРµРЅСЊ Р±РѕСЂСЊР±С‹ Р¶РµРЅС‰РёРЅ Р·Р° РјРёСЂ', '', '');
INSERT INTO holidays VALUES (472, '26.10.1917', 'РџСЂРёРЅСЏС‚РёРµ Р”РµРєСЂРµС‚Р° Рѕ Р·РµРјР»Рµ', '', '');
INSERT INTO holidays VALUES (473, '26.10.1917', 'РџСЂРёРЅСЏС‚РёРµ Р”РµРєСЂРµС‚Р° Рѕ РјРёСЂРµ', '', '');
INSERT INTO holidays VALUES (474, '28.10', 'РІ Р§РµС…РёРё Р”РµРЅСЊ РѕСЃРЅРѕРІР°РЅРёСЏ РЅРµР·Р°РІРёСЃРёРјРѕР№ Р§РµС…РѕСЃР»РѕРІР°РєРёРё.', '', '');
INSERT INTO holidays VALUES (475, '28.10.1940', 'РІ Р“СЂРµС†РёРё РґРµРЅСЊ ''РћС…Рё'' (''РѕС…Рё'' РїРѕ-РіСЂРµС‡РµСЃРєРё РѕР·РЅР°С‡Р°РµС‚ ''РЅРµС‚''). Р“СЂРµС‡РµСЃРєРёР№ Р°РЅР°Р»РѕРі СЂРѕСЃСЃРёР№СЃРєРѕРіРѕ Р”РЅСЏ РїРѕР±РµРґС‹.', '', '');
INSERT INTO holidays VALUES (476, '29.10', 'Р”РµРЅСЊ СЂРµСЃРїСѓР±Р»РёРєРё. РўР РЎРљ (РўСѓСЂРµС†РєР°СЏ Р РµСЃРїСѓР±Р»РёРєР° РЎРµРІРµСЂРЅРѕРіРѕ РљРёРїСЂР°).', '', '');
INSERT INTO holidays VALUES (477, '29.10.1918', 'РґРµРЅСЊ СЂРѕР¶РґРµРЅРёСЏ РљРѕРјСЃРѕРјРѕР»Р°', '', '');
INSERT INTO holidays VALUES (478, '30.10', 'РґРµРЅСЊ РїР°РјСЏС‚Рё Р¶РµСЂС‚РІ РїРѕР»РёС‚РёС‡РµСЃРєРёС… СЂРµРїСЂРµСЃСЃРёР№', '', '');
INSERT INTO holidays VALUES (479, '30.10.1696', 'РћР±СЂР°Р·РѕРІР°РЅРёРµ Р РѕСЃСЃРёР№СЃРєРѕРіРѕ С„Р»РѕС‚Р°', '', '');
INSERT INTO holidays VALUES (480, '30.10.1975', 'РґРµРЅСЊ РІС‹С…РѕРґР° РІ СЃРІРµС‚ РїРµСЃРЅРё РіСЂСѓРїРїС‹ ''Qween'' ''Bohemian Rapsody''.', '', '');
INSERT INTO holidays VALUES (481, '31.10', 'РґРµРЅСЊ Р’СЃРµС… РЎРІСЏС‚С‹С… (Halloween)', '', '');
INSERT INTO holidays VALUES (482, '01.11.1999', 'РљРѕРјРїР°РЅРёСЏ ''РќРўР’-РџР»СЋСЃ'' РЅР°С‡Р°Р»Р° РЅРµРїРѕСЃСЂРµРґСЃС‚РІРµРЅРЅРѕРµ СЃРїСѓС‚РЅРёРєРѕРІРѕРµ РІРµС‰Р°РЅРёРµ РІ С†РёС„СЂРѕРІРѕР№ С„РѕСЂРјРµ С‡РµСЂРµР· СЃРїСѓС‚РЅРёРє ''Р РёС‚Рј-1/ Р‘РѕРЅСѓРј-1''', '', '');
INSERT INTO holidays VALUES (483, '02.11', 'РґРµРЅСЊ РјРµР¶РґСѓРЅР°СЂРѕРґРЅРѕРіРѕ РїСЂРёР·РЅР°РЅРёСЏ РџРµС‚РµСЂР±СѓСЂРіР°', '', '');
INSERT INTO holidays VALUES (484, '02.11.1917', 'Р”РµРєР»Р°СЂР°С†РёСЏ РїСЂР°РІ РЅР°СЂРѕРґРѕРІ Р РѕСЃСЃРёРё', '', '');
INSERT INTO holidays VALUES (485, '03.11', 'РІ РЇРїРѕРЅРёРё РґРµРЅСЊ РЅР°С†РёРѕРЅР°Р»СЊРЅРѕР№ РєСѓР»СЊС‚СѓСЂС‹.', '', '');
INSERT INTO holidays VALUES (486, '946', 'РґРµРЅСЊ СЃРѕР·РґР°РЅРёСЏ Р®РќР•РЎРљРћ', '', '');
INSERT INTO holidays VALUES (487, '04.11.1967', 'Р’РІРµРґРµРЅ РІ СЌРєСЃРїР»СѓР°С‚Р°С†РёСЋ РћР±С‰РµСЃРѕСЋР·РЅС‹Р№ С‚РµР»РµС†РµРЅС‚СЂ РІ РћСЃС‚Р°РЅРєРёРЅРѕ. Р‘С‹Р»Р° СЃРґР°РЅР° РІ СЌРєСЃРїР»СѓР°С‚Р°С†РёСЋ СЃР°РјР°СЏ РІС‹СЃРѕРєР°СЏ РІ РјРёСЂРµ Р±Р°С€РЅСЏ РѕР±С‰РµСЃРѕСЋР·РЅРѕР№ СЂР°РґРёРѕС‚РµР»РµРІРёР·РёРѕРЅРЅРѕР№ РїРµСЂРµРґР°СЋС‰РµР№ СЃС‚Р°РЅС†РёРё. Р•Рµ РІС‹СЃРѕС‚Р° РІРјРµСЃС‚Рµ СЃ С„Р»Р°РіС€С‚РѕРєРѕРј СЃРѕСЃС‚Р°РІРёР»Р°', '', '');
INSERT INTO holidays VALUES (488, '05.11.1943', 'СЂРѕРґРёР»СЃСЏ РЎС‚РёРІ РњРёР»Р»РµСЂ.', '', '');
INSERT INTO holidays VALUES (489, '06.11.1972', 'Black Sabbath РїРѕР»СѓС‡РёР»Рё ''Р·РѕР»РѕС‚РѕР№'' РґРёСЃРє Р·Р° Р°Р»СЊР±РѕРј ''Vol.4''.', '', '');
INSERT INTO holidays VALUES (490, '07.11', 'РґРµРЅСЊ РїСЂРёРјРµСЂРµРЅРёСЏ Рё СЃРѕРіР»Р°СЃРёСЏ', '', '');
INSERT INTO holidays VALUES (491, '07.11.1612', 'РґРµРЅСЊ РІРѕРёРЅСЃРєРѕР№ СЃР»Р°РІС‹ Р РѕСЃСЃРёРё. Р”РµРЅСЊ РѕСЃРІРѕР±РѕР¶РґРµРЅРёСЏ РњРѕСЃРєРІС‹ СЃРёР»Р°РјРё РЅР°СЂРѕРґРЅРѕРіРѕ РѕРїРѕР»С‡РµРЅРёСЏ РїРѕРґ СЂСѓРєРѕРІРѕРґСЃС‚РІРѕРј РљСѓР·СЊРјС‹ РњРёРЅРёРЅР° Рё Р”РјРёС‚СЂРёСЏ РџРѕР¶Р°СЂСЃРєРѕРіРѕ РѕС‚ РїРѕР»СЊСЃРєРёС… РёРЅС‚РµСЂРІРµРЅС‚РѕРІ', '', '');
INSERT INTO holidays VALUES (492, '07.11.1917', 'РћРєС‚СЏР±СЂСЊСЃРєР°СЏ РЎРѕС†РёР°Р»РёСЃС‚РёС‡РµСЃРєР°СЏ Р РµРІРѕР»СЋС†РёСЏ', '', '');
INSERT INTO holidays VALUES (493, '09.11', 'Р’СЃРµРјРёСЂРЅС‹Р№ РґРµРЅСЊ РєР°С‡РµСЃС‚РІР°', '', '');
INSERT INTO holidays VALUES (494, '10.11', 'Р’СЃРµРјРёСЂРЅС‹Р№ РґРµРЅСЊ РјРѕР»РѕРґРµР¶Рё', '', '');
INSERT INTO holidays VALUES (495, '10.11', 'РґРµРЅСЊ РјРёР»РёС†РёРё', '', '');
INSERT INTO holidays VALUES (496, '12.11', 'РґРµРЅСЊ Р±Р°РЅРєРѕРІСЃРєРѕРіРѕ СЂР°Р±РѕС‚РЅРёРєР°', '', '');
INSERT INTO holidays VALUES (497, '12.11.1945', 'Р РѕРґРёР»СЃСЏ РќРµР№Р» РЇРЅРі.', '', '');
INSERT INTO holidays VALUES (498, '13.11', 'РњРµР¶РґСѓРЅР°СЂРѕРґРЅС‹Р№ РґРµРЅСЊ СЃР»РµРїС‹С…', '', '');
INSERT INTO holidays VALUES (499, '13.11.1968', 'РџСЂРµРјСЊРµСЂР° РјСѓР»СЊС‚С„РёР»СЊРјР° ''Yellow Submarine'' РІ РЎРЁРђ.', '', '');
INSERT INTO holidays VALUES (500, '14.11', 'Р’СЃРµРјРёСЂРЅС‹Р№ РґРµРЅСЊ Р±РѕСЂСЊР±С‹ РїСЂРѕС‚РёРІ РґРёР°Р±РµС‚Р°', '', '');
INSERT INTO holidays VALUES (501, '14.11.1851', 'РџСЂРѕС€РµР» РїРµСЂРІС‹Р№ РїРѕРµР·Рґ РјРµР¶РґСѓ РЎР°РЅРєС‚-РџРµС‚РµСЂР±СѓСЂРіРѕРј Рё РњРѕСЃРєРІРѕР№', '', '');
INSERT INTO holidays VALUES (502, '15.11', 'Р’СЃРµСЂРѕСЃСЃРёР№СЃРєРёР№ РґРµРЅСЊ РїСЂРёР·С‹РІРЅРёРєР°', '', '');
INSERT INTO holidays VALUES (503, '15.11', 'Р”РµРЅСЊ РїСЂРѕРІРѕР·РіР»Р°С€РµРЅРёСЏ РўСѓСЂРµС†РєРѕР№ Р РµСЃРїСѓР±Р»РёРєРё РЎРµРІРµСЂРЅРѕРіРѕ РљРёРїСЂР°', '', '');
INSERT INTO holidays VALUES (504, '15.11', 'РґРµРЅСЊ Р Р°РєРµС‚РЅС‹С… РІРѕР№СЃРє Рё Р°СЂС‚РёР»Р»РµСЂРёРё', '', '');
INSERT INTO holidays VALUES (505, '15.11.1934', 'РџРµСЂРІР°СЏ С‚РµР»РµРІРёР·РёРѕРЅРЅР°СЏ Р·РІСѓРєРѕРІР°СЏ РїРµСЂРµРґР°С‡Р° РІ РЎРЎРЎР , РєРѕС‚РѕСЂР°СЏ СЃРѕСЃС‚РѕСЏР»Р°СЃСЊ РІ РњРѕСЃРєРІРµ', '', '');
INSERT INTO holidays VALUES (506, '15.11.1971', 'РґРµРЅСЊ РІС‹РїСѓСЃРєР° РїРµСЂРІРѕРіРѕ РјРёРєСЂРѕРїСЂРѕС†РµСЃСЃРѕСЂР° Intel 4004', '', '');
INSERT INTO holidays VALUES (507, '16.11', 'РњРµР¶РґСѓРЅР°СЂРѕРґРЅС‹Р№ РґРµРЅСЊ Р±РѕСЂСЊР±С‹ СЃ РєСѓСЂРµРЅРёРµРј', '', '');
INSERT INTO holidays VALUES (508, '16.11', 'РґРµРЅСЊ РјРѕСЂСЃРєРѕР№ РїРµС…РѕС‚С‹', '', '');
INSERT INTO holidays VALUES (509, '16.11', 'РјРµР¶РґСѓРЅР°СЂРѕРґРЅС‹Р№ РґРµРЅСЊ С‚РµСЂРїРёРјРѕСЃС‚Рё (С‚РѕР»РµСЂР°РЅС‚РЅРѕСЃС‚Рё).', '', '');
INSERT INTO holidays VALUES (510, '16.11.1869', 'РћС‚РєСЂС‹С‚РёРµ РЎСѓСЌС†РєРѕРіРѕ РєР°РЅР°Р»Р°', '', '');
INSERT INTO holidays VALUES (511, '17.11', 'РњРµР¶РґСѓРЅР°СЂРѕРґРЅС‹Р№ РґРµРЅСЊ СЃС‚СѓРґРµРЅС‚РѕРІ', '', '');
INSERT INTO holidays VALUES (512, '20.11.0864', 'РџСЂРёРЅСЏС‚С‹ РЎСѓРґРµР±РЅС‹Рµ СѓСЃС‚Р°РІС‹ Р РѕСЃСЃРёРё', '', '');
INSERT INTO holidays VALUES (513, '20.11.1480', 'РљРѕРЅРµС† С‚Р°С‚Р°СЂРѕ-РјРѕРЅРіРѕР»СЊСЃРєРѕРіРѕ РёРіР° РЅР° Р СѓСЃРё', '', '');
INSERT INTO holidays VALUES (514, '20.11.1945', 'РќСЋСЂРЅР±РµСЂРіСЃРєРёР№ РїСЂРѕС†РµСЃСЃ РЅР°Рґ РіР»Р°РІРЅС‹РјРё РЅР°С†РёСЃС‚СЃРєРёРјРё РІРѕРµРЅРЅС‹РјРё РїСЂРµСЃС‚СѓРїРЅРёРєР°РјРё (20 РЅРѕСЏР±СЂСЏ1945 - 1 РѕРєС‚СЏР±СЂСЏ 1945)', '', '');
INSERT INTO holidays VALUES (515, '21.11', 'РІСЃРµРјРёСЂРЅС‹Р№ РґРµРЅСЊ РїСЂРёРІРµС‚СЃС‚РІРёР№', '', '');
INSERT INTO holidays VALUES (516, '21.11', 'РІСЃРµРјРёСЂРЅС‹Р№ РґРµРЅСЊ С‚РµР»РµРІРёРґРµРЅРёСЏ', '', '');
INSERT INTO holidays VALUES (517, '21.11', 'РґРµРЅСЊ СЂР°Р±РѕС‚РЅРёРєР° РЅР°Р»РѕРіРѕРІС‹С… РѕСЂРіР°РЅРѕРІ Р РѕСЃСЃРёР№СЃРєРѕР№ Р¤РµРґРµСЂР°С†РёРё', '', '');
INSERT INTO holidays VALUES (518, '22.11', 'РґРµРЅСЊ Р‘Р»РѕРіРѕРґР°СЂРµРЅРёСЏ', '', '');
INSERT INTO holidays VALUES (519, '23.11', 'РІ РЇРїРѕРЅРёРё РґРµРЅСЊ Р±Р»Р°РіРѕРґР°СЂРµРЅРёСЏ Рё С‚СЂСѓРґР°.', '', '');
INSERT INTO holidays VALUES (520, '23.11.1924', 'РЎРѕСЃС‚РѕСЏР»Р°СЃСЊ РїРµСЂРІР°СЏ С€РёСЂРѕРєРѕРІРµС‰Р°С‚РµР»СЊРЅР°СЏ РїРµСЂРµРґР°С‡Р° РњРѕСЃРєРѕРІСЃРєРѕРіРѕ СЂР°РґРёРѕ', '', '');
INSERT INTO holidays VALUES (521, '24.11', 'РґРµРЅСЊ РјР°С‚РµСЂРё', '', '');
INSERT INTO holidays VALUES (522, '24.11.1991', 'РЈС€С‘Р» РёР· Р¶РёР·РЅРё Р¤СЂРµРґРё РњРµСЂРєСЋСЂРё.', '', '');
INSERT INTO holidays VALUES (523, '26.11', 'РґРµРЅСЊ РЎРІСЏС‚РѕРіРѕ РРѕР°РЅРЅР° Р—Р»Р°С‚РѕСѓСЃС‚Р°', '', '');
INSERT INTO holidays VALUES (524, '26.11.1769', 'РЈС‡СЂРµР¶РґРµРЅ Р“РµРѕСЂРіРёРµРІСЃРєРёР№ РєСЂРµСЃС‚', '', '');
INSERT INTO holidays VALUES (525, '29.11', 'РјРµР¶РґСѓРЅР°СЂРѕРґРЅС‹Р№ РґРµРЅСЊ СЃРѕР»РёРґР°СЂРЅРѕСЃС‚Рё СЃ РїР°Р»РµСЃС‚РёРЅСЃРєРёРј РЅР°СЂРѕРґРѕРј', '', '');
INSERT INTO holidays VALUES (526, '30.11.2001', 'РґРµРЅСЊ ''СЃРјРµСЂС‚Рё'' Windows 95. РљРѕРјРїР°РЅРёСЏ Microsoft РѕС„РёС†Р°Р»СЊРЅРѕ РїСЂРµРєСЂР°С‰Р°РµС‚ РїРѕРґРґРµСЂР¶РєСѓ СЌС‚РѕР№ РћРЎ. Р­С‚Рѕ РѕР·РЅР°С‡Р°РµС‚ РїСЂРµРєСЂР°С‰РµРЅРёРµ РІС‹РїСѓСЃРєР° РґСЂР°Р№РІРµСЂРѕРІ Рё РїСЂРѕРіСЂР°РјРј СЃРїРѕСЃРѕР±РЅС‹С… СЂР°Р±РѕС‚Р°С‚СЊ РїРѕРґ СѓРїСЂР°РІР»РµРЅРёРµРј Windows 95', '', '');
INSERT INTO holidays VALUES (527, '01.12', 'РІСЃРµРјРёСЂРЅС‹Р№ РґРµРЅСЊ Р±РѕСЂСЊР±С‹ СЃРѕ РЎРџРР”РѕРј', '', '');
INSERT INTO holidays VALUES (528, '01.12.1853', 'РґРµРЅСЊ РІРѕРёРЅСЃРєРѕР№ СЃР»Р°РІС‹ Р РѕСЃСЃРёРё. Р”РµРЅСЊ РїРѕР±РµРґС‹ СЂСѓСЃСЃРєРѕР№ СЌСЃРєР°РґСЂС‹ РїРѕРґ РєРѕРјР°РЅРґРѕРІР°РЅРёРµРј Рџ.РЎ. РќР°С…РёРјРѕРІР° РЅР°Рґ С‚СѓСЂРµС†РєРѕР№ СЌСЃРєР°РґСЂРѕР№ Сѓ РјС‹СЃР° РЎРёРЅРѕРї', '', '');
INSERT INTO holidays VALUES (529, '03.12', 'РњРµР¶РґСѓРЅР°СЂРѕРґРЅС‹Р№ РґРµРЅСЊ РёРЅРІР°Р»РёРґРѕРІ', '', '');
INSERT INTO holidays VALUES (530, '03.12.1959', 'РџРѕСЃС‚СЂРѕРµРЅ РїРµСЂРІС‹Р№ РІ РјРёСЂРµ Р°С‚РѕРјРЅС‹Р№ Р»РµРґРѕРєРѕР» ''Р›РµРЅРёРЅ''', '', '');
INSERT INTO holidays VALUES (531, '05.12', 'РјРµР¶РґСѓРЅР°СЂРѕРґРЅС‹Р№ РґРµРЅСЊ РґРѕР±СЂРѕРІРѕР»СЊС†РµРІ РІРѕ РёРјСЏ СЌРєРѕРЅРѕРјРёС‡РµСЃРєРѕРіРѕ Рё СЃРѕС†РёР°Р»СЊРЅРѕРіРѕ СЂР°Р·РІРёС‚РёСЏ (Р”РµРЅСЊ РІРѕР»РѕРЅС‚РµСЂР°, РїРѕ СЂРµС€РµРЅРёСЋ РћРћРќ)', '', '');
INSERT INTO holidays VALUES (532, '05.12.1936', 'РџСЂРёРЅСЏС‚РёРµ РљРѕРЅСЃС‚РёС‚СѓС†РёРё РЎРЎРЎР ', '', '');
INSERT INTO holidays VALUES (533, '05.12.1941', 'РґРµРЅСЊ РІРѕРёРЅСЃРєРѕР№ СЃР»Р°РІС‹ Р РѕСЃСЃРёРё. Р”РµРЅСЊ РЅР°С‡Р°Р»Р° РєРѕРЅС‚СЂРЅР°СЃС‚СѓРїР»РµРЅРёСЏ СЃРѕРІРµС‚СЃРєРёС… РІРѕР№СЃРє РїСЂРѕС‚РёРІ РЅРµРјРµС†РєРѕ - С„Р°С€РёСЃС‚СЃРєРёС… РІРѕР№СЃРє РІ Р±РёС‚РІРµ РїРѕРґ РњРѕСЃРєРІРѕР№', '', '');
INSERT INTO holidays VALUES (534, '06.12', 'РІ РСЃРїР°РЅРёРё Р”РµРЅСЊ РєРѕРЅСЃС‚РёС‚СѓС†РёРё.', '', '');
INSERT INTO holidays VALUES (535, '07.12', 'РјРµР¶РґСѓРЅР°СЂРѕРґРЅС‹Р№ РґРµРЅСЊ РіСЂР°Р¶РґР°РЅСЃРєРѕР№ Р°РІРёР°С†РёРё', '', '');
INSERT INTO holidays VALUES (536, '07.12.1988', 'Р—РµРјР»РµС‚СЂСЏСЃРµРЅРёРµ РІ РђСЂРјРµРЅРёРё', '', '');
INSERT INTO holidays VALUES (537, '08.12', 'РїСЂР°Р·РґРЅРёРє РЅРµРїРѕСЂРѕС‡РЅРѕРіРѕ Р·Р°С‡Р°С‚РёСЏ', '', '');
INSERT INTO holidays VALUES (538, '09.12.1968', 'Р‘С‹Р»Р° РёР·РѕР±СЂРµС‚РµРЅР° РјС‹С€РєР°, РѕРґРЅРѕ РёР· СЃР°РјС‹С… РЅРµРѕР±С…РѕРґРёРјС‹С… СѓСЃС‚СЂРѕР№СЃС‚РІ РІРІРѕРґР°', '', '');
INSERT INTO holidays VALUES (539, '09.12.1993', 'Р”РµРЅСЊ РІС‹С…РѕРґР° РЅРµСѓРјРёСЂР°СЋС‰РµР№ РёРіСЂС‹ D00M!!!', '', '');
INSERT INTO holidays VALUES (540, '10.12.1948', 'Р“РµРЅРµСЂР°Р»СЊРЅР°СЏ РђСЃСЃР°РјР±Р»РµСЏ РћРћРќ РїСЂРёРЅСЏР»Р° Р’СЃРµРѕР±С‰СѓСЋ РґРµРєР»Р°СЂР°С†РёСЋ РїСЂР°РІ С‡РµР»РѕРІРµРєР°', '', '');
INSERT INTO holidays VALUES (541, '11.12', 'Р’СЃРµРјРёСЂРЅС‹Р№ РґРµРЅСЊ РїСЂР°РІ С‡РµР»РѕРІРµРєР°', '', '');
INSERT INTO holidays VALUES (542, '11.12', 'РІСЃРµРјРёСЂРЅС‹Р№ РґРµРЅСЊ РґРµС‚СЃРєРѕРіРѕ С‚РµР»РµРІРµС‰Р°РЅРёСЏ', '', '');
INSERT INTO holidays VALUES (543, '11.12.1905', 'Р—Р°РєРѕРЅ ''Рћ РІС‹Р±РѕСЂР°С… РІ Р“РѕСЃСѓРґР°СЂСЃС‚РІРµРЅРЅСѓСЋ РґСѓРјСѓ''', '', '');
INSERT INTO holidays VALUES (544, '11.12.1918', 'РІРѕ Р¤СЂР°РЅС†РёРё РґРµРЅСЊ РїРµСЂРµРјРёСЂРёСЏ. РћС‚РјРµС‡Р°РµС‚СЃСЏ РІ РіРѕРґРѕРІС‰РёРЅСѓ РїРѕРґРїРёСЃР°РЅРёСЏ РІ 1918 РіРѕРґСѓ РїРµСЂРµРјРёСЂРёСЏ РјРµР¶РґСѓ РђРЅС‚Р°РЅС‚РѕР№ Рё Р“РµСЂРјР°РЅРёРµР№ Рё СЃС‡РёС‚Р°РµС‚СЃСЏ РґРЅРµРј РїР°РјСЏС‚Рё РІСЃРµС… С„СЂР°РЅС†СѓР·СЃРєРёС… СЃРѕР»РґР°С‚.', '', '');
INSERT INTO holidays VALUES (545, '12.12', 'РґРµРЅСЊ РљРѕРЅСЃС‚РёС‚СѓС†РёРё Р РѕСЃСЃРёР№СЃРєРѕР№ Р¤РµРґРµСЂР°С†РёРё-РіРѕСЃСѓРґР°СЂСЃС‚РІРµРЅРЅС‹Р№ РїСЂР°Р·РґРЅРёРє', '', '');
INSERT INTO holidays VALUES (546, '12.12.1991', 'РґРµРЅСЊ СЃРѕР·РґР°РЅРёСЏ РїРµСЂРІРѕР№ Р°РјРµСЂРёРєР°РЅСЃРєРѕР№ РІРµР±-СЃС‚СЂР°РЅРёС‡РєРё, РєРѕС‚РѕСЂСѓСЋ РјРѕР¶РЅРѕ СЃС‡РёС‚Р°С‚СЊ ''РјР°РјРѕР№'' РІСЃРµР№ WWW. РЎРѕР·РґР°С‚РµР»СЊ СЃС‚СЂР°РЅРёС‡РєРё РџРѕР» РљСѓРЅС† 1940 Рі.СЂ.', '', '');
INSERT INTO holidays VALUES (547, '12.12.1993', 'РґРµРЅСЊ РљРѕРЅСЃС‚РёС‚СѓС†РёРё Р РѕСЃСЃРёР№СЃРєРѕР№ Р¤РµРґРµСЂР°С†РёРё - РіРѕСЃСѓРґР°СЂСЃС‚РІРµРЅРЅС‹Р№ РїСЂР°Р·РґРЅРёРє', '', '');
INSERT INTO holidays VALUES (548, '14.12', 'РґРµРЅСЊ СЌРЅРµСЂРіРµС‚РёРєР°', '', '');
INSERT INTO holidays VALUES (549, '15.12.1945', 'РњРѕСЃРєРѕРІСЃРєРёР№ С‚РµР»РµС†РµРЅС‚СЂ РїРµСЂРІС‹Рј РІ Р•РІСЂРѕРїРµ РІРѕР·РѕР±РЅРѕРІРёР» СЂРµРіСѓР»СЏСЂРЅС‹Рµ С‚РµР»РµРІРёР·РёРѕРЅРЅС‹Рµ РїРµСЂРµРґР°С‡Рё', '', '');
INSERT INTO holidays VALUES (550, '16.12.1926', 'РЎРѕСЃС‚РѕСЏР»Р°СЃСЊ Р»Р°Р±РѕСЂР°С‚РѕСЂРЅР°СЏ РґРµРјРѕРЅСЃС‚СЂР°С†РёСЏ РїРµСЂРµРґР°С‡Рё РґРІРёР¶СѓС‰РµРіРѕСЃСЏ РёР·РѕР±СЂР°Р¶РµРЅРёСЏ, РїСЂРёРЅС†РёРї РєРѕС‚РѕСЂРѕР№ Р±С‹Р» СЂР°Р·СЂР°Р±РѕС‚Р°РЅ СЂСѓСЃСЃРєРёРј С„РёР·РёРєРѕРј Р›. РўРµСЂРјРµРЅРѕРј.', '', '');
INSERT INTO holidays VALUES (551, '17.12', 'РґРµРЅСЊ СЂР°РєРµС‚РЅС‹С… РІРѕР№СЃРє СЃС‚СЂР°С‚РµРіРёС‡РµСЃРєРѕРіРѕ РЅР°Р·РЅР°С‡РµРЅРёСЏ', '', '');
INSERT INTO holidays VALUES (552, '18.12.1708', 'РЈРєР°Р· РѕР± СѓС‡СЂРµР¶РґРµРЅРёРё РіСѓР±РµСЂРЅРёР№ Рё Рѕ СЂР°СЃРїРёСЃР°РЅРёРё Рє РЅРёРј РіРѕСЂРѕРґРѕРІ', '', '');
INSERT INTO holidays VALUES (553, '19.12', 'РґРµРЅСЊ СЃРІСЏС‚РѕРіРѕ РќРёРєРѕР»Р°СЏ Р§СѓРґРѕС‚РІРѕСЂС†Р°', '', '');
INSERT INTO holidays VALUES (554, '19.12.1866', 'РЎРѕР·РґР°РЅРёРµ Р СѓСЃСЃРєРѕРіРѕ С‚РµР»РµРіСЂР°С„РЅРѕРіРѕ Р°РіРµРЅС‚СЃС‚РІР°', '', '');
INSERT INTO holidays VALUES (555, '20.12', 'РґРµРЅСЊ СЂР°Р±РѕС‚РЅРёРєР° РѕСЂРіР°РЅРѕРІ Р±РµР·РѕРїР°СЃРЅРѕСЃС‚Рё Р РѕСЃСЃРёР№СЃРєРѕР№ Р¤РµРґРµСЂР°С†РёРё', '', '');
INSERT INTO holidays VALUES (556, '21.12', 'РґРµРЅСЊ Р·РёРјРЅРµРіРѕ СЃРѕР»РЅС†РµСЃС‚РѕСЏРЅРёСЏ', '', '');
INSERT INTO holidays VALUES (557, '22.12.1929', 'Р’РїРµСЂРІС‹Рµ РїРѕ СЂР°РґРёРѕ РёР· РњРѕСЃРєРІС‹ РїРµСЂРµРґР°РІР°Р»СЃСЏ РєРѕРЅС†РµСЂС‚ РїРѕ Р·Р°СЏРІРєР°Рј СЂР°РґРёРѕСЃР»СѓС€Р°С‚РµР»РµР№.', '', '');
INSERT INTO holidays VALUES (558, '23.12', 'РІ РЇРїРѕРЅРёРё РґРµРЅСЊ СЂРѕР¶РґРµРЅРёСЏ РёРјРїРµСЂР°С‚РѕСЂР°.', '', '');
INSERT INTO holidays VALUES (559, '24.12', 'РІ Р§РµС…РёРё РЎРѕС‡РµР»СЊРЅРёРє', '', '');
INSERT INTO holidays VALUES (560, '24.12.1790', 'РґРµРЅСЊ РІРѕРёРЅСЃРєРѕР№ СЃР»Р°РІС‹ Р РѕСЃСЃРёРё. Р”РµРЅСЊ РІР·СЏС‚РёСЏ С‚СѓСЂРµС†РєРѕР№ РєСЂРµРїРѕСЃС‚Рё РР·РјР°РёР» СЂСѓСЃСЃРєРёРјРё РІРѕР№СЃРєР°РјРё РїРѕРґ РєРѕРјР°РЅРґРѕРІР°РЅРёРµРј Рђ.Р’. РЎСѓРІРѕСЂРѕРІР°', '', '');
INSERT INTO holidays VALUES (561, '24.12.1991', 'Р’ СЃРѕРѕС‚РІРµС‚СЃС‚РІРёРё СЃ СѓРєР°Р·РѕРј РїСЂРµР·РёРґРµРЅС‚Р° Р РѕСЃСЃРёРё СЃРѕР·РґР°РЅРѕ Р¤РђРџРЎР (Р¤РµРґРµСЂР°Р»СЊРЅРѕРµ РђРіРµРЅС‚СЃС‚РІРѕ РџСЂР°РІРёС‚РµР»СЊСЃС‚РІРµРЅРЅРѕР№ РЎРІСЏР·Рё Рё РРЅС„РѕСЂРјР°С†РёРё)', '', '');
INSERT INTO holidays VALUES (562, '25.12', 'РєР°С‚РѕР»РёС‡РµСЃРєРѕРµ Р РѕР¶РґРµС‚РІРѕ', '', '');
INSERT INTO holidays VALUES (563, '25.12.1979', 'РќР°С‡Р°Р»Рѕ РІРѕР№РЅС‹ РІ РђС„РіР°РЅРёСЃС‚Р°РЅРµ', '', '');
INSERT INTO holidays VALUES (564, '25.12.1991', 'РћРєРѕРЅС‡Р°С‚РµР»СЊРЅС‹Р№ СЂР°СЃРїР°Рґ РЎРѕРІРµС‚СЃРєРѕРіРѕ РЎРѕСЋР·Р°', '', '');
INSERT INTO holidays VALUES (565, '25.12.1993', 'Р—Р°СЂРµРіРёСЃС‚СЂРёСЂРѕРІР°РЅР° РїР°СЂС‚РёСЏ Р»СЋР±РёС‚РµР»РµР№ РїРёРІР°', '', '');
INSERT INTO holidays VALUES (566, '26.12', 'РІРѕ Р¤СЂР°РЅС†РёРё Р”РµРЅСЊ СЃРІСЏС‚РѕРіРѕ РЎС‚РµС„Р°РЅР° (С‚РѕР»СЊРєРѕ РІ Р­Р»СЊР·Р°СЃРµ-Р›РѕС‚Р°СЂРёРЅРіРёРё).', '', '');
INSERT INTO holidays VALUES (567, '26.12', 'РґРµРЅСЊ Р‘РѕРєСЃР° РІ РЎРЁРђ', '', '');
INSERT INTO holidays VALUES (568, '26.12.1825', 'Р’РѕСЃСЃС‚Р°РЅРёРµ ''РґРµРєР°Р±СЂРёСЃС‚РѕРІ'' РЅР° РЎРµРЅР°С‚СЃРєРѕР№ РїР»РѕС‰Р°РґРё', '', '');
INSERT INTO holidays VALUES (569, '26.12.1963', 'Р РѕРґРёР»СЃСЏ Р›Р°СЂСЃ РЈР»СЊСЂРёС… (РіСЂСѓРїРїР° ''Metallica'').', '', '');
INSERT INTO holidays VALUES (570, '26.12.1991', 'РџСЂРёРЅСЏС‚РёРµ Р”РµРєР»Р°СЂР°С†РёРё Рѕ РїСЂРµРєСЂР°С‰РµРЅРёРё СЃСѓС‰РµСЃС‚РІРѕРІР°РЅРёСЏ РЎРЎРЎР ', '', '');
INSERT INTO holidays VALUES (571, '27.12', 'РґРµРЅСЊ СЃРїР°СЃР°С‚РµР»СЏ', '', '');
INSERT INTO holidays VALUES (572, '27.12.1979', 'Р’РІРѕРґ СЃРѕРІРµС‚СЃРєРёС… РІРѕР№СЃРє РІ РђС„РіР°РЅРёСЃС‚Р°РЅ', '', '');
INSERT INTO holidays VALUES (573, '28.12.1895', 'РћС‚РєСЂС‹С‚РёРµ Р»СѓС‡РµР№ Р РµРЅС‚РіРµРЅР°', '', '');
INSERT INTO holidays VALUES (574, '28.12.1925', 'СѓРјРµСЂ РЎРµСЂРіРµР№ Р•СЃРµРЅРёРЅ', '', '');
INSERT INTO holidays VALUES (575, '29.12', 'РјРµР¶РґСѓРЅР°СЂРѕРґРЅС‹Р№ РґРµРЅСЊ Р±РёРѕР»РѕРіРёС‡РµСЃРєРѕРіРѕ СЂР°Р·РЅРѕРѕР±СЂР°Р·РёСЏ', '', '');
INSERT INTO holidays VALUES (576, '30.12.1922', 'РґРµРЅСЊ РѕР±СЂР°Р·РѕРІР°РЅРёСЏ РЎРѕСЋР·Р° РЎРѕРІРµС‚СЃРєРёС… РЎРѕС†РёР°Р»РёСЃС‚РёС‡РµСЃРєРёС… Р РµСЃРїСѓР±Р»РёРє', '', '');
INSERT INTO holidays VALUES (577, '30.12.1924', 'РџСЂРёРЅСЏС‚РёРµ РљРѕРЅСЃС‚РёС‚СѓС†РёРё РЎРЎРЎР ', '', '');
INSERT INTO holidays VALUES (578, '31.12', 'РІ РЇРїРѕРЅРёРё РєР°РЅСѓРЅ РќРѕРІРѕРіРѕ РіРѕРґР°.', '', '');

-- --------------------------------------------------------

-- 
-- РЎС‚СЂСѓРєС‚СѓСЂР° С‚Р°Р±Р»РёС†С‹ `hours_kind`
-- 

CREATE TABLE hours_kind (
  id int(4) NOT NULL auto_increment,
  kadri_id int(4) NOT NULL default '0',
  year_id int(4) NOT NULL default '0',
  part_id int(4) NOT NULL default '0',
  subject_id int(4) NOT NULL default '0',
  spec_id int(4) NOT NULL default '0',
  level_id int(4) NOT NULL default '0',
  group_id int(4) NOT NULL default '0',
  hours_kind_type int(4) NOT NULL default '0',
  groups_cnt int(4) NOT NULL default '0',
  stud_cnt int(4) NOT NULL default '0',
  `comment` varchar(100) collate cp1251_bin NOT NULL default '',
  lects int(4) NOT NULL default '0',
  practs int(4) NOT NULL default '0',
  labor int(4) NOT NULL default '0',
  rgr int(4) NOT NULL default '0',
  recenz int(4) NOT NULL default '0',
  kurs_proj int(4) NOT NULL default '0',
  consult int(4) NOT NULL default '0',
  test int(4) NOT NULL default '0',
  exams int(4) NOT NULL default '0',
  study_pract int(4) NOT NULL default '0',
  work_pract int(4) NOT NULL default '0',
  consult_dipl int(4) NOT NULL default '0',
  gek int(4) NOT NULL default '0',
  aspirants int(4) NOT NULL default '0',
  aspir_manage int(4) NOT NULL default '0',
  duty int(4) NOT NULL default '0',
  on_filial int(4) NOT NULL default '0' COMMENT 'СЃ СѓС‡РµС‚РѕРј РІС‹РµР·РґР° РЅР° С„РёР»РёР°Р»С‹',
  PRIMARY KEY  (id),
  UNIQUE KEY kadri_id (kadri_id,subject_id,spec_id,level_id,group_id,year_id,part_id,hours_kind_type)
) ENGINE=MyISAM DEFAULT CHARSET=cp1251 COLLATE=cp1251_bin COMMENT='РЅР°РіСЂСѓР·РєР°' AUTO_INCREMENT=1 ;

-- 
-- Р”Р°РјРї РґР°РЅРЅС‹С… С‚Р°Р±Р»РёС†С‹ `hours_kind`
-- 


-- --------------------------------------------------------

-- 
-- РЎС‚СЂСѓРєС‚СѓСЂР° С‚Р°Р±Р»РёС†С‹ `hours_kind_type`
-- 

CREATE TABLE hours_kind_type (
  id int(11) NOT NULL auto_increment,
  `name` varchar(100) character set utf8 collate utf8_unicode_ci NOT NULL default '',
  `comment` varchar(100) character set utf8 collate utf8_unicode_ci NOT NULL default '',
  PRIMARY KEY  (id)
) ENGINE=MyISAM DEFAULT CHARSET=latin1 COMMENT='С‚РёРїС‹ РЅР°РіСЂСѓР·РєРё' AUTO_INCREMENT=1 ;

-- 
-- Р”Р°РјРї РґР°РЅРЅС‹С… С‚Р°Р±Р»РёС†С‹ `hours_kind_type`
-- 


-- --------------------------------------------------------

-- 
-- РЎС‚СЂСѓРєС‚СѓСЂР° С‚Р°Р±Р»РёС†С‹ `hours_rate`
-- 

CREATE TABLE hours_rate (
  id int(11) NOT NULL auto_increment,
  dolgnost_id int(11) NOT NULL COMMENT 'ID РґРѕР»Р¶РЅРѕСЃС‚Рё',
  rate int(11) NOT NULL COMMENT 'СЂР°Р·РјРµСЂ РЅР°РіСЂСѓР·РєРё РІ С‡Р°СЃР°С…',
  `comment` varchar(250) collate utf8_unicode_ci default NULL,
  PRIMARY KEY  (id)
) ENGINE=MyISAM DEFAULT CHARSET=utf8 COLLATE=utf8_unicode_ci COMMENT='СЃС‚Р°РІРєРё РІ С‡Р°СЃР°С… РїРѕ РЅР°РіСЂСѓР·РєРµ' AUTO_INCREMENT=1 ;

-- 
-- Р”Р°РјРї РґР°РЅРЅС‹С… С‚Р°Р±Р»РёС†С‹ `hours_rate`
-- 


-- --------------------------------------------------------

-- 
-- РЎС‚СЂСѓРєС‚СѓСЂР° С‚Р°Р±Р»РёС†С‹ `hours_year`
-- 

CREATE TABLE hours_year (
  id int(11) NOT NULL auto_increment,
  kadri_id int(11) NOT NULL default '0',
  year_id int(11) NOT NULL default '0',
  bud_commerce enum('Р±СЋРґР¶РµС‚','РєРѕРЅС‚СЂР°РєС‚') collate cp1251_bin NOT NULL default 'Р±СЋРґР¶РµС‚',
  m09 int(11) NOT NULL default '0',
  m10 int(11) NOT NULL default '0',
  m11 int(11) NOT NULL default '0',
  m12 int(11) NOT NULL default '0',
  m01 int(11) NOT NULL default '0',
  m02 int(11) NOT NULL default '0',
  m03 int(11) NOT NULL default '0',
  m04 int(11) NOT NULL default '0',
  m05 int(11) NOT NULL default '0',
  m06 int(11) NOT NULL default '0',
  m07 int(11) NOT NULL default '0',
  m08 int(11) NOT NULL default '0',
  subjects varchar(100) collate cp1251_bin NOT NULL default '',
  PRIMARY KEY  (id),
  UNIQUE KEY index_uniq (kadri_id,bud_commerce)
) ENGINE=MyISAM AUTO_INCREMENT=14 DEFAULT CHARSET=cp1251 COLLATE=cp1251_bin COMMENT='РїРѕС‡Р°СЃРѕРІРєР°' AUTO_INCREMENT=14 ;

-- 
-- Р”Р°РјРї РґР°РЅРЅС‹С… С‚Р°Р±Р»РёС†С‹ `hours_year`
-- 

INSERT INTO hours_year VALUES (1, 29, 1, 'Р±СЋРґР¶РµС‚', 2, 2, 0, 0, 0, 0, 0, 0, 0, 0, 0, 0, '2;4;9;91');
INSERT INTO hours_year VALUES (2, 29, 1, 'РєРѕРЅС‚СЂР°РєС‚', 3, 0, 0, 0, 0, 0, 0, 0, 0, 0, 0, 0, '2;4;9;91');
INSERT INTO hours_year VALUES (4, 58, 0, 'Р±СЋРґР¶РµС‚', 1, 0, 0, 0, 0, 0, 0, 0, 0, 0, 0, 0, '');
INSERT INTO hours_year VALUES (6, 20, 1, 'Р±СЋРґР¶РµС‚', 0, 0, 0, 0, 0, 0, 0, 0, 0, 0, 0, 0, '86;53;41');
INSERT INTO hours_year VALUES (7, 67, 1, 'Р±СЋРґР¶РµС‚', 0, 0, 0, 0, 0, 0, 0, 0, 0, 0, 0, 0, '25');
INSERT INTO hours_year VALUES (8, 67, 1, 'РєРѕРЅС‚СЂР°РєС‚', 0, 0, 0, 0, 0, 0, 0, 0, 0, 0, 0, 0, '25');
INSERT INTO hours_year VALUES (9, 31, 2, 'Р±СЋРґР¶РµС‚', 0, 0, 0, 0, 0, 0, 0, 0, 0, 0, 0, 0, '');
INSERT INTO hours_year VALUES (10, 56, 2, 'РєРѕРЅС‚СЂР°РєС‚', 50, 0, 0, 0, 0, 0, 0, 0, 0, 0, 0, 0, '101');
INSERT INTO hours_year VALUES (11, 56, 2, 'Р±СЋРґР¶РµС‚', 50, 0, 0, 0, 0, 0, 0, 0, 0, 0, 0, 0, '101');
INSERT INTO hours_year VALUES (12, 28, 2, 'Р±СЋРґР¶РµС‚', 0, 0, 0, 0, 0, 0, 0, 0, 0, 0, 0, 0, '13;77;91');
INSERT INTO hours_year VALUES (13, 28, 2, 'РєРѕРЅС‚СЂР°РєС‚', 0, 0, 0, 0, 0, 0, 0, 0, 0, 0, 0, 0, '13;77;91');

-- --------------------------------------------------------

-- 
-- РЎС‚СЂСѓРєС‚СѓСЂР° С‚Р°Р±Р»РёС†С‹ `izmen`
-- 

CREATE TABLE izmen (
  id int(10) NOT NULL auto_increment,
  razdel varchar(30) NOT NULL default '0' COMMENT 'Р Р°Р·РґРµР» Рё РїСѓРЅРєС‚ РёРЅРґРёРІРёРґСѓР°Р»СЊРЅРѕРіРѕ РїР»Р°РЅР°, РїРѕРґР»РµР¶Р°С‰РёРµ РёР·РјРµРЅРµРЅРёСЋ',
  izmenenie varchar(100) NOT NULL COMMENT 'РћРїРёСЃР°РЅРёРµ РёР·РјРµРЅРµРЅРёСЏ',
  zav date NOT NULL default '0000-00-00' COMMENT 'Р”Р°С‚Р° (Р·Р°РІ. РєР°С„.)',
  prep date NOT NULL default '0000-00-00' COMMENT 'Р”Р°С‚Р° (РїСЂРµРїРѕРґ.)',
  id_otmetka int(1) NOT NULL default '0',
  id_kadri int(2) NOT NULL default '0',
  id_year int(2) NOT NULL default '0',
  `comment` varchar(200) NOT NULL default '',
  PRIMARY KEY  (id)
) ENGINE=MyISAM AUTO_INCREMENT=23 DEFAULT CHARSET=cp1251 COMMENT='РР·РјРµРЅРµРЅРёСЏ РІ РёРЅРґ. РїР»Р°РЅ.' AUTO_INCREMENT=23 ;

-- 
-- Р”Р°РјРї РґР°РЅРЅС‹С… С‚Р°Р±Р»РёС†С‹ `izmen`
-- 

INSERT INTO izmen VALUES (21, '1,3', 'РѕРїРёСЃР°РЅРёРµ Рё РїСЂРёС‡РёРЅС‹ РёР·РјРµРЅРµРЅРёСЏ', '2006-07-11', '2006-07-13', 1, 1, 9, '');
INSERT INTO izmen VALUES (22, '2', 'РѕРїРёСЃР°РЅРёРµ Рё РїСЂРёС‡РёРЅС‹', '2002-11-21', '2002-11-22', 2, 1, 9, '');

-- --------------------------------------------------------

-- 
-- РЎС‚СЂСѓРєС‚СѓСЂР° С‚Р°Р±Р»РёС†С‹ `kadri`
-- 

CREATE TABLE kadri (
  id int(1) NOT NULL auto_increment,
  photo varchar(100) collate cp1251_bin NOT NULL default '' COMMENT 'С„РѕС‚Рѕ',
  fio varchar(60) character set cp1251 NOT NULL COMMENT 'Р¤РРћ',
  fio_short varchar(50) character set cp1251 NOT NULL COMMENT 'Р¤РРћ РєСЂР°С‚РєРѕ',
  pol int(1) NOT NULL default '0' COMMENT 'ID РїРѕР»Р°',
  passp_seria varchar(15) character set latin1 NOT NULL default '' COMMENT 'РїР°СЃСЃРїРѕСЂС‚ СЃРµСЂРёСЏ',
  passp_nomer varchar(10) character set latin1 NOT NULL default '' COMMENT 'РїР°СЃСЃРїРѕСЂС‚ РЅРѕРјРµСЂ',
  passp_place varchar(100) collate cp1251_bin NOT NULL default '' COMMENT 'РїР°СЃСЃРїРѕСЂС‚ РјРµСЃС‚Рѕ РІС‹РґР°С‡Рё',
  passp_date varchar(10) collate cp1251_bin NOT NULL default '' COMMENT 'РїР°СЃСЃРїРѕСЂС‚ РґР°С‚Р° РІС‹РґР°С‡Рё',
  date_rogd varchar(10) character set latin1 NOT NULL default '' COMMENT 'РґР°С‚Р° СЂРѕР¶РґРµРЅРёСЏ',
  INN varchar(12) collate cp1251_bin NOT NULL default '' COMMENT 'РРќРќ',
  insurance_num varchar(20) collate cp1251_bin NOT NULL default '' COMMENT 'СЃС‚СЂР°С…РѕРІРѕР№ РЅРѕРјРµСЂ',
  language1 int(1) NOT NULL default '0' COMMENT 'ID РёРЅРѕСЃС‚СЂР°РЅРЅС‹Р№ СЏР·С‹Рє РїРµСЂРІС‹Р№',
  language2 int(1) NOT NULL default '0' COMMENT 'ID РёРЅРѕСЃС‚СЂР°РЅРЅС‹Р№ СЏР·С‹Рє РІС‚РѕСЂРѕР№',
  work_place varchar(60) collate cp1251_bin NOT NULL default '' COMMENT 'РјРµСЃС‚Рѕ СЂР°Р±РѕС‚С‹',
  dolgnost int(1) NOT NULL default '0' COMMENT 'ID РґРѕР»Р¶РЅРѕСЃС‚Рё',
  zvanie int(1) NOT NULL default '0' COMMENT 'ID Р·РІР°РЅРёСЏ',
  stepen int(1) NOT NULL default '0' COMMENT 'ID СЃС‚РµРїРµРЅРё',
  add_work varchar(100) collate cp1251_bin NOT NULL default '' COMMENT 'РјРµСЃС‚Рѕ СЂР°Р±РѕС‚С‹',
  tel_work varchar(20) collate cp1251_bin NOT NULL default '' COMMENT 'С‚РµР»РµС„РѕРЅ СЂР°Р±РѕС‡РёР№',
  add_home varchar(100) collate cp1251_bin NOT NULL default '' COMMENT 'Р°РґСЂРµСЃ РґРѕРјР°С€РЅРёР№',
  tel_home varchar(20) collate cp1251_bin NOT NULL default '' COMMENT 'С‚РµР»РµС„РѕРЅ РґРѕРјР°С€РЅРёР№',
  e_mail varchar(50) collate cp1251_bin NOT NULL default '' COMMENT 'СЌР»РµРєС‚СЂРѕРЅРЅР°СЏ РїРѕС‡С‚Р°',
  site varchar(50) collate cp1251_bin NOT NULL default '' COMMENT 'РёРЅС‚РµСЂРЅРµС‚ СЃР°Р№С‚',
  stag_ugatu char(3) collate cp1251_bin NOT NULL default '' COMMENT 'СЃС‚Р°Р¶ РІ РЈР“РђРўРЈ',
  stag_pps char(3) collate cp1251_bin NOT NULL default '' COMMENT 'СЃС‚Р°Р¶ РџРџРЎ',
  stag_itogo char(3) collate cp1251_bin NOT NULL default '' COMMENT 'СЃС‚Р°Р¶ РѕР±С‰РёР№',
  din_nauch_kar text collate cp1251_bin NOT NULL COMMENT 'РґРёРЅР°РјРёРєР° РЅР°СѓС‡РЅРѕР№ РєР°СЂСЊРµСЂС‹',
  ekspert_spec varchar(150) collate cp1251_bin NOT NULL default '' COMMENT 'СЌРєСЃРїРµСЂС‚РЅР°СЏ РѕР±Р»Р°СЃС‚СЊ',
  ekspert_kluch_slova text collate cp1251_bin NOT NULL COMMENT 'РєР»СЋС‡РµРІС‹Рµ СЃР»РѕРІР°',
  nauch_eksper text collate cp1251_bin NOT NULL COMMENT 'РѕРїС‹С‚ РЅР°СѓС‡РЅРѕР№ СЌРєСЃРїРµСЂС‚РёР·С‹',
  prepod_rabota text collate cp1251_bin NOT NULL COMMENT 'РѕРїС‹С‚ РїСЂРµРїРѕРґР°РІР°С‚РµР»СЊСЃРєРѕР№ СЂР°Р±РѕС‚С‹',
  nagradi varchar(150) collate cp1251_bin NOT NULL default '' COMMENT 'РЅР°СѓС‡РЅС‹Рµ РЅР°РіСЂР°РґС‹',
  primech varchar(100) collate cp1251_bin NOT NULL default '' COMMENT 'РїСЂРёРјРµС‡Р°РЅРёРµ',
  child_cnt int(4) NOT NULL COMMENT 'С‡РёСЃР»Рѕ РґРµС‚РµР№',
  person_type int(4) NOT NULL COMMENT 'С‚РёРї СѓС‡Р°СЃС‚РёСЏ РЅР° РєР°С„. (СЂРµС†РµРЅР·РµРЅС‚, РџРџРЎ, РЈР’Рџ)',
  PRIMARY KEY  (id),
  UNIQUE KEY fio (fio)
) ENGINE=MyISAM AUTO_INCREMENT=292 DEFAULT CHARSET=cp1251 COLLATE=cp1251_bin COMMENT='РІСЃРµ_СЃРѕС‚СЂСѓРґРЅРёРєРё' AUTO_INCREMENT=292 ;

-- 
-- Р”Р°РјРї РґР°РЅРЅС‹С… С‚Р°Р±Р»РёС†С‹ `kadri`
-- 

INSERT INTO kadri VALUES (1, '', 'РРІР°РЅРѕРІ РРІР°РЅ РРІР°РЅРѕРІРёС‡', 'РРІР°РЅРѕРІ Р.Р.', 0, '', '', '', '', '', '', '', 0, 0, '', 0, 0, 0, '', '', '', '', '', '', '', '', '', '', '', '', '', '', '', '', 0, 0);

-- --------------------------------------------------------

-- 
-- РЎС‚СЂСѓРєС‚СѓСЂР° С‚Р°Р±Р»РёС†С‹ `nauch_met_rab`
-- 

CREATE TABLE nauch_met_rab (
  id int(5) NOT NULL auto_increment,
  id_kadri int(5) NOT NULL default '0',
  id_year int(5) NOT NULL default '0',
  id_vidov_rabot int(5) NOT NULL default '0',
  prim varchar(100) NOT NULL COMMENT 'РџСЂРёРјРµС‡Р°РЅРёРµ Рє СЂР°Р±РѕС‚Рµ',
  srok_vipolneniya date NOT NULL default '0000-00-00' COMMENT 'РЎСЂРѕРє РІС‹РїРѕР»РЅРµРЅРёСЏ СЂР°Р±РѕС‚С‹',
  kol_vo_plan varchar(100) NOT NULL COMMENT 'Р—Р°РїР»Р°РЅРёСЂРѕРІР°РЅРЅРѕРµ РєРѕР»РёС‡РµСЃС‚РІРѕ С‡Р°СЃРѕРІ',
  vid_otch varchar(100) NOT NULL COMMENT 'Р’РёРґ РѕС‚С‡С‘С‚РЅРѕСЃС‚Рё',
  kol_vo varchar(100) NOT NULL COMMENT 'Р—Р°РїР»Р°РЅРёСЂРѕРІР°РЅРЅРѕРµ РєРѕР»РёС‡РµСЃС‚РІРѕ С€С‚.',
  `comment` varchar(200) NOT NULL default '',
  PRIMARY KEY  (id)
) ENGINE=MyISAM DEFAULT CHARSET=cp1251 COMMENT='РќР°СѓС‡.-РјРµС‚. Рё  РЅР°СѓС‡.-РёСЃСЃР»РµРґ. СЂР°Р±РѕС‚Р°' AUTO_INCREMENT=1 ;

-- 
-- Р”Р°РјРї РґР°РЅРЅС‹С… С‚Р°Р±Р»РёС†С‹ `nauch_met_rab`
-- 


-- --------------------------------------------------------

-- 
-- РЎС‚СЂСѓРєС‚СѓСЂР° С‚Р°Р±Р»РёС†С‹ `otmetka`
-- 

CREATE TABLE otmetka (
  id int(11) NOT NULL auto_increment,
  `name` char(3) NOT NULL default '',
  `comment` varchar(200) NOT NULL default '',
  PRIMARY KEY  (id)
) ENGINE=MyISAM AUTO_INCREMENT=3 DEFAULT CHARSET=cp1251 COMMENT='РЎРїСЂР°РІРѕС‡РЅРёРє "РћС‚РјРµС‚РєР°"' AUTO_INCREMENT=3 ;

-- 
-- Р”Р°РјРї РґР°РЅРЅС‹С… С‚Р°Р±Р»РёС†С‹ `otmetka`
-- 

INSERT INTO otmetka VALUES (1, 'РґР°', '');
INSERT INTO otmetka VALUES (2, 'РЅРµС‚', '');

-- --------------------------------------------------------

-- 
-- РЎС‚СЂСѓРєС‚СѓСЂР° С‚Р°Р±Р»РёС†С‹ `perechen_nauch_rab`
-- 

CREATE TABLE perechen_nauch_rab (
  id int(10) NOT NULL auto_increment,
  id_kadri int(5) NOT NULL default '0',
  id_year int(5) NOT NULL default '0',
  `name` varchar(100) NOT NULL default '',
  volume varchar(100) NOT NULL default '0' COMMENT 'РљРѕР»РёС‡РµСЃС‚РІРѕ СЃС‚СЂР°РЅРёС† Рё РёР·РґР°С‚РµР»СЊСЃС‚РІРѕ',
  id_type_nauch_rab int(2) NOT NULL default '0',
  `comment` varchar(200) NOT NULL default '',
  PRIMARY KEY  (id)
) ENGINE=MyISAM AUTO_INCREMENT=41 DEFAULT CHARSET=cp1251 COMMENT='РџРµСЂРµС‡РµРЅСЊ РЅР°СѓС‡. Рё РЅР°СѓС‡.-РјРµС‚. СЂР°Р±РѕС‚' AUTO_INCREMENT=41 ;

-- 
-- Р”Р°РјРї РґР°РЅРЅС‹С… С‚Р°Р±Р»РёС†С‹ `perechen_nauch_rab`
-- 

INSERT INTO perechen_nauch_rab VALUES (39, 1, 9, 'РЎРµС‚Рё', '12 РёР·РґР°С‚РµР»СЊСЃС‚РІРѕ', 1, '');
INSERT INTO perechen_nauch_rab VALUES (40, 1, 9, 'РљРёР±РµСЂРЅРµС‚РёРєР°', '11', 2, '');

-- --------------------------------------------------------

-- 
-- РЎС‚СЂСѓРєС‚СѓСЂР° С‚Р°Р±Р»РёС†С‹ `plan`
-- 

CREATE TABLE plan (
  id int(3) NOT NULL auto_increment,
  id_semestr int(3) NOT NULL default '0',
  id_kadri int(3) NOT NULL default '0',
  id_year int(3) NOT NULL default '0',
  `comment` varchar(200) NOT NULL default '',
  rab_1 int(3) NOT NULL default '0' COMMENT 'РЈС‡РµР±РЅР°СЏ СЂР°Р±РѕС‚Р° в„–1',
  rab_2 int(3) NOT NULL default '0' COMMENT 'РЈС‡РµР±РЅР°СЏ СЂР°Р±РѕС‚Р° в„–2',
  rab_3 int(3) NOT NULL default '0' COMMENT 'РЈС‡РµР±РЅР°СЏ СЂР°Р±РѕС‚Р° в„–3',
  rab_4 int(3) NOT NULL default '0' COMMENT 'РЈС‡РµР±РЅР°СЏ СЂР°Р±РѕС‚Р° в„–4',
  rab_5 int(3) NOT NULL default '0' COMMENT 'РЈС‡РµР±РЅР°СЏ СЂР°Р±РѕС‚Р° в„–5',
  rab_6 int(3) NOT NULL default '0' COMMENT 'РЈС‡РµР±РЅР°СЏ СЂР°Р±РѕС‚Р° в„–6',
  rab_7 int(3) NOT NULL default '0' COMMENT 'РЈС‡РµР±РЅР°СЏ СЂР°Р±РѕС‚Р° в„–7',
  rab_8 int(3) NOT NULL default '0' COMMENT 'РЈС‡РµР±РЅР°СЏ СЂР°Р±РѕС‚Р° в„–8',
  rab_9 int(3) NOT NULL default '0' COMMENT 'РЈС‡РµР±РЅР°СЏ СЂР°Р±РѕС‚Р° в„–9',
  rab_10 int(3) NOT NULL default '0' COMMENT 'РЈС‡РµР±РЅР°СЏ СЂР°Р±РѕС‚Р° в„–10',
  rab_11 int(3) NOT NULL default '0' COMMENT 'РЈС‡РµР±РЅР°СЏ СЂР°Р±РѕС‚Р° в„–11',
  rab_12 int(3) NOT NULL default '0' COMMENT 'РЈС‡РµР±РЅР°СЏ СЂР°Р±РѕС‚Р° в„–12',
  rab_13 int(3) NOT NULL default '0' COMMENT 'РЈС‡РµР±РЅР°СЏ СЂР°Р±РѕС‚Р° в„–13',
  rab_14 int(3) NOT NULL default '0' COMMENT 'РЈС‡РµР±РЅР°СЏ СЂР°Р±РѕС‚Р° в„–14',
  rab_15 int(3) NOT NULL default '0' COMMENT 'РЈС‡РµР±РЅР°СЏ СЂР°Р±РѕС‚Р° в„–15',
  UNIQUE KEY id (id)
) ENGINE=MyISAM DEFAULT CHARSET=cp1251 COMMENT='РџР»Р°РЅРѕРІС‹Рµ Р·РЅР°С‡РµРЅРёСЏ СѓС‡РµР±РЅРѕР№ СЂР°Р±РѕС‚С‹' AUTO_INCREMENT=1 ;

-- 
-- Р”Р°РјРї РґР°РЅРЅС‹С… С‚Р°Р±Р»РёС†С‹ `plan`
-- 


-- --------------------------------------------------------

-- 
-- РЎС‚СЂСѓРєС‚СѓСЂР° С‚Р°Р±Р»РёС†С‹ `rating_cats`
-- 

CREATE TABLE rating_cats (
  id int(11) NOT NULL auto_increment,
  title varchar(255) collate cp1251_bin NOT NULL,
  PRIMARY KEY  (id)
) ENGINE=MyISAM AUTO_INCREMENT=6 DEFAULT CHARSET=cp1251 COLLATE=cp1251_bin COMMENT='РљР°С‚РµРіРѕСЂРёРё РїРѕРєР°Р·Р°С‚РµР»РµР№' AUTO_INCREMENT=6 ;

-- 
-- Р”Р°РјРї РґР°РЅРЅС‹С… С‚Р°Р±Р»РёС†С‹ `rating_cats`
-- 

INSERT INTO rating_cats VALUES (1, 'РЈС‡РµР±РЅРѕ-РјРµС‚РѕРґРёС‡РµСЃРєР°СЏ СЂР°Р±РѕС‚Р°');
INSERT INTO rating_cats VALUES (2, 'РђРґРјРёРЅРёСЃС‚СЂР°С‚РёРІРЅР°СЏ СЂР°Р±РѕС‚Р°');
INSERT INTO rating_cats VALUES (3, 'РќР°СѓС‡РЅРѕ-РёСЃСЃР»РµРґРѕРІР°С‚РµР»СЊСЃРєР°СЏ СЂР°Р±РѕС‚Р°');
INSERT INTO rating_cats VALUES (4, 'РћС†РµРЅРєР° Р·Р°СЃР»СѓРі РїСЂРµРїРѕРґР°РІР°С‚РµР»СЏ');
INSERT INTO rating_cats VALUES (5, 'Р”РёСЃС†РёРїР»РёРЅР°');

-- --------------------------------------------------------

-- 
-- РЎС‚СЂСѓРєС‚СѓСЂР° С‚Р°Р±Р»РёС†С‹ `rating_marks`
-- 

CREATE TABLE rating_marks (
  id int(11) NOT NULL auto_increment,
  title varchar(255) collate cp1251_bin NOT NULL,
  cat_id int(11) NOT NULL,
  rate float default '1',
  unit varchar(255) collate cp1251_bin NOT NULL,
  PRIMARY KEY  (id)
) ENGINE=MyISAM AUTO_INCREMENT=79 DEFAULT CHARSET=cp1251 COLLATE=cp1251_bin COMMENT='РџРѕРєР°Р·Р°С‚РµР»Рё' AUTO_INCREMENT=79 ;

-- 
-- Р”Р°РјРї РґР°РЅРЅС‹С… С‚Р°Р±Р»РёС†С‹ `rating_marks`
-- 

INSERT INTO rating_marks VALUES (1, 'Р—Р°РіСЂСѓР·РєР°  РїСЂРµРїРѕРґР°РІР°С‚РµР»СЏ РїРѕ СѓС‡РµР±РЅРѕР№ СЂР°Р±РѕС‚Рµ', 1, 1, 'РІ С‡Р°СЃР°С…');
INSERT INTO rating_marks VALUES (2, 'РќР°РіСЂСѓР·РєР°  РЅР° РІС‹РµР·РґРµ', 1, 1, 'РІ С‡Р°СЃР°С…');
INSERT INTO rating_marks VALUES (3, 'РљРѕР»РёС‡РµСЃС‚РІРѕ  РґРёРїР»РѕРјРЅРёРєРѕРІ', 1, 1, 'РІ С‡РµР»РѕРІРµРєР°С…');
INSERT INTO rating_marks VALUES (4, 'РљРѕР»РёС‡РµСЃС‚РІРѕ РјР°РіРёСЃС‚СЂР°РЅС‚РѕРІ (РІ С‡РµР».)', 1, 1, '');
INSERT INTO rating_marks VALUES (5, 'РљРѕР»РёС‡РµСЃС‚РІРѕ Р°СЃРїРёСЂР°РЅС‚РѕРІ (РІ С‡РµР».)', 1, 1, '');
INSERT INTO rating_marks VALUES (6, 'РљР°С‡РµСЃС‚РІРѕ СѓС‡РµР±РЅРѕР№ РЅР°РіСЂСѓР·РєРё (РґРѕР»СЏ Р»РµРєС†РёР№ РІ РѕР±С‰РµР№ РЅР°РіСЂСѓР·РєРµ)', 1, 1, '');
INSERT INTO rating_marks VALUES (7, 'РљРѕР»РёС‡РµСЃС‚РІРѕ СѓС‡РµР±РЅС‹С… РїРѕСЃРѕР±РёР№ (РІ С€С‚.)', 1, 1, '');
INSERT INTO rating_marks VALUES (8, 'РљРѕР»РёС‡РµСЃС‚РІРѕ СѓС‡РµР±РЅС‹С… РїРѕСЃРѕР±РёР№ СЃ РіСЂРёС„РѕРј РЈРњРћ (РІ С€С‚.)', 1, 1, '');
INSERT INTO rating_marks VALUES (9, 'РљРѕР»РёС‡РµСЃС‚РІРѕ СѓС‡РµР±РЅРёРєРѕРІ (РІ С€С‚.)', 1, 1, '');
INSERT INTO rating_marks VALUES (10, 'РљРѕР»РёС‡РµСЃС‚РІРѕ РјРµС‚РѕРґРёС‡РµСЃРєРёС… СѓРєР°Р·Р°РЅРёР№ Рё РїСЂР°РєС‚РёРєСѓРјРѕРІ (РІ С€С‚.)', 1, 1, '');
INSERT INTO rating_marks VALUES (11, 'РљРѕР»РёС‡РµСЃС‚РІРѕ СѓС‡РµР±РЅС‹С… РїСЂРѕРіСЂР°РјРј (РІ С€С‚.)', 1, 1, '');
INSERT INTO rating_marks VALUES (12, 'РљРѕР»РёС‡РµСЃС‚РІРѕ РєРѕРјРїР»РµРєС‚РѕРІ С‚РµСЃС‚РѕРІ (РІ С€С‚.)', 1, 1, '');
INSERT INTO rating_marks VALUES (13, 'РљРѕР»РёС‡РµСЃС‚РІРѕ РїСЂРµРїРѕРґР°РІР°РµРјС‹С… РєСѓСЂСЃРѕРІ РІ СЃРёСЃС‚РµРјРµ Р”Рћ РёР»Рё РїРѕРІС‹С€РµРЅРёСЏ РєРІР°Р»РёС„РёРєР°С†РёРё (РІ С€С‚.)', 1, 1, '');
INSERT INTO rating_marks VALUES (14, 'РљРѕР»РёС‡РµСЃС‚РІРѕ РѕСЂРіР°РЅРёР·РѕРІР°РЅРЅС‹С… СЃС‚СѓРґРµРЅС‡РµСЃРєРёС… РѕР»РёРјРїРёР°Рґ, РєРѕРЅРєСѓСЂСЃРѕРІ РёР»Рё РєРѕРЅС„РµСЂРµРЅС†РёР№ (РІ С€С‚.)', 1, 1, '');
INSERT INTO rating_marks VALUES (15, 'Р”РѕР»Р¶РЅРѕСЃС‚СЊ Р·Р°РІРµРґСѓСЋС‰РµРіРѕ РєР°С„РµРґСЂРѕР№ (РґР°/РЅРµС‚)', 2, 2, '');
INSERT INTO rating_marks VALUES (16, 'РџРѕРјРѕС‰РЅРёРє Р·Р°РІРµРґСѓСЋС‰РµРіРѕ РєР°С„РµРґСЂРѕР№ РїРѕ СѓС‡С‘Р±Рµ (РґР°/РЅРµС‚)', 2, 2, '');
INSERT INTO rating_marks VALUES (17, 'РџРѕРјРѕС‰РЅРёРє Р·Р°РІРµРґСѓСЋС‰РµРіРѕ РєР°С„РµРґСЂРѕР№ РїРѕ РЅР°СѓРєРµ (РґР°/РЅРµС‚)', 2, 2, '');
INSERT INTO rating_marks VALUES (18, 'РџРѕРјРѕС‰РЅРёРє Р·Р°РІРµРґСѓСЋС‰РµРіРѕ РєР°С„РµРґСЂРѕР№ РїРѕ С„РёРЅР°РЅСЃР°Рј (РґР°/РЅРµС‚)', 2, 2, '');
INSERT INTO rating_marks VALUES (19, 'РћС‚РІРµС‚СЃС‚РІРµРЅРЅС‹Р№ Р·Р° РЅР°РіСЂСѓР·РєСѓ (РґР°/РЅРµС‚)	', 2, 2, '');
INSERT INTO rating_marks VALUES (20, 'РћС‚РІРµС‚СЃС‚РІРµРЅРЅС‹Р№ Р·Р° С„РёР»РёР°Р» (РґР°/РЅРµС‚)', 2, 2, '');
INSERT INTO rating_marks VALUES (21, 'РћС‚РІРµС‚СЃС‚РІРµРЅРЅС‹Р№ Р·Р° РќРР РЎ (РґР°/РЅРµС‚)', 2, 2, '');
INSERT INTO rating_marks VALUES (22, 'РћС‚РІРµС‚СЃС‚РІРµРЅРЅС‹Р№ Р·Р° РїСЂРёС‘Рј (РґР°/РЅРµС‚)', 2, 2, '');
INSERT INTO rating_marks VALUES (23, 'РћС‚РІРµС‚СЃС‚РІРµРЅРЅС‹Р№ Р·Р° РїСЂРµРґРґРёРїР». РїСЂР°РєС‚РёРєСѓ (РґР°/РЅРµС‚)', 2, 2, '');
INSERT INTO rating_marks VALUES (24, 'РћС‚РІРµС‚СЃС‚РІРµРЅРЅС‹Р№ Р·Р° РІС‹РїСѓСЃРє (РґР°/РЅРµС‚)', 2, 2, '');
INSERT INTO rating_marks VALUES (25, 'Р Р°Р±РѕС‚Р° РїРѕ РїСЂРѕС„РѕСЂРёРµРЅС‚Р°С†РёРё РІ С€РєРѕР»Р°С… РіРѕСЂРѕРґР° Рё СЂР°Р№РѕРЅРѕРІ (РґР°/РЅРµС‚)', 2, 2, '');
INSERT INTO rating_marks VALUES (26, 'Р”РѕР»Р¶РЅРѕСЃС‚СЊ РІ Р°РґРјРёРЅРёСЃС‚СЂР°С†РёРё С„Р°РєСѓР»СЊС‚РµС‚Р° (РґР°/РЅРµС‚)', 2, 2, '');
INSERT INTO rating_marks VALUES (27, 'Р”РѕР»Р¶РЅРѕСЃС‚СЊ РІ Р°РґРјРёРЅРёСЃС‚СЂР°С†РёРё РІСѓР·Р° (РґР°/РЅРµС‚)', 2, 2, '');
INSERT INTO rating_marks VALUES (28, 'РљСѓСЂР°С‚РѕСЂ СѓС‡РµР±РЅРѕР№ РіСЂСѓРїРїС‹ (РґР°/РЅРµС‚)', 2, 2, '');
INSERT INTO rating_marks VALUES (29, 'Р’РѕСЃРїРёС‚Р°С‚РµР»СЊРЅР°СЏ СЂР°Р±РѕС‚Р° РІ РѕР±С‰РµР¶РёС‚РёРё (РґР°/РЅРµС‚)', 2, 2, '');
INSERT INTO rating_marks VALUES (30, 'РЈС‡Р°СЃС‚РёРµ РІ СЂР°Р±РѕС‚Рµ Р°РґРјРёРЅРёСЃС‚СЂР°С‚РёРІРЅС‹С… СЃРѕРІРµС‚РѕРІ (РґР°/РЅРµС‚)', 2, 2, '');
INSERT INTO rating_marks VALUES (31, 'РЈС‡Р°СЃС‚РёРµ РІ РѕСЂРіР°РЅРёР·Р°С†РёРё РїСЂРёРµРјР° РёРЅРѕСЃС‚СЂР°РЅРЅС‹С… СЃРїРµС†РёР°Р»РёСЃС‚РѕРІ Рё РґРµР»РµРіР°С†РёР№ (РґР°/РЅРµС‚)', 2, 2, '');
INSERT INTO rating_marks VALUES (32, 'Р§Р»РµРЅСЃС‚РІРѕ РІ РЅР°СѓС‡РЅРѕ - РјРµС‚РѕРґРёС‡РµСЃРєРѕРј СЃРѕРІРµС‚Рµ РІСѓР·Р° (РґР°/РЅРµС‚)', 2, 2, '');
INSERT INTO rating_marks VALUES (33, 'Р§Р»РµРЅСЃС‚РІРѕ РІ РєРѕРѕСЂРґРёРЅР°С†РёРѕРЅРЅРѕРј СЃРѕРІРµС‚Рµ РњРёРЅРёСЃС‚РµСЂСЃС‚РІР° (РЈРњРћ) (РґР°/РЅРµС‚)', 2, 2, '');
INSERT INTO rating_marks VALUES (34, 'Р§Р»РµРЅСЃС‚РІРѕ РІ РјРµС‚РѕРґРёС‡РµСЃРєРѕРј СЃРѕРІРµС‚Рµ РњРёРЅРёСЃС‚РµСЂСЃС‚РІР° (РЈРњРћ) (РґР°/РЅРµС‚)', 2, 2, '');
INSERT INTO rating_marks VALUES (35, 'Р§Р»РµРЅСЃС‚РІРѕ РІ СЌРєСЃРїРµСЂС‚РЅРѕРј СЃРѕРІРµС‚Рµ РњРёРЅРёСЃС‚РµСЂСЃС‚РІР° (РЈРњРћ) (РґР°/РЅРµС‚)', 2, 2, '');
INSERT INTO rating_marks VALUES (36, 'Р§Р»РµРЅСЃС‚РІРѕ РІ СЂРµРґРєРѕР»Р»РµРіРёРё (С†РµРЅС‚СЂ.) (РґР°/РЅРµС‚)', 2, 2, '');
INSERT INTO rating_marks VALUES (37, 'Р§Р»РµРЅСЃС‚РІРѕ РІ СЂРµРґРєРѕР»Р»РµРіРёРё (РјРµСЃС‚РЅ.) (РґР°/РЅРµС‚)', 2, 2, '');
INSERT INTO rating_marks VALUES (38, 'Р§Р»РµРЅСЃС‚РІРѕ РІ Р¶СЋСЂРё РІС‹СЃС‚Р°РІРѕРє, РєРѕРЅРєСѓСЂСЃРѕРІ, СЃРёРјРїРѕР·РёСѓРјРѕРІ (РјРµР¶РґСѓРЅР°СЂРѕРґРЅС‹С…) (РґР°/РЅРµС‚)', 2, 2, '');
INSERT INTO rating_marks VALUES (39, 'Р§РёСЃР»Рѕ РѕРїСѓР±Р»РёРєРѕРІР°РЅРЅС‹С… РјР°С‚РµСЂРёР°Р»РѕРІ РєРѕРЅС„РµСЂРµРЅС†РёР№ (РІ С€С‚.)', 3, 3, '');
INSERT INTO rating_marks VALUES (40, 'Р§РёСЃР»Рѕ РѕРїСѓР±Р»РёРєРѕРІР°РЅРЅС‹С… СЃС‚Р°С‚РµР№ (РІ С€С‚.)', 3, 3, '');
INSERT INTO rating_marks VALUES (41, 'Р§РёСЃР»Рѕ РѕРїСѓР±Р»РёРєРѕРІР°РЅРЅС‹С… РІ Р¶СѓСЂРЅР°Р»Р°С…, СЂРµРєРѕРјРµРЅРґРѕРІР°РЅРЅС‹С… Р’РђРљ СЃС‚Р°С‚РµР№ (РІ С€С‚.)', 3, 3, '');
INSERT INTO rating_marks VALUES (42, 'Р§РёСЃР»Рѕ РјРѕРЅРѕРіСЂР°С„РёР№ (РІ С€С‚.)', 3, 3, '');
INSERT INTO rating_marks VALUES (43, 'Р§РёСЃР»Рѕ РїР°С‚РµРЅС‚РѕРІ (РІ С€С‚.)', 3, 3, '');
INSERT INTO rating_marks VALUES (44, 'Р§РёСЃР»Рѕ СЃРІРёРґРµС‚РµР»СЊСЃС‚РІ Рѕ СЂРµРіРёСЃС‚СЂР°С†РёРё РїСЂРѕРіСЂР°РјРј РґР»СЏ Р­Р’Рњ (РІ С€С‚.)', 3, 3, '');
INSERT INTO rating_marks VALUES (45, 'РљРѕР»РёС‡РµСЃС‚РІРѕ РіСЂР°РЅС‚РѕРІ Р Р¤Р¤Р Рё Р Р“РќР¤ (РІ С€С‚.)', 3, 3, '');
INSERT INTO rating_marks VALUES (46, 'РљРѕР»РёС‡РµСЃС‚РІРѕ РјРµР¶РґСѓРЅР°СЂРѕРґРЅС‹С… РіСЂР°РЅС‚РѕРІ (РІ С€С‚.)', 3, 3, '');
INSERT INTO rating_marks VALUES (47, 'РљРѕР»РёС‡РµСЃС‚РІРѕ СЃСЂРµРґСЃС‚РІ, РїРѕР»СѓС‡РµРЅРЅС‹С… РїРѕ РґРѕРіРѕРІРѕСЂР°Рј Р·Р° РќРР  РёР»Рё РћРљР  (РІ СЂСѓР±.)', 3, 3, '');
INSERT INTO rating_marks VALUES (48, 'РЈС‡Р°СЃС‚РёРµ РІ СЂР°Р±РѕС‚Рµ СѓС‡С‘РЅС‹С… СЃРѕРІРµС‚РѕРІ (РґР°/РЅРµС‚)', 3, 3, '');
INSERT INTO rating_marks VALUES (49, 'Р СѓРєРѕРІРѕРґСЃС‚РІРѕ СѓС‡С‘РЅС‹Рј СЃРѕРІРµС‚РѕРј (РґР°/РЅРµС‚)', 3, 3, '');
INSERT INTO rating_marks VALUES (50, 'Р¤СѓРЅРєС†РёСЏ СЃРµРєСЂРµС‚Р°СЂСЏ СѓС‡С‘РЅРѕРіРѕ СЃРѕРІРµС‚Р° (РґР°/РЅРµС‚)', 3, 3, '');
INSERT INTO rating_marks VALUES (51, 'Р§РёСЃР»Рѕ РІ СЃСЂРѕРє Р·Р°С‰РёС‚РёРІС€РёС…СЃСЏ Р°СЃРїРёСЂР°РЅС‚РѕРІ Рё РґРѕРєС‚РѕСЂР°РЅС‚РѕРІ, СЂСѓРєРѕРІРѕРґРёС‚РµР»РµРј РєРѕС‚РѕСЂС‹С… СЏРІР»СЏР»СЃСЏ РїСЂРµРїРѕРґР°РІР°С‚РµР»СЊ (РІ С‡РµР».)', 3, 3, '');
INSERT INTO rating_marks VALUES (52, 'Р§РёСЃР»Рѕ РІ СЃСЂРѕРє Р·Р°С‰РёС‚РёРІС€РёС…СЃСЏ Р°СЃРїРёСЂР°РЅС‚РѕРІ Рё РґРѕРєС‚РѕСЂР°РЅС‚РѕРІ, РєРѕРЅСЃСѓР»СЊС‚Р°РЅС‚РѕРј РєРѕС‚РѕСЂС‹С… СЏРІР»СЏР»СЃСЏ РїСЂРµРїРѕРґР°РІР°С‚РµР»СЊ (РІ С‡РµР».)', 3, 3, '');
INSERT INTO rating_marks VALUES (53, 'РќР°Р»РёС‡РёРµ СЃС‚РµРїРµРЅРё РєР°РЅРґРёРґР°С‚Р° РЅР°СѓРє (РґР°/РЅРµС‚)', 4, 4, '');
INSERT INTO rating_marks VALUES (54, 'РќР°Р»РёС‡РёРµ СЃС‚РµРїРµРЅРё РґРѕРєС‚РѕСЂР° РЅР°СѓРє (РґР°/РЅРµС‚)', 4, 4, '');
INSERT INTO rating_marks VALUES (55, 'РќР°Р»РёС‡РёРµ Р·РІР°РЅРёСЏ РґРѕС†РµРЅС‚Р° РёР»Рё РїСЂРѕС„РµСЃСЃРѕСЂР° (РґР°/РЅРµС‚)', 4, 4, '');
INSERT INTO rating_marks VALUES (56, 'РќР°Р»РёС‡РёРµ Р·РІР°РЅРёСЏ С‡Р»РµРЅР°-РєРѕСЂСЂРµСЃРїРѕРЅРґРµРЅС‚Р° Р°РєР°РґРµРјРёРё (РґР°/РЅРµС‚)', 4, 4, '');
INSERT INTO rating_marks VALUES (57, 'РќР°Р»РёС‡РёРµ Р·РІР°РЅРёСЏ Р°РєР°РґРµРјРёРєР° (РґР°/РЅРµС‚)', 4, 4, '');
INSERT INTO rating_marks VALUES (58, 'РќР°Р»РёС‡РёРµ Р·РІР°РЅРёСЏ С‡Р»РµРЅР°-РєРѕСЂСЂРµСЃРїРѕРЅРґРµРЅС‚Р° Р РђРќ (РґР°/РЅРµС‚)', 4, 4, '');
INSERT INTO rating_marks VALUES (59, 'РќР°Р»РёС‡РёРµ Р·РІР°РЅРёСЏ Р°РєР°РґРµРјРёРєР° Р РђРќ (РґР°/РЅРµС‚)', 4, 4, '');
INSERT INTO rating_marks VALUES (60, 'РќР°Р»РёС‡РёРµ Р·РІР°РЅРёСЏ С‡Р»РµРЅР°-РєРѕСЂСЂРµСЃРїРѕРЅРґРµРЅС‚Р° РђРќ СЂРµРіРёРѕРЅР° (РґР°/РЅРµС‚)                                                ', 4, 4, '');
INSERT INTO rating_marks VALUES (61, 'РќР°Р»РёС‡РёРµ Р·РІР°РЅРёСЏ Р°РєР°РґРµРјРёРєР° РђРќ РІ СЂРµРіРёРѕРЅРµ (РґР°/РЅРµС‚)                                                ', 4, 4, '');
INSERT INTO rating_marks VALUES (62, 'РљРѕР»РёС‡РµСЃС‚РІРѕ РїСЂРѕР№РґРµРЅРЅС‹С… РєСѓСЂСЃРѕРІ РїРѕРІС‹С€РµРЅРёСЏ РєРІР°Р»РёС„РёРєР°С†РёРё (РІ С€С‚.)', 4, 4, '');
INSERT INTO rating_marks VALUES (63, 'РџРѕР»СѓС‡РµРЅРёРµ РіРѕСЃСѓРґР°СЂСЃС‚РІРµРЅРЅС‹С… РїСЂРµРјРёР№ Р Р¤ (РґР°/РЅРµС‚)                                                   ', 4, 4, '');
INSERT INTO rating_marks VALUES (64, 'РџРѕР»СѓС‡РµРЅРёРµ РіРѕСЃСѓРґР°СЂСЃС‚РІРµРЅРЅС‹С… РїСЂРµРјРёР№ СЂРµРіРёРѕРЅР° (РґР°/РЅРµС‚)', 4, 4, '');
INSERT INTO rating_marks VALUES (65, 'РџРѕР»СѓС‡РµРЅРёРµ Р·РІР°РЅРёСЏ Р·Р°СЃР»СѓР¶РµРЅРЅС‹Р№ СЂР°Р±РѕС‚РЅРёРє Р Р¤ (РґР°/РЅРµС‚)', 4, 4, '');
INSERT INTO rating_marks VALUES (66, 'РџРѕР»СѓС‡РµРЅРёРµ Р·РІР°РЅРёСЏ Р·Р°СЃР»СѓР¶РµРЅРЅС‹Р№ РґРµСЏС‚РµР»СЊ РЅР°СѓРєРё (Рё С‚РµС…РЅРёРєРё) Р Р¤ (РґР°/РЅРµС‚)', 4, 4, '');
INSERT INTO rating_marks VALUES (67, 'РџРѕР»СѓС‡РµРЅРёРµ Р·РІР°РЅРёСЏ РїРѕС‡РµС‚РЅС‹Р№ СЂР°Р±РѕС‚РЅРёРє РѕС‚СЂР°СЃР»Рё Р Р¤ (РґР°/РЅРµС‚)', 4, 4, '');
INSERT INTO rating_marks VALUES (68, 'РџРѕР»СѓС‡РµРЅРёРµ Р·РІР°РЅРёСЏ Р·Р°СЃР»СѓР¶РµРЅРЅС‹Р№ РґРµСЏС‚РµР»СЊ РЅР°СѓРєРё РІ СЂРµРіРёРѕРЅРµ (РґР°/РЅРµС‚)', 4, 4, '');
INSERT INTO rating_marks VALUES (69, 'РџРѕР»СѓС‡РµРЅРёРµ Р·РІР°РЅРёСЏ РїРѕС‡РµС‚РЅС‹Р№ СЂР°Р±РѕС‚РЅРёРє РѕС‚СЂР°СЃР»Рё РІ СЂРµРіРёРѕРЅРµ (РґР°/РЅРµС‚)', 4, 4, '');
INSERT INTO rating_marks VALUES (70, 'РџРѕР»СѓС‡РµРЅРёРµ РјРµРґР°Р»РµР№ Р РђРќ (РґР°/РЅРµС‚)', 4, 4, '');
INSERT INTO rating_marks VALUES (71, 'РџРѕР»СѓС‡РµРЅРёРµ СЃС‚РёРїРµРЅРґРёР№ РџСЂРµР·РёРґРµРЅС‚Р° Рё РїСЂР°РІРёС‚РµР»СЊСЃС‚РІР° Р Р¤ (РґР°/РЅРµС‚)', 4, 4, '');
INSERT INTO rating_marks VALUES (72, 'РќР°Р»РёС‡РёРµ СЃР»СѓР¶РµР±РЅС‹С… Р·Р°РїРёСЃРѕРє РѕС‚ СѓС‡РµР±РЅРѕРіРѕ СѓРїСЂР°РІР»РµРЅРёСЏ РёР»Рё С„Р°РєСѓР»СЊС‚РµС‚Р° Рѕ СЃСЂС‹РІРµ Р·Р°РЅСЏС‚РёР№ (РґР°/РЅРµС‚)', 5, 5, '');
INSERT INTO rating_marks VALUES (73, 'РћС‚РєР°Р· РѕС‚ РІС‹РїРѕР»РЅРµРЅРёСЏ РїСЂСЏРјС‹С… СЂРµС€РµРЅРёР№ Р·Р°СЃРµРґР°РЅРёСЏ РєР°С„РµРґСЂС‹ РёР»Рё Р·Р°РІРµРґСѓСЋС‰РµРіРѕ (РґР°/РЅРµС‚)', 5, 5, '');
INSERT INTO rating_marks VALUES (74, 'РћС‚СЃСѓС‚СЃС‚РІРёРµ СЃС‚Р°С‚РµР№ Р·Р° РїРѕСЃР»РµРґРЅРёРµ С‚СЂРё РіРѕРґР° (РґР°/РЅРµС‚)', 5, 5, '');
INSERT INTO rating_marks VALUES (75, 'РќРµРїРѕР»РЅРѕРµ РјРµС‚РѕРґРёС‡РµСЃРєРѕРµ РѕР±РµСЃРїРµС‡РµРЅРёРµ РїСЂРµРїРѕРґР°РІР°РµРјС‹С… РґРёСЃС†РёРїР»РёРЅ РІ С‚РµС‡РµРЅРёРµ Р±РѕР»РµРµ С‡РµРј РѕРґРЅРѕРіРѕ РіРѕРґР° (РґР°/РЅРµС‚)', 5, 5, '');
INSERT INTO rating_marks VALUES (76, 'РћС‚РєР°Р· РѕС‚ СЂСѓРєРѕРІРѕРґСЃС‚РІР° РґРёРїР»РѕРјРЅРёРєР°РјРё (РґР°/РЅРµС‚)', 5, 5, '');
INSERT INTO rating_marks VALUES (77, 'Р§РёСЃР»Рѕ С„Р°РєС‚РѕРІ РЅРµСЃРІРѕРµРІСЂРµРјРµРЅРЅРѕРіРѕ РІС‹РїРѕР»РЅРµРЅРёСЏ РІРѕР·Р»РѕР¶РµРЅРЅС‹С… С„СѓРЅРєС†РёР№ (РІ С€С‚.)', 5, 5, '');
INSERT INTO rating_marks VALUES (78, 'Р§РёСЃР»Рѕ РЅРµРїРѕСЃРµС‰РµРЅРёР№ Р±РµР· СѓРІР°Р¶РёС‚РµР»СЊРЅРѕР№ РїСЂРёС‡РёРЅРѕР№ Р·Р°СЃРµРґР°РЅРёР№ РєР°С„РµРґСЂС‹ (РІ С€С‚.)', 5, 5, '');

-- --------------------------------------------------------

-- 
-- РЎС‚СЂСѓРєС‚СѓСЂР° С‚Р°Р±Р»РёС†С‹ `rating_ratings`
-- 

CREATE TABLE rating_ratings (
  id int(11) NOT NULL auto_increment,
  kadri_id int(11) NOT NULL,
  mark_id int(11) NOT NULL,
  `value` float NOT NULL,
  PRIMARY KEY  (id)
) ENGINE=MyISAM AUTO_INCREMENT=4 DEFAULT CHARSET=cp1251 COLLATE=cp1251_bin COMMENT='Р—РЅР°С‡РµРЅРёСЏ РїРѕРєР°Р·Р°С‚РµР»РµР№ Сѓ РїСЂРµРїРѕРґР°РІР°С‚РµР»РµР№' AUTO_INCREMENT=4 ;

-- 
-- Р”Р°РјРї РґР°РЅРЅС‹С… С‚Р°Р±Р»РёС†С‹ `rating_ratings`
-- 

INSERT INTO rating_ratings VALUES (1, 1, 1, 10);
INSERT INTO rating_ratings VALUES (2, 1, 2, 0.5);
INSERT INTO rating_ratings VALUES (3, 1, 3, 0);

-- --------------------------------------------------------

-- 
-- РЎС‚СЂСѓРєС‚СѓСЂР° С‚Р°Р±Р»РёС†С‹ `semesters`
-- 

CREATE TABLE semesters (
  id int(11) NOT NULL auto_increment,
  title varchar(50) NOT NULL,
  pub tinyint(1) NOT NULL,
  PRIMARY KEY  (id)
) ENGINE=MyISAM AUTO_INCREMENT=13 DEFAULT CHARSET=cp1251 COMMENT='РЎРµРјРµСЃС‚СЂС‹' AUTO_INCREMENT=13 ;

-- 
-- Р”Р°РјРї РґР°РЅРЅС‹С… С‚Р°Р±Р»РёС†С‹ `semesters`
-- 

INSERT INTO semesters VALUES (1, '1 РєСѓСЂСЃ 1 СЃРµРјРµСЃС‚СЂ', 1);
INSERT INTO semesters VALUES (2, '1 РєСѓСЂСЃ 2 СЃРµРјРµСЃС‚СЂ', 1);
INSERT INTO semesters VALUES (3, '2 РєСѓСЂСЃ 1 СЃРµРјРµСЃС‚СЂ', 1);
INSERT INTO semesters VALUES (4, '2 РєСѓСЂСЃ 2 СЃРµРјРµСЃС‚СЂ', 1);
INSERT INTO semesters VALUES (5, '3 РєСѓСЂСЃ 1 СЃРµРјРµСЃС‚СЂ', 1);
INSERT INTO semesters VALUES (6, '3 РєСѓСЂСЃ 2 СЃРµРјРµСЃС‚СЂ', 1);
INSERT INTO semesters VALUES (7, '4 РєСѓСЂСЃ 1 СЃРµРјРµСЃС‚СЂ', 1);
INSERT INTO semesters VALUES (8, '4 РєСѓСЂСЃ 2 СЃРµРјРµСЃС‚СЂ', 1);
INSERT INTO semesters VALUES (9, '5 РєСѓСЂСЃ 1 СЃРµРјРµСЃС‚СЂ', 1);
INSERT INTO semesters VALUES (10, '5 РєСѓСЂСЃ 2 СЃРµРјРµСЃС‚СЂ', 1);
INSERT INTO semesters VALUES (11, '6 РєСѓСЂСЃ 1 СЃРµРјРµСЃС‚СЂ', 1);
INSERT INTO semesters VALUES (12, '6 РєСѓСЂСЃ 2 СЃРµРјРµСЃС‚СЂ', 1);

-- --------------------------------------------------------

-- 
-- РЎС‚СЂСѓРєС‚СѓСЂР° С‚Р°Р±Р»РёС†С‹ `specialites`
-- 

CREATE TABLE specialites (
  id int(11) NOT NULL auto_increment,
  `code` varchar(6) NOT NULL,
  title varchar(255) NOT NULL,
  pub tinyint(1) default '0',
  PRIMARY KEY  (id)
) ENGINE=MyISAM AUTO_INCREMENT=9 DEFAULT CHARSET=cp1251 AUTO_INCREMENT=9 ;

-- 
-- Р”Р°РјРї РґР°РЅРЅС‹С… С‚Р°Р±Р»РёС†С‹ `specialites`
-- 

INSERT INTO specialites VALUES (1, '080801', 'РџСЂРёРєР»Р°РґРЅР°СЏ РёРЅС„РѕСЂРјР°С‚РёРєР° РІ СЌРєРѕРЅРѕРјРёРєРµ', 1);
INSERT INTO specialites VALUES (7, '0808Р°', 'РџСЂРёРєР»Р°РґРЅР°СЏ РёРЅС„РѕСЂРјР°С‚РёРєР° РІ Р°РЅР°Р»РёС‚РёС‡РµСЃРєРѕР№ РґРµСЏС‚РµР»СЊРЅРѕСЃС‚Рё', 1);
INSERT INTO specialites VALUES (6, '0808Р±', 'РџСЂРёРєР»Р°РґРЅР°СЏ РёРЅС„РѕСЂРјР°С‚РёРєР° РІ Р±Р°РЅРєРѕРІСЃРєРѕР№ РґРµСЏС‚РµР»СЊРЅРѕСЃС‚Рё', 1);

-- --------------------------------------------------------

-- 
-- РЎС‚СЂСѓРєС‚СѓСЂР° С‚Р°Р±Р»РёС†С‹ `spravochnik_uch_rab`
-- 

CREATE TABLE spravochnik_uch_rab (
  id int(5) NOT NULL auto_increment,
  `name` varchar(100) NOT NULL default '',
  `comment` varchar(200) NOT NULL default '',
  UNIQUE KEY id (id),
  UNIQUE KEY `name` (`name`)
) ENGINE=MyISAM AUTO_INCREMENT=19 DEFAULT CHARSET=cp1251 COMMENT='РЎРїСЂР°РІРѕС‡РЅРёРє СѓС‡РµР±РЅС‹С… СЂР°Р±РѕС‚' AUTO_INCREMENT=19 ;

-- 
-- Р”Р°РјРї РґР°РЅРЅС‹С… С‚Р°Р±Р»РёС†С‹ `spravochnik_uch_rab`
-- 

INSERT INTO spravochnik_uch_rab VALUES (1, 'Р›РµРєС†РёРё', '');
INSERT INTO spravochnik_uch_rab VALUES (2, 'РџСЂР°РєС‚РёС‡РµСЃРєРёРµ Р·Р°РЅСЏС‚РёСЏ,СЃРµРјРёРЅР°СЂС‹', '');
INSERT INTO spravochnik_uch_rab VALUES (3, 'Р›Р°Р±РѕСЂР°С‚РѕСЂРЅС‹Рµ Р·Р°РЅСЏС‚РёСЏ', '');
INSERT INTO spravochnik_uch_rab VALUES (4, 'РљРѕРЅСЃСѓР»СЊС‚Р°С†РёРё', '');
INSERT INTO spravochnik_uch_rab VALUES (5, 'РљСѓСЂСЃРѕРІРѕРµ РїСЂРѕРµРєС‚РёСЂРѕРІР°РЅРёРµ', '');
INSERT INTO spravochnik_uch_rab VALUES (6, 'Р—Р°С‡С‘С‚С‹', '');
INSERT INTO spravochnik_uch_rab VALUES (7, 'Р­РєР·Р°РјРµРЅС‹', '');
INSERT INTO spravochnik_uch_rab VALUES (8, 'РџСЂРѕРёР·РІРѕРґСЃС‚РІРµРЅРЅР°СЏ Рё РїСЂРµРґРґРёРїР»РѕРјРЅР°СЏ РїСЂР°РєС‚РёРєР°', '');
INSERT INTO spravochnik_uch_rab VALUES (9, 'Р РµС†РµРЅР·РёСЂРѕРІР°РЅРёРµ РєСѓСЂСЃРѕРІС‹С… РїСЂРѕРµРєС‚РѕРІ Рё РґРёРїР»РѕРјРЅС‹С… СЂР°Р±РѕС‚', '');
INSERT INTO spravochnik_uch_rab VALUES (10, 'Р”РёРїР»РѕРјРЅРѕРµ РїСЂРѕРµРєС‚РёСЂРѕРІР°РЅРёРµ', '');
INSERT INTO spravochnik_uch_rab VALUES (11, 'Р“РђРљ, РіРѕСЃСѓРґР°СЂСЃС‚РІРµРЅРЅС‹Рµ СЌРєР·Р°РјРµРЅС‹', '');
INSERT INTO spravochnik_uch_rab VALUES (12, 'РџРѕСЃРµС‰РµРЅРёРµ Р·Р°РЅСЏС‚РёР№', '');
INSERT INTO spravochnik_uch_rab VALUES (13, 'Р СѓРєРѕРІРѕРґСЃС‚РІРѕ Р°СЃРїРёСЂР°РЅС‚Р°РјРё', '');
INSERT INTO spravochnik_uch_rab VALUES (14, 'Р—Р°РЅСЏС‚РёСЏ СЃ Р°СЃРїРёСЂР°РЅС‚Р°РјРё', '');
INSERT INTO spravochnik_uch_rab VALUES (15, 'Р Р“Р ', '');

-- --------------------------------------------------------

-- 
-- РЎС‚СЂСѓРєС‚СѓСЂР° С‚Р°Р±Р»РёС†С‹ `spravochnik_vidov_rabot`
-- 

CREATE TABLE spravochnik_vidov_rabot (
  id int(3) NOT NULL auto_increment,
  id_razdel int(1) NOT NULL default '0' COMMENT 'РЈРєР°Р·С‹РІР°РµС‚ РЅР° СЂР°Р·РґРµР» Рє РєРѕС‚РѕСЂРѕРјСѓ РѕС‚РЅРѕСЃСЏС‚СЃСЏ СЂР°Р±РѕС‚С‹',
  `name` text NOT NULL,
  time_norm text NOT NULL COMMENT 'РќРѕСЂРјС‹ РІСЂРµРјРµРЅРё',
  `comment` varchar(200) NOT NULL default '',
  PRIMARY KEY  (id)
) ENGINE=MyISAM AUTO_INCREMENT=63 DEFAULT CHARSET=cp1251 COMMENT='РЎРїСЂР°РІРѕС‡РЅРёРє РІРёРґРѕРІ СЂР°Р±РѕС‚' AUTO_INCREMENT=63 ;

-- 
-- Р”Р°РјРї РґР°РЅРЅС‹С… С‚Р°Р±Р»РёС†С‹ `spravochnik_vidov_rabot`
-- 

INSERT INTO spravochnik_vidov_rabot VALUES (32, 2, 'РџР»Р°РЅРёСЂРѕРІР°РЅРёРµ, РѕСЂРіР°РЅРёР·Р°С†РёСЏ Рё СЂСѓРєРѕРІРѕРґСЃС‚РІРѕ СЂР°Р±РѕС‚РѕР№ РЎРѕРІРµС‚Р° С„Р°РєСѓР»СЊС‚РµС‚Р°', '60 С‡Р°СЃРѕРІ РЅР° СѓС‡РµР±РЅС‹Р№ РіРѕРґ', '');
INSERT INTO spravochnik_vidov_rabot VALUES (31, 2, 'Р’С‹РїРѕР»РЅРµРЅРёРµ РѕР±СЏР·Р°РЅРЅРѕСЃС‚РµР№: Р—Р°РјРµСЃС‚РёС‚РµР»СЏ РїСЂРµРґСЃРµРґР°С‚РµР»СЏ СЌРєР·Р°РјРµРЅР°С†РёРѕРЅРЅРѕР№ РєРѕРјРёСЃСЃРёРё РїРѕ РґРёСЃС†РёРїР»РёРЅРµ', '50 С‡Р°СЃРѕРІ РЅР° СѓС‡РµР±РЅС‹Р№ РіРѕРґ', '');
INSERT INTO spravochnik_vidov_rabot VALUES (30, 2, 'Р’С‹РїРѕР»РЅРµРЅРёРµ РѕР±СЏР·Р°РЅРЅРѕСЃС‚РµР№: РџСЂРµРґСЃРµРґР°С‚РµР»СЏ СЌРєР·Р°РјРµРЅР°С†РёРѕРЅРЅРѕР№ РєРѕРјРёСЃСЃРёРё РїРѕ РґРёСЃС†РёРїР»РёРЅРµ', '75 С‡Р°СЃРѕРІ РЅР° СѓС‡РµР±РЅС‹Р№ РіРѕРґ', '');
INSERT INTO spravochnik_vidov_rabot VALUES (29, 2, 'Р’С‹РїРѕР»РЅРµРЅРёРµ РѕР±СЏР·Р°РЅРЅРѕСЃС‚РµР№: Р§Р»РµРЅР° РіСЂСѓРїРїС‹ С‚РµС…РЅРёС‡РµСЃРєРѕРіРѕ РїРµСЂСЃРѕРЅР°Р»Р° С„Р°РєСѓР»СЊС‚РµС‚Р°', 'Р”Рѕ 100 С‡Р°СЃРѕРІ РЅР° СѓС‡РµР±РЅС‹Р№ РіРѕРґ', '');
INSERT INTO spravochnik_vidov_rabot VALUES (28, 2, 'Р’С‹РїРѕР»РЅРµРЅРёРµ РѕР±СЏР·Р°РЅРЅРѕСЃС‚РµР№: Р СѓРєРѕРІРѕРґРёС‚РµР»СЏ РіСЂСѓРїРїС‹ С‚РµС…РЅРёС‡РµСЃРєРѕРіРѕ РїРµСЂСЃРѕРЅР°Р»Р° С„Р°РєСѓР»СЊС‚РµС‚Р°', 'Р”Рѕ 120 С‡Р°СЃРѕРІ РЅР° СѓС‡РµР±РЅС‹Р№ РіРѕРґ', '');
INSERT INTO spravochnik_vidov_rabot VALUES (27, 2, 'Р’С‹РїРѕР»РЅРµРЅРёРµ РѕР±СЏР·Р°РЅРЅРѕСЃС‚РµР№: Р§Р»РµРЅР° РіСЂСѓРїРїС‹ С‚РµС…РЅРёС‡РµСЃРєРѕРіРѕ РїРµСЂСЃРѕРЅР°Р»Р°', 'Р”Рѕ 150 С‡Р°СЃРѕРІ РЅР° СѓС‡РµР±РЅС‹Р№ РіРѕРґ', '');
INSERT INTO spravochnik_vidov_rabot VALUES (26, 2, 'Р Р°Р±РѕС‚Р° РІ РєР°С‡РµСЃС‚РІРµ РѕС‚РІРµС‚СЃС‚РІРµРЅРЅРѕРіРѕ СЃРµРєСЂРµС‚Р°СЂСЏ РїСЂРёРµРјРЅРѕР№ РєРѕРјРёСЃСЃРёРё РёРЅСЃС‚РёС‚СѓС‚Р°', '200 С‡Р°СЃРѕРІ РЅР° СѓС‡РµР±РЅС‹Р№ РіРѕРґ', '');
INSERT INTO spravochnik_vidov_rabot VALUES (25, 2, 'РЎРѕСЃС‚Р°РІР»РµРЅРёРµ РѕРїРёСЃР°РЅРёСЏ РЅР°РїСЂР°РІР»РµРЅРёСЏ (СЃРїРµС†РёР°Р»СЊРЅРѕСЃС‚Рё), РІС‹СЃС‚СѓРїР»РµРЅРёСЏ РІ РїРµС‡Р°С‚Рё СЃРѕ СЃС‚Р°С‚СЊРµР№ РїРѕ РЅРѕРІРѕРјСѓ РїСЂРёРµРјСѓ', '15 С‡Р°СЃРѕРІ РЅР° РѕРґРЅРѕ РѕРїРёСЃР°РЅРёРµ (СЃС‚Р°С‚СЊСЋ)', '');
INSERT INTO spravochnik_vidov_rabot VALUES (24, 2, 'РћСЂРіР°РЅРёР·Р°С†РёСЏ Рё РїСЂРѕРІРµРґРµРЅРёРµ РґРЅСЏ РѕС‚РєСЂС‹С‚С‹С… РґРІРµСЂРµР№', 'Р”Рѕ 20 С‡Р°СЃРѕРІ РЅР° РєР°С„РµРґСЂСѓ, СѓС‡Р°СЃС‚РІСѓСЋС‰СѓСЋ РІ РїСЂРѕРІРµРґРµРЅРёРё РґРЅСЏ РѕС‚РєСЂС‹С‚С‹С… РґРІРµСЂРµР№', '');
INSERT INTO spravochnik_vidov_rabot VALUES (23, 2, 'Р Р°Р±РѕС‚Р° РїРѕ РїСЂРѕС„РѕСЂРёРµРЅС‚Р°С†РёРё Рё СЂР°Р·СЉСЏСЃРЅРµРЅРёСЋ СѓСЃР»РѕРІРёР№ РїРѕСЃС‚СѓРїР»РµРЅРёСЏ РІ СѓРЅРёРІРµСЂСЃРёС‚РµС‚', 'Р”Рѕ 15 С‡Р°СЃРѕРІ РЅР° РѕРґРЅРѕРіРѕ РїСЂРµРїРѕРґР°РІР°С‚РµР»СЏ', '');
INSERT INTO spravochnik_vidov_rabot VALUES (22, 4, 'РљСѓСЂР°С‚РѕСЂСЃС‚РІРѕ РіСЂСѓРїРїС‹', '', '');
INSERT INTO spravochnik_vidov_rabot VALUES (33, 2, 'Р’С‹РїРѕР»РЅРµРЅРёРµ РѕР±СЏР·Р°РЅРЅРѕСЃС‚РµР№ СѓС‡РµРЅРѕРіРѕ СЃРµРєСЂРµС‚Р°СЂСЏ РЎРѕРІРµС‚Р° С„Р°РєСѓР»СЊС‚РµС‚Р°', '100 С‡Р°СЃРѕРІ РЅР° СѓС‡РµР±РЅС‹Р№ РіРѕРґ', '');
INSERT INTO spravochnik_vidov_rabot VALUES (34, 2, 'РџР»Р°РЅРёСЂРѕРІР°РЅРёРµ Рё РїРѕРґРіРѕС‚РѕРІРєР° Р·Р°СЃРµРґР°РЅРёР№ РєР°С„РµРґСЂС‹, РѕС„РѕСЂРјР»РµРЅРёРµ Рё РІРµРґРµРЅРёРµ РґРѕРєСѓРјРµРЅС‚Р°С†РёРё, РєРѕРЅС‚СЂРѕР»СЊ Р·Р° РІС‹РїРѕР»РЅРµРЅРёРµРј СЂРµС€РµРЅРёР№ Р·Р°СЃРµРґР°РЅРёР№ РєР°С„РµРґСЂС‹', '100 С‡Р°СЃРѕРІ РЅР° СѓС‡РµР±РЅС‹Р№ РіРѕРґ', '');
INSERT INTO spravochnik_vidov_rabot VALUES (35, 2, 'РЈС‡Р°СЃС‚РёРµ РІ Р·Р°СЃРµРґР°РЅРёСЏС… РєР°С„РµРґСЂС‹', 'Р”Рѕ 40 С‡Р°СЃРѕРІ РЅР° СѓС‡РµР±РЅС‹Р№ РіРѕРґ', '');
INSERT INTO spravochnik_vidov_rabot VALUES (36, 2, 'РЈС‡Р°СЃС‚РёРµ РІ Р·Р°СЃРµРґР°РЅРёСЏС… РЎРѕРІРµС‚Р° СѓРЅРёРІРµСЂСЃРёС‚РµС‚Р° (С„Р°РєСѓР»СЊС‚РµС‚Р°)', 'Р”Рѕ 30 С‡Р°СЃРѕРІ РЅР° СѓС‡РµР±РЅС‹Р№ РіРѕРґ', '');
INSERT INTO spravochnik_vidov_rabot VALUES (37, 2, 'Р Р°Р·СЂР°Р±РѕС‚РєР° СѓС‡РµР±РЅРѕ-РјРµС‚РѕРґРёС‡РµСЃРєРѕР№ РґРѕРєСѓРјРµРЅС‚Р°С†РёРё Рё СЂР°Р±РѕС‚С‹ РІ РєР°С‡РµСЃС‚РІРµ Р·Р°РјРµСЃС‚РёС‚РµР»СЏ Р·Р°РІРµРґСѓСЋС‰РµРіРѕ РєР°С„РµРґСЂРѕР№ РїРѕ СѓС‡РµР±РЅРѕР№ СЂР°Р±РѕС‚Рµ (Р±РµР· РґРѕРїРѕР»РЅРёС‚РµР»СЊРЅРѕР№ РѕРїР»Р°С‚С‹) РџСЂРё С‡РёСЃР»РµРЅРЅРѕСЃС‚Рё С€С‚Р°С‚РЅС‹С… РїСЂРµРїРѕРґР°РІР°С‚РµР»РµР№:\r\n-	РґРѕ 10 С‡РµР»РѕРІРµРє\r\n-	РґРѕ 20 С‡РµР»РѕРІРµРє\r\n-	СЃРІС‹С€Рµ 20 С‡РµР»РѕРІРµРє\r\n', 'РќР° СѓС‡РµР±РЅС‹Р№ РіРѕРґ: 150 С‡Р°СЃРѕРІ 200 С‡Р°СЃРѕРІ 250 С‡Р°СЃРѕРІ', '');
INSERT INTO spravochnik_vidov_rabot VALUES (38, 2, 'Р’С‹РїРѕР»РЅРµРЅРёРµ РѕР±СЏР·Р°РЅРЅРѕСЃС‚РµР№ РїСЂРµРґСЃРµРґР°С‚РµР»СЏ РјРµС‚РѕРґРёС‡РµСЃРєРѕР№ РєРѕРјРёСЃСЃРёРё', '200 С‡Р°СЃРѕРІ РЅР° СѓС‡РµР±РЅС‹Р№ РіРѕРґ', '');
INSERT INTO spravochnik_vidov_rabot VALUES (39, 2, 'Р’С‹РїРѕР»РЅРµРЅРёРµ РѕР±СЏР·Р°РЅРЅРѕСЃС‚РµР№ РѕС‚РІРµС‚СЃС‚РІРµРЅРЅРѕРіРѕ Р·Р° РїРѕРґРіРѕС‚РѕРІРєСѓ РґРѕРєСѓРјРµРЅС‚РѕРІ РЅР° Р»РёС†РµРЅР·РёСЂРѕРІР°РЅРёРµ РЅРѕРІРѕР№ СЃРїРµС†РёР°Р»СЊРЅРѕСЃС‚РµР№ (РЅР°РїСЂР°РІР»РµРЅРёСЏ) РїРѕРґРіРѕС‚РѕРІРєРё', '100 С‡Р°СЃРѕРІ РЅР° СѓС‡РµР±РЅС‹Р№ РіРѕРґ', '');
INSERT INTO spravochnik_vidov_rabot VALUES (40, 2, 'Р’С‹РїРѕР»РЅРµРЅРёРµ РѕР±СЏР·Р°РЅРЅРѕСЃС‚РµР№ РѕС‚РІРµС‚СЃС‚РІРµРЅРЅРѕРіРѕ Р·Р° РѕС„РѕСЂРјР»РµРЅРёРµ РєР°С„РµРґСЂР°Р»СЊРЅС‹С… СЃР±РѕСЂРЅРёРєРѕРІ СѓС‡РµР±РЅС‹С…, РЅР°СѓС‡РЅС‹С… С‚СЂСѓРґРѕРІ', '40 С‡Р°СЃРѕРІ РЅР° СѓС‡РµР±РЅС‹Р№ РіРѕРґ', '');
INSERT INTO spravochnik_vidov_rabot VALUES (41, 2, 'Р’С‹РїРѕР»РЅРµРЅРёРµ РѕР±СЏР·Р°РЅРЅРѕСЃС‚РµР№ РѕС‚РІРµС‚СЃС‚РІРµРЅРЅРѕРіРѕ Р·Р° РїСЂРѕРІРµРґРµРЅРёРµ СЂРµР№С‚РёРЅРіР° СЃРїРµС†РёР°Р»СЊРЅРѕСЃС‚РµР№ (РЅР°РїСЂР°РІР»РµРЅРёСЏ) РІС‹РїСѓСЃРєР°СЋС‰РµР№ РєР°С„РµРґСЂС‹', '40 С‡Р°СЃРѕРІ РЅР° СѓС‡РµР±РЅС‹Р№ РіРѕРґ', '');
INSERT INTO spravochnik_vidov_rabot VALUES (42, 2, 'Р Р°Р±РѕС‚Р° РІ РЅР°СѓС‡РЅРѕ-РјРµС‚РѕРґРёС‡РµСЃРєРѕРј СЃРѕРІРµС‚Рµ СѓРЅРёРІРµСЂСЃРёС‚РµС‚Р° Рё РјРµС‚РѕРґРёС‡РµСЃРєРѕР№ РєРѕРјРёСЃСЃРёРё С„Р°РєСѓР»СЊС‚РµС‚Р° РІ РєР°С‡РµСЃС‚РІРµ С‡Р»РµРЅР° РЅР°СѓС‡РЅРѕ-РјРµС‚РѕРґРёС‡РµСЃРєРѕРіРѕ РЎРѕРІРµС‚Р°', '120 С‡Р°СЃРѕРІ РЅР° СѓС‡РµР±РЅС‹Р№ РіРѕРґ', '');
INSERT INTO spravochnik_vidov_rabot VALUES (43, 2, 'Р СѓРєРѕРІРѕРґСЃС‚РІРѕ СЂР°Р±РѕС‚РѕР№ РјРµС‚РѕРґРёС‡РµСЃРєРѕР№ СЃРµРєС†РёРё РёРЅРѕСЃС‚СЂР°РЅРЅС‹С… СЏР·С‹РєРѕРІ', 'Р”Рѕ 75 С‡Р°СЃРѕРІ РЅР° СѓС‡РµР±РЅС‹Р№ РіРѕРґ', '');
INSERT INTO spravochnik_vidov_rabot VALUES (44, 2, 'Р­РєСЃРїРµСЂС‚РЅР°СЏ РїСЂРѕРІРµСЂРєР° РјРµС‚РѕРґРёС‡РµСЃРєРѕР№ СЂР°Р±РѕС‚С‹ РєР°С„РµРґСЂ Рё РїСЂРµРїРѕРґР°РІР°С‚РµР»РµР№, Р° С‚Р°РєР¶Рµ\r\nСЂСѓРєРѕРїРёСЃРµР№ Рё С‚РµР·РёСЃРѕРІ РґРѕРєР»Р°РґРѕРІ РЅР° РєРѕРЅС„РµСЂРµРЅС†РёСЏС… Рё СЃС‚Р°С‚РµР№ РґР»СЏ РїСѓР±Р»РёРєР°С†РёРё\r\n', '50 С‡Р°СЃРѕРІ РІ РіРѕРґ', '');
INSERT INTO spravochnik_vidov_rabot VALUES (45, 2, 'Р Р°Р±РѕС‚Р° РІ РєР°С‡РµСЃС‚РІРµ СЃРµРєСЂРµС‚Р°СЂСЏ Р­Рљ, РІРєР»СЋС‡Р°СЏ РѕСЂРіР°РЅРёР·Р°С†РёРѕРЅРЅСѓСЋ СЂР°Р±РѕС‚Сѓ, РѕС„РѕСЂРјР»РµРЅРёРµ Рё СЃРґР°С‡Сѓ РґРѕРєСѓРјРµРЅС‚РѕРІ Р­Рљ РІ Р°СЂС…РёРІ, РѕС„РѕСЂРјР»РµРЅРёРµ РІРµРґРѕРјРѕСЃС‚РµР№ РЅР° РѕРїР»Р°С‚Сѓ СЂР°Р±РѕС‚Сѓ РїСЂРµРґСЃРµРґР°С‚РµР»СЏ, С‡Р»РµРЅРѕРІ Р­Рљ, РєРѕРЅСЃСѓР»СЊС‚Р°РЅС‚РѕРІ Рё СЂРµС†РµРЅР·РµРЅС‚РѕРІ, РїСЂРёРІР»РµРєР°РµРјС‹С… СЃРѕ СЃС‚РѕСЂРѕРЅС‹', '2 С‡Р°СЃР° РЅР° РѕРґРЅРѕРіРѕ СЃС‚СѓРґРµРЅС‚Р°-РґРёРїР»РѕРјРЅРёРєР°', '');
INSERT INTO spravochnik_vidov_rabot VALUES (46, 2, 'РћСЂРіР°РЅРёР·Р°С†РёСЏ Рё РєРѕРЅС‚СЂРѕР»СЊ РїСЂРѕРІРµРґРµРЅРёСЏ РІСЃРµС… РІРёРґРѕРІ РїСЂРѕРёР·РІРѕРґСЃС‚РІРµРЅРЅРѕР№ РїСЂР°РєС‚РёРєРё', '50 С‡Р°СЃРѕРІ РЅР° СѓС‡РµР±РЅС‹Р№ РіРѕРґ РєР°С„РµРґСЂРµ, РѕСЂРіР°РЅРёР·СѓСЋС‰РµР№ РїСЂР°РєС‚РёРєСѓ', '');
INSERT INTO spravochnik_vidov_rabot VALUES (47, 2, 'РЈС‡РµР±РЅРѕ-РјРµС‚РѕРґРёС‡РµСЃРєР°СЏ СЂР°Р±РѕС‚Р° РїРѕ РѕС‚РґРµР»СЊРЅС‹Рј Р·Р°РґР°РЅРёСЏРј СЂРµРєС‚РѕСЂР°С‚Р°, СѓС‡РµР±РЅРѕ-РјРµС‚РѕРґРёС‡РµСЃРєРѕРіРѕ СѓРїСЂР°РІР»РµРЅРёСЏ, РґРµРєР°РЅР°С‚РѕРІ, РїРѕР»СѓС‡Р°РµРјС‹Рј РІ С‚РµС‡РµРЅРёРµ СѓС‡РµР±РЅРѕРіРѕ РіРѕРґР°', 'Р”Рѕ 20 С‡Р°СЃРѕРІ РЅР° РѕРґРЅРѕРіРѕ РїСЂРµРїРѕРґР°РІР°С‚РµР»СЏ', '');
INSERT INTO spravochnik_vidov_rabot VALUES (48, 2, 'Р’Р·Р°РёРјРЅРѕРµ РїРѕСЃРµС‰РµРЅРёРµ Р·Р°РЅСЏС‚РёР№, РѕС‚РєСЂС‹С‚С‹Рµ Р·Р°РЅСЏС‚РёСЏ', 'Р’ СЃРѕРѕС‚РІРµС‚СЃС‚РІРёРё СЃ РіСЂР°С„РёРєРѕРј РІР·Р°РёРјРЅС‹С… РїРѕСЃРµС‰РµРЅРёР№ Рё РїР»Р°РЅРѕРј РїСЂРѕРІРµРґРµРЅРёСЏ РѕС‚РєСЂС‹С‚С‹С… Р·Р°РЅСЏС‚РёР№ РЅР° РєР°С„РµРґСЂРµ; РЅРѕ РЅРµ Р±РѕР»РµРµ 20 С‡Р°СЃРѕРІ РѕРґРЅРѕРјСѓ РїСЂРµРїРѕРґР°РІР°С‚РµР»СЋ РЅР° СѓС‡РµР±РЅС‹Р№ РіРѕРґ', '');
INSERT INTO spravochnik_vidov_rabot VALUES (49, 3, 'РќР°СѓС‡РЅРѕ-РјРµС‚РѕРґРёС‡РµСЃРєР°СЏ Рё РЅР°СѓС‡РЅРѕ-РёСЃСЃР»РµРґРѕРІР°С‚РµР»СЊСЃРєР°СЏ СЂР°Р±РѕС‚Р° РїРѕ С‚РµРјРµ, РІРєР»СЋС‡РµРЅРЅРѕР№ РІ РіРѕРґРѕРІРѕР№ РїР»Р°РЅ СЂР°Р±РѕС‚С‹ РєР°С„РµРґСЂС‹', 'РЈСЃС‚Р°РЅР°РІР»РёРІР°РµС‚СЃСЏ Р·Р°РІРµРґСѓСЋС‰РёРј РєР°С„РµРґСЂРѕР№ РІ СЃРѕРѕС‚РІРµС‚СЃС‚РІРёРё СЃ РѕР±СЉРµРјРѕРј Рё СЃСЂРѕРєРѕРј РІС‹РїРѕР»РЅРµРЅРёСЏ; Р° С‚Р°РєР¶Рµ С‡РёСЃР»Р° РїСЂРµРїРѕРґР°РІР°С‚РµР»РµР№ РєР°С„РµРґСЂС‹, СѓС‡Р°СЃС‚РІСѓСЋС‰РёС… РІ СЂР°Р·СЂР°Р±РѕС‚РєРµ С‚РµРјС‹', '');
INSERT INTO spravochnik_vidov_rabot VALUES (50, 3, 'РќР°СѓС‡РЅРѕРµ СЂСѓРєРѕРІРѕРґСЃС‚РІРѕ РїРѕРґРіРѕС‚РѕРІРєРѕР№ СЃС‚СѓРґРµРЅС‚Р°РјРё РґРѕРєР»Р°РґРѕРІ РЅР° РЅР°СѓС‡РЅСѓСЋ РєРѕРЅС„РµСЂРµРЅС†РёСЋ Рё РєРѕРЅРєСѓСЂСЃРЅС‹С… СЂР°Р±РѕС‚ РЅР° СЂРµСЃРїСѓР±Р»РёРєР°РЅСЃРєРёР№ РёР»Рё РІСЃРµСЂРѕСЃСЃРёР№СЃРєРёР№ РєРѕРЅРєСѓСЂСЃ', '20 С‡Р°СЃРѕРІ РЅР° РѕРґРёРЅ РґРѕРєР»Р°Рґ\r\n50 С‡Р°СЃРѕРІ РЅР° РѕРґРЅСѓ РєРѕРЅРєСѓСЂСЃРЅСѓСЋ СЂР°Р±РѕС‚Сѓ\r\n', '');
INSERT INTO spravochnik_vidov_rabot VALUES (51, 3, 'РџРѕРґРіРѕС‚РѕРІРєР° СЃС‚СѓРґРµРЅС‚РѕРІ Рє РІС‹СЃС‚СѓРїР»РµРЅРёСЋ СЃ РґРѕРєР»Р°РґРѕРј РЅР° РёРЅРѕСЃС‚СЂР°РЅРЅРѕРј СЏР·С‹РєРµ РЅР° СЃС‚СѓРґРµРЅС‡РµСЃРєРѕР№ РєРѕРЅС„РµСЂРµРЅС†РёРё', '30 С‡Р°СЃРѕРІ РЅР° 1 СЃС‚СѓРґРµРЅС‚Р°', '');
INSERT INTO spravochnik_vidov_rabot VALUES (52, 3, 'РџРѕРґРіРѕС‚РѕРІРєР° Рё РѕСЂРіР°РЅРёР·Р°С†РёСЏ РїСЂРѕРІРµРґРµРЅРёСЏ РІСЃРµСЂРѕСЃСЃРёР№СЃРєРёС… Рё СЂРµСЃРїСѓР±Р»РёРєР°РЅСЃРєРёС… РЅР°СѓС‡РЅРѕ- РјРµС‚РѕРґРёС‡РµСЃРєРёС… РєРѕРЅС„РµСЂРµРЅС†РёР№ СЃРµРјРёРЅР°СЂРѕРІ, СЃРѕРІРµС‰Р°РЅРёР№, РѕР»РёРјРїРёР°Рґ Рё РєРѕРЅРєСѓСЂСЃРѕРІ СЃС‚СѓРґРµРЅС‡РµСЃРєРёС… РЅР°СѓС‡РЅС‹С… СЂР°Р±РѕС‚', 'Р”Рѕ 350 С‡Р°СЃРѕРІ РЅР° РєР°С„РµРґСЂСѓ, РѕСЂРіР°РЅРёР·СѓСЋС‰СѓСЋ СЃРµРјРёРЅР°СЂ, СЃРѕРІРµС‰Р°РЅРёРµ, РєРѕРЅС„РµСЂРµРЅС†РёСЋ, РѕР»РёРјРїРёР°РґСѓ, РєРѕРЅРєСѓСЂСЃ', '');
INSERT INTO spravochnik_vidov_rabot VALUES (53, 3, 'РќР°РїРёСЃР°РЅРёРµ Рё РїРѕРґРіРѕС‚РѕРІРєР° Рє РёР·РґР°РЅРёСЋ: РјРѕРЅРѕРіСЂР°С„РёРё, СЃРїСЂР°РІРѕС‡РЅРёРєРё', '180 С‡Р°СЃРѕРІ Р·Р° РѕРґРёРЅ Р°.Р».', '');
INSERT INTO spravochnik_vidov_rabot VALUES (54, 3, 'РќР°РїРёСЃР°РЅРёРµ Рё РїРѕРґРіРѕС‚РѕРІРєР° Рє РёР·РґР°РЅРёСЋ: РќР°СѓС‡РЅРѕ-РјРµС‚РѕРґРёС‡РµСЃРєРёС… СЃС‚Р°С‚РµР№ РґР»СЏ РїСѓР±Р»РёРєР°С†РёРё', '60 С‡Р°СЃРѕРІ Р·Р° РѕРґРёРЅ Р°.Р».', '');
INSERT INTO spravochnik_vidov_rabot VALUES (55, 3, 'РџРѕРґР±РѕСЂ СЏР·С‹РєРѕРІРѕРіРѕ РјР°С‚РµСЂРёР°Р»Р°, РµРіРѕ Р°РЅР°Р»РёР· Рё РЅР°РїРёСЃР°РЅРёРµ РЅР°СѓС‡РЅРѕР№ СЃС‚Р°С‚СЊРё', 'Р”Рѕ 120 С‡Р°СЃРѕРІ РЅР° РѕРґРёРЅ Р°.Р».', '');
INSERT INTO spravochnik_vidov_rabot VALUES (56, 3, 'Р РµС†РµРЅР·РёСЂРѕРІР°РЅРёРµ Рё СЃРѕСЃС‚Р°РІР»РµРЅРёРµ РѕС‚Р·С‹РІР° РЅР° РґРѕРєС‚РѕСЂСЃРєСѓСЋ РґРёСЃСЃРµСЂС‚Р°С†РёСЋ', '30 С‡Р°СЃРѕРІ', '');
INSERT INTO spravochnik_vidov_rabot VALUES (57, 3, 'Р РµС†РµРЅР·РёСЂРѕРІР°РЅРёРµ Рё СЃРѕСЃС‚Р°РІР»РµРЅРёРµ РѕС‚Р·С‹РІР° РЅР° РєР°РЅРґРёРґР°С‚СЃРєСѓСЋ РґРёСЃСЃРµСЂС‚Р°С†РёСЋ', '20 С‡Р°СЃРѕРІ', '');
INSERT INTO spravochnik_vidov_rabot VALUES (58, 3, 'Р РµС†РµРЅР·РёСЂРѕРІР°РЅРёРµ Рё СЃРѕСЃС‚Р°РІР»РµРЅРёРµ РѕС‚Р·С‹РІР° РЅР°РїРёСЃР°РЅРёРµ РѕС‚Р·С‹РІР° РЅР° Р°РІС‚РѕСЂРµС„РµСЂР°С‚', '5 С‡Р°СЃРѕРІ РЅР° 1 СЂРµС„РµСЂР°С‚', '');
INSERT INTO spravochnik_vidov_rabot VALUES (59, 3, 'Р РµРґР°РєС‚РёСЂРѕРІР°РЅРёРµ РјРѕРЅРѕРіСЂР°С„РёР№, РЅР°СѓС‡РЅС‹С… СЃС‚Р°С‚РµР№ Рё РґРѕРєР»Р°РґРѕРІ. Р РµРґР°РєС‚РёСЂРѕРІР°РЅРёРµ (Р±РµР· РґРѕРїРѕР»РЅРёС‚РµР»СЊРЅРѕР№ РѕРїР»Р°С‚С‹) РјРѕРЅРѕРіСЂР°С„РёР№', '15 С‡Р°СЃРѕРІ Р·Р° 1 Р°.Р».', '');
INSERT INTO spravochnik_vidov_rabot VALUES (60, 3, 'Р СѓРєРѕРІРѕРґСЃС‚РІРѕ РЅР°СѓС‡РЅРѕ-РёСЃСЃР»РµРґРѕРІР°С‚РµР»СЊСЃРєРѕР№ Р»Р°Р±РѕСЂР°С‚РѕСЂРёРµР№', 'Р”Рѕ 50 С‡Р°СЃРѕРІ РІ РіРѕРґ', '');
INSERT INTO spravochnik_vidov_rabot VALUES (61, 3, 'Р СѓРєРѕРІРѕРґСЃС‚РІРѕ СЃС‚СѓРґРµРЅС‡РµСЃРєРёРјРё РЅР°СѓС‡РЅС‹РјРё РѕР±С‰РµСЃС‚РІР°РјРё Рё РљР‘', 'Р”Рѕ 100 С‡Р°СЃРѕРІ РЅР° СѓС‡РµР±РЅС‹Р№ РіРѕРґ', '');

-- --------------------------------------------------------

-- 
-- РЎС‚СЂСѓРєС‚СѓСЂР° С‚Р°Р±Р»РёС†С‹ `time`
-- 

CREATE TABLE `time` (
  id int(11) NOT NULL default '0',
  `month` int(2) NOT NULL default '0',
  `year` int(4) NOT NULL default '0',
  `day` int(1) NOT NULL default '0',
  number int(1) NOT NULL default '0',
  kind int(4) NOT NULL default '0',
  length varchar(35) character set cp1251 collate cp1251_bin NOT NULL default '',
  study int(4) NOT NULL default '0',
  grup int(4) NOT NULL default '0',
  place varchar(20) character set cp1251 collate cp1251_bin default NULL
) ENGINE=MyISAM DEFAULT CHARSET=latin1 COMMENT='СЂР°СЃРїРёСЃР°РЅРёРµ_Р·Р°РЅСЏС‚РёР№';

-- 
-- Р”Р°РјРї РґР°РЅРЅС‹С… С‚Р°Р±Р»РёС†С‹ `time`
-- 


-- --------------------------------------------------------

-- 
-- РЎС‚СЂСѓРєС‚СѓСЂР° С‚Р°Р±Р»РёС†С‹ `time_intervals`
-- 

CREATE TABLE time_intervals (
  id int(11) NOT NULL auto_increment,
  `name` varchar(100) collate cp1251_bin NOT NULL default '',
  `comment` varchar(200) collate cp1251_bin NOT NULL default '',
  date_start datetime default NULL,
  date_end datetime default NULL,
  PRIMARY KEY  (id)
) ENGINE=MyISAM AUTO_INCREMENT=21 DEFAULT CHARSET=cp1251 COLLATE=cp1251_bin COMMENT='РіРѕРґР° РґР»СЏ СѓС‡РµС‚Р°' AUTO_INCREMENT=21 ;

-- 
-- Р”Р°РјРї РґР°РЅРЅС‹С… С‚Р°Р±Р»РёС†С‹ `time_intervals`
-- 

INSERT INTO time_intervals VALUES (1, '2006-2007', '', '2006-09-01 00:00:00', '2007-08-31 23:59:59');
INSERT INTO time_intervals VALUES (2, '2007-2008', '', '2007-09-01 00:00:00', '2008-08-31 23:59:59');
INSERT INTO time_intervals VALUES (3, '2008-2009', '', '2008-09-01 00:00:00', '2009-08-31 23:59:59');
INSERT INTO time_intervals VALUES (4, '2005-2006', '', NULL, NULL);
INSERT INTO time_intervals VALUES (5, '2004-2005', '', NULL, NULL);
INSERT INTO time_intervals VALUES (6, '2003-2004', '', NULL, NULL);
INSERT INTO time_intervals VALUES (7, '2002-2003', '', NULL, NULL);
INSERT INTO time_intervals VALUES (8, '2001-2002', '', NULL, NULL);
INSERT INTO time_intervals VALUES (9, '2000-2001', '', NULL, NULL);
INSERT INTO time_intervals VALUES (10, '2009-2010', '', '2009-09-01 00:00:00', '2010-08-31 23:59:59');
INSERT INTO time_intervals VALUES (11, '1999-2000', '', NULL, NULL);
INSERT INTO time_intervals VALUES (12, '1998-1999', '', NULL, NULL);
INSERT INTO time_intervals VALUES (13, '1997-1998', '', NULL, NULL);
INSERT INTO time_intervals VALUES (14, '1996-1997', '', NULL, NULL);
INSERT INTO time_intervals VALUES (15, '1995-1996', '', NULL, NULL);
INSERT INTO time_intervals VALUES (16, '1994-1995', '', NULL, NULL);
INSERT INTO time_intervals VALUES (17, '1993-1994', '', NULL, NULL);
INSERT INTO time_intervals VALUES (18, '1992-1993', '', NULL, NULL);
INSERT INTO time_intervals VALUES (19, '1991-1992', '', NULL, NULL);
INSERT INTO time_intervals VALUES (20, '1990-1991', '', NULL, NULL);

-- --------------------------------------------------------

-- 
-- РЎС‚СЂСѓРєС‚СѓСЂР° С‚Р°Р±Р»РёС†С‹ `time_parts`
-- 

CREATE TABLE time_parts (
  id int(11) NOT NULL auto_increment,
  `name` varchar(100) collate cp1251_bin NOT NULL default '',
  `comment` varchar(200) collate cp1251_bin NOT NULL default '',
  PRIMARY KEY  (id)
) ENGINE=MyISAM AUTO_INCREMENT=3 DEFAULT CHARSET=cp1251 COLLATE=cp1251_bin COMMENT='СЃРµРјРµСЃС‚СЂ' AUTO_INCREMENT=3 ;

-- 
-- Р”Р°РјРї РґР°РЅРЅС‹С… С‚Р°Р±Р»РёС†С‹ `time_parts`
-- 

INSERT INTO time_parts VALUES (1, 'РѕСЃРµРЅРЅРёР№', '');
INSERT INTO time_parts VALUES (2, 'РІРµСЃРµРЅРЅРёР№', '');

-- --------------------------------------------------------

-- 
-- РЎС‚СЂСѓРєС‚СѓСЂР° С‚Р°Р±Р»РёС†С‹ `type_nauch_rab`
-- 

CREATE TABLE type_nauch_rab (
  id int(3) NOT NULL auto_increment,
  `name` varchar(20) NOT NULL,
  `comment` varchar(200) NOT NULL,
  PRIMARY KEY  (id)
) ENGINE=MyISAM AUTO_INCREMENT=3 DEFAULT CHARSET=cp1251 AUTO_INCREMENT=3 ;

-- 
-- Р”Р°РјРї РґР°РЅРЅС‹С… С‚Р°Р±Р»РёС†С‹ `type_nauch_rab`
-- 

INSERT INTO type_nauch_rab VALUES (1, 'РџРµС‡Р°С‚РЅР°СЏ', '');
INSERT INTO type_nauch_rab VALUES (2, 'Р СѓРєРѕРїРёСЃРЅР°СЏ', '');

-- --------------------------------------------------------

-- 
-- РЎС‚СЂСѓРєС‚СѓСЂР° С‚Р°Р±Р»РёС†С‹ `types`
-- 

CREATE TABLE `types` (
  id int(11) NOT NULL auto_increment,
  title varchar(50) NOT NULL,
  pub tinyint(1) NOT NULL default '0',
  PRIMARY KEY  (id)
) ENGINE=MyISAM DEFAULT CHARSET=cp1251 AUTO_INCREMENT=1 ;

-- 
-- Р”Р°РјРї РґР°РЅРЅС‹С… С‚Р°Р±Р»РёС†С‹ `types`
-- 


-- --------------------------------------------------------

-- 
-- РЎС‚СЂСѓРєС‚СѓСЂР° С‚Р°Р±Р»РёС†С‹ `uch_org_rab`
-- 

CREATE TABLE uch_org_rab (
  id int(11) NOT NULL auto_increment,
  id_kadri int(5) NOT NULL default '0',
  id_year int(5) NOT NULL default '0',
  id_vidov_rabot int(100) NOT NULL default '0',
  prim varchar(100) NOT NULL COMMENT 'РџСЂРёРјРµС‡Р°РЅРёРµ Рє СЂР°Р±РѕС‚Рµ',
  srok_vipolneniya date NOT NULL default '0000-00-00' COMMENT 'РЎСЂРѕРє РІС‹РїРѕР»РЅРµРЅРёСЏ СЂР°Р±РѕС‚С‹',
  kol_vo_plan varchar(100) NOT NULL COMMENT 'Р—Р°РїР»Р°РЅРёСЂРѕРІР°РЅРЅРѕРµ РєРѕР»РёС‡РµСЃС‚РІРѕ С‡Р°СЃРѕРІ',
  vid_otch varchar(100) NOT NULL COMMENT 'Р’РёРґ РѕС‚С‡С‘С‚РЅРѕСЃС‚Рё',
  id_otmetka int(1) NOT NULL default '0',
  `comment` varchar(200) NOT NULL default '',
  PRIMARY KEY  (id)
) ENGINE=MyISAM AUTO_INCREMENT=68 DEFAULT CHARSET=cp1251 COMMENT='РЈС‡РµР±РЅРѕ - Рё РѕСЂРіР°РЅРёР·Р°С†.-РјРµС‚. СЂР°Р±РѕС‚Р°' AUTO_INCREMENT=68 ;

-- 
-- Р”Р°РјРї РґР°РЅРЅС‹С… С‚Р°Р±Р»РёС†С‹ `uch_org_rab`
-- 

INSERT INTO uch_org_rab VALUES (58, 1, 9, 23, 'РџСЂРёРјРµС‡Р°РЅРёРµ', '2001-05-23', '10', 'РћС‚С‡С‘С‚ РїСЂРѕС€РµРґС€РµРіРѕ РїРµСЂРёРѕРґР°', 1, '');
INSERT INTO uch_org_rab VALUES (59, 1, 9, 24, 'РџСЂРёРјРµС‡Р°РЅРёРµ', '2006-05-23', '32', 'РћС‚С‡С‘С‚ РїСЂРѕС€РµРґС€РµРіРѕ РїРµСЂРёРѕРґР°', 2, '');
INSERT INTO uch_org_rab VALUES (60, 2, 9, 26, 'Р’Р·Р°РёРјРЅРѕРµ РїРѕСЃРµС‰РµРЅРёРµ Р·Р°РЅСЏС‚РёР№', '2006-12-13', '11', 'РћС‚С‡С‘С‚', 2, '');
INSERT INTO uch_org_rab VALUES (61, 2, 9, 27, 'РџСЂРёРјРµС‡Р°РЅРёРµ в„–2', '2007-09-08', '2', 'РѕС‚С‡С‘С‚РЅРѕСЃС‚СЊ', 2, '');
INSERT INTO uch_org_rab VALUES (67, 1, 9, 24, '4', '0000-00-00', '1', '3', 2, '');

-- --------------------------------------------------------

-- 
-- РЎС‚СЂСѓРєС‚СѓСЂР° С‚Р°Р±Р»РёС†С‹ `uch_vosp_rab`
-- 

CREATE TABLE uch_vosp_rab (
  id int(5) NOT NULL auto_increment,
  id_kadri int(5) NOT NULL default '0',
  id_year int(5) NOT NULL default '0',
  id_vidov_rabot int(5) NOT NULL default '0',
  id_study_groups int(4) NOT NULL default '0',
  prim varchar(100) NOT NULL COMMENT 'РџСЂРёРјРµС‡Р°РЅРёРµ Рє СЂР°Р±РѕС‚Рµ',
  srok_vipolneniya date NOT NULL default '0000-00-00' COMMENT 'РЎСЂРѕРє РІС‹РїРѕР»РЅРµРЅРёСЏ СЂР°Р±РѕС‚С‹',
  kol_vo_plan varchar(50) NOT NULL COMMENT 'Р—Р°РїР»Р°РЅРёСЂРѕРІР°РЅРЅРѕРµ РєРѕР»РёС‡РµСЃС‚РІРѕ С‡Р°СЃРѕРІ',
  id_otmetka int(1) NOT NULL default '0',
  `comment` varchar(200) NOT NULL default '',
  PRIMARY KEY  (id)
) ENGINE=MyISAM AUTO_INCREMENT=38 DEFAULT CHARSET=cp1251 COMMENT='РЈС‡РµР±РЅРѕ-РІРѕСЃРїРёС‚Р°С‚РµР»СЊРЅР°СЏ СЂР°Р±РѕС‚Р°' AUTO_INCREMENT=38 ;

-- 
-- Р”Р°РјРї РґР°РЅРЅС‹С… С‚Р°Р±Р»РёС†С‹ `uch_vosp_rab`
-- 

INSERT INTO uch_vosp_rab VALUES (29, 1, 9, 22, 2, 'РќР°СѓС‡. СЂСѓРє.', '2006-05-23', '10', 1, '');
INSERT INTO uch_vosp_rab VALUES (30, 1, 9, 22, 1, 'РџСЂРёРјРµС‡Р°РЅРёРµ', '2003-04-12', '11', 2, '');
INSERT INTO uch_vosp_rab VALUES (31, 2, 9, 22, 3, 'РџСЂРёРј', '2004-11-09', '1', 2, '');
INSERT INTO uch_vosp_rab VALUES (32, 2, 9, 22, 2, 'Р’РІРµРґРёС‚Рµ РїСЂРёРјРµС‡Р°РЅРёРµ', '2006-02-23', '2', 1, '');
INSERT INTO uch_vosp_rab VALUES (36, 1, 9, 22, 1, 'РџСЂРёРјРµС‡Р°РЅРёРµ', '2000-03-09', '32', 1, '');
INSERT INTO uch_vosp_rab VALUES (37, 1, 9, 22, 2, 'РїСЂРёРјРµС‡Р°РЅРёРµ', '2001-05-09', '12', 2, '');

-- --------------------------------------------------------

-- 
-- РЎС‚СЂСѓРєС‚СѓСЂР° С‚Р°Р±Р»РёС†С‹ `users`
-- 

CREATE TABLE users (
  id int(11) NOT NULL auto_increment,
  login varchar(50) NOT NULL,
  `password` varchar(50) NOT NULL,
  PRIMARY KEY  (id)
) ENGINE=MyISAM DEFAULT CHARSET=cp1251 COMMENT='РџРѕР»СЊР·РѕРІР°С‚РµР»Рё' AUTO_INCREMENT=1 ;

-- 
-- Р”Р°РјРї РґР°РЅРЅС‹С… С‚Р°Р±Р»РёС†С‹ `users`
-- 


-- --------------------------------------------------------

-- 
-- РЎС‚СЂСѓРєС‚СѓСЂР° С‚Р°Р±Р»РёС†С‹ `vid_ucheb_nagr`
-- 

CREATE TABLE vid_ucheb_nagr (
  id int(11) NOT NULL auto_increment,
  nedel varchar(100) collate cp1257_bin default NULL,
  kurs int(150) default NULL,
  semesters varchar(100) collate cp1257_bin default NULL,
  vid_obych int(100) NOT NULL,
  PRIMARY KEY  (id)
) ENGINE=MyISAM AUTO_INCREMENT=6 DEFAULT CHARSET=cp1257 COLLATE=cp1257_bin AUTO_INCREMENT=6 ;

-- 
-- Р”Р°РјРї РґР°РЅРЅС‹С… С‚Р°Р±Р»РёС†С‹ `vid_ucheb_nagr`
-- 

INSERT INTO vid_ucheb_nagr VALUES (1, '1', 2, '1', 3);
INSERT INTO vid_ucheb_nagr VALUES (2, '1', 1, '1', 1);
INSERT INTO vid_ucheb_nagr VALUES (3, '1', 2, '1', 1);
INSERT INTO vid_ucheb_nagr VALUES (4, '2', 2, '1', 3);
INSERT INTO vid_ucheb_nagr VALUES (5, '3', 1, '2', 4);

-- --------------------------------------------------------

-- 
-- РЎС‚СЂСѓРєС‚СѓСЂР° С‚Р°Р±Р»РёС†С‹ `zakl`
-- 

CREATE TABLE zakl (
  id int(10) NOT NULL auto_increment,
  msg varchar(100) NOT NULL COMMENT 'РўРµРєСЃС‚ Р·Р°РєР»СЋС‡РµРЅРёСЏ Рё РїСЂРµРґР»РѕР¶РµРЅРёР№',
  id_kadri int(2) NOT NULL default '0',
  id_year int(2) NOT NULL default '0',
  `comment` varchar(200) NOT NULL default '',
  PRIMARY KEY  (id)
) ENGINE=MyISAM AUTO_INCREMENT=16 DEFAULT CHARSET=cp1251 COMMENT='Р—Р°РєР»СЋС‡РµРЅРёРµ Р·Р°РІ. РєР°С„.' AUTO_INCREMENT=16 ;

-- 
-- Р”Р°РјРї РґР°РЅРЅС‹С… С‚Р°Р±Р»РёС†С‹ `zakl`
-- 

INSERT INTO zakl VALUES (15, 'Р—Р°РєР»СЋС‡РµРЅРёРµ', 1, 9, '');

-- --------------------------------------------------------

-- 
-- РЎС‚СЂСѓРєС‚СѓСЂР° С‚Р°Р±Р»РёС†С‹ `zvanie`
-- 

CREATE TABLE zvanie (
  id int(2) NOT NULL auto_increment,
  `name` varchar(60) character set cp1251 collate cp1251_bin NOT NULL default '',
  `comment` varchar(150) NOT NULL,
  PRIMARY KEY  (id)
) ENGINE=MyISAM AUTO_INCREMENT=7 DEFAULT CHARSET=latin1 COMMENT='Р·РІР°РЅРёРµ' AUTO_INCREMENT=7 ;

-- 
-- Р”Р°РјРї РґР°РЅРЅС‹С… С‚Р°Р±Р»РёС†С‹ `zvanie`
-- 

INSERT INTO zvanie VALUES (3, 'РЅРµС‚ РґР°РЅРЅС‹С…', '');
INSERT INTO zvanie VALUES (1, 'РґРѕС†РµРЅС‚', '');
INSERT INTO zvanie VALUES (2, 'РїСЂРѕС„РµСЃСЃРѕСЂ', '');
