-- phpMyAdmin SQL Dump
-- version 3.0.1.1
-- http://www.phpmyadmin.net
--
-- РҐРѕСЃС‚: localhost
-- Р’СЂРµРјСЏ СЃРѕР·РґР°РЅРёСЏ: РђРїСЂ 01 2009 Рі., 01:00
-- Р’РµСЂСЃРёСЏ СЃРµСЂРІРµСЂР°: 5.0.27
-- Р’РµСЂСЃРёСЏ PHP: 5.2.0

SET SQL_MODE="NO_AUTO_VALUE_ON_ZERO";


/*!40101 SET @OLD_CHARACTER_SET_CLIENT=@@CHARACTER_SET_CLIENT */;
/*!40101 SET @OLD_CHARACTER_SET_RESULTS=@@CHARACTER_SET_RESULTS */;
/*!40101 SET @OLD_COLLATION_CONNECTION=@@COLLATION_CONNECTION */;
/*!40101 SET NAMES utf8 */;

--
-- Р‘Р°Р·Р° РґР°РЅРЅС‹С…: `asu_demo`
--

-- --------------------------------------------------------

--
-- РЎС‚СЂСѓРєС‚СѓСЂР° С‚Р°Р±Р»РёС†С‹ `diploms`
--

CREATE TABLE IF NOT EXISTS `diploms` (
  `id` int(4) NOT NULL auto_increment,
  `dipl_name` text character set utf8 collate utf8_unicode_ci NOT NULL,
  `student_id` int(11) NOT NULL default '0',
  `kadri_id` int(4) NOT NULL default '0',
  `pract_place` text character set utf8 collate utf8_unicode_ci NOT NULL,
  `comment` text character set utf8 collate utf8_unicode_ci NOT NULL,
  `year_id` int(4) NOT NULL default '0',
  `date_act_` varchar(20) character set utf8 collate utf8_unicode_ci NOT NULL default '',
  `foreign_lang` int(4) NOT NULL default '0',
  `recenz` text character set utf8 collate utf8_unicode_ci NOT NULL,
  `study_mark` int(4) NOT NULL default '0',
  `date_act` date default NULL,
  `recenz_id` int(4) NOT NULL COMMENT 'ID СЂРµС†РµРЅР·РµРЅС‚Р°',
  `pract_place_id` int(4) NOT NULL COMMENT 'РјРµСЃС‚Рѕ РїСЂР°РєС‚РёРєРё',
  PRIMARY KEY  (`id`)
) ENGINE=MyISAM  DEFAULT CHARSET=cp1251 COLLATE=cp1251_bin AUTO_INCREMENT=101 ;

--
-- Р”Р°РјРї РґР°РЅРЅС‹С… С‚Р°Р±Р»РёС†С‹ `diploms`
--

INSERT INTO `diploms` (`id`, `dipl_name`, `student_id`, `kadri_id`, `pract_place`, `comment`, `year_id`, `date_act_`, `foreign_lang`, `recenz`, `study_mark`, `date_act`, `recenz_id`, `pract_place_id`) VALUES
(96, 'РђРІС‚РѕРјР°С‚РёР·РёСЂРѕРІР°РЅРЅР°СЏ РёРЅС„РѕСЂРјР°С†РёРѕРЅРЅР°СЏ СЃРёСЃС‚РµРјР° СѓС‡РµС‚Р° РѕРєР°Р·Р°РЅРёСЏ СѓСЃР»СѓРі Р»РµС‡РµР±РЅРѕ-РїСЂРѕС„РёР»Р°РєС‚РёС‡РµСЃРєРѕРіРѕ СѓС‡СЂРµР¶РґРµРЅРёСЏ\r\n', 3, 2, '.', '15.06.2007 РџРР­ в„–2', 0, '15.06.2007', 0, 'Р”СѓР»РµРЅРєРѕ Р’СЏС‡РµСЃР»Р°РІ РђР»РµРєСЃРµРµРІРёС‡, РґРѕС†РµРЅС‚ РЈС„РёРјСЃРєРѕРіРѕ СЋСЂРёРґРёС‡РµСЃРєРѕРіРѕ РёРЅСЃС‚РёС‚СѓС‚Р° РњР’Р” Р РѕСЃСЃРёРё', 2, '2009-06-15', 0, 230),
(97, 'РРЅС„РѕСЂРјР°С†РёРѕРЅРЅР°СЏ РїРѕРґРґРµСЂР¶РєР° РїСЂРё СѓРїСЂР°РІР»РµРЅРёРё РЅР° С‚СЂР°РЅСЃРїРѕСЂС‚Рµ', 1, 2, '.', '', 0, '', 0, '', 0, '2007-06-08', 0, 230),
(99, 'РђРІС‚РѕРјР°С‚РёР·РёСЂРѕРІР°РЅРЅР°СЏ СЃРёСЃС‚РµРјР° СѓРїСЂР°РІР»РµРЅРёСЏ Р·Р°С‚СЂР°С‚Р°РјРё РЅР° РїСЂРѕРІРµРґРµРЅРёРµ СЂРµРјРѕРЅС‚РЅС‹С… СЂР°Р±РѕС‚\r\n', 4, 3, '.', '', 0, '', 0, '', 2, '2009-06-15', 0, 232),
(100, 'РђРІС‚РѕРјР°С‚РёР·РёСЂРѕРІР°РЅРЅР°СЏ СЃРёСЃС‚РµРјР° СѓРїСЂР°РІР»РµРЅРёСЏ РѕСЂРіР°РЅРёР·Р°С†РёРµР№ РјРѕРЅС‚Р°Р¶РЅС‹С… СЂР°Р±РѕС‚', 2, 1, '.', 'РќР°СѓС‡РЅС‹Рј СЂСѓРєРѕРІРѕРґРёС‚РµР»РµРј Р±С‹Р» Р‘Р°Р±Р°Рє РЎ. Р¤., 14.06.2007 РџРР­ в„–2', 0, '', 0, 'РЎРјР°РіРёРЅ РњРёС…Р°РёР» РђРЅР°С‚РѕР»СЊРµРІРёС‡, РґРёСЂРµРєС‚РѕСЂ РїРѕ СЂР°Р·СЂР°Р±РѕС‚РєР°Рј Рё С‚РµС…РЅРёС‡РµСЃРєРѕР№ РїРѕРґРґРµСЂР¶РєРµ РћРћРћ "Р’РёРЅРџРёРє РРЅС‚РµСЂРЅРµС€РЅР»"', 1, '2009-06-14', 0, 231);

-- --------------------------------------------------------

--
-- РЎС‚СЂСѓРєС‚СѓСЂР° С‚Р°Р±Р»РёС†С‹ `dolgnost`
--

CREATE TABLE IF NOT EXISTS `dolgnost` (
  `id` int(2) NOT NULL auto_increment,
  `name` varchar(60) character set cp1251 collate cp1251_bin NOT NULL default '',
  `name_short` varchar(150) character set utf8 collate utf8_unicode_ci NOT NULL,
  `comment` varchar(150) NOT NULL,
  PRIMARY KEY  (`id`)
) ENGINE=MyISAM  DEFAULT CHARSET=latin1 COMMENT='РґРѕР»Р¶РЅРѕСЃС‚Рё' AUTO_INCREMENT=10 ;

--
-- Р”Р°РјРї РґР°РЅРЅС‹С… С‚Р°Р±Р»РёС†С‹ `dolgnost`
--

INSERT INTO `dolgnost` (`id`, `name`, `name_short`, `comment`) VALUES
(3, 'РЅРµС‚ РґР°РЅРЅС‹С…', '', ''),
(1, 'СЃС‚Р°СЂС€РёР№ РїСЂРµРїРѕРґР°РІР°С‚РµР»СЊ', 'СЃС‚.РїСЂРµРї.', ''),
(2, 'Р·Р°РІРµРґСѓСЋС‰РёР№ РєР°С„РµРґСЂРѕР№ РђРЎРЈ', 'Р·Р°РІ.РєР°С„.', ''),
(4, 'Р°СЃСЃРёСЃС‚РµРЅС‚', 'Р°СЃСЃ.', ''),
(5, 'РїСЂРµРїРѕРґР°РІР°С‚РµР»СЊ-СЃС‚Р°Р¶РµСЂ', 'РїСЂРµРї.-СЃС‚Р°Р¶РµСЂ', ''),
(6, 'РґРѕС†РµРЅС‚', 'РґРѕС†.', ''),
(7, 'РїСЂРѕС„РµСЃСЃРѕСЂ', 'РїСЂРѕС„.', '');

-- --------------------------------------------------------

--
-- РЎС‚СЂСѓРєС‚СѓСЂР° С‚Р°Р±Р»РёС†С‹ `filials`
--

CREATE TABLE IF NOT EXISTS `filials` (
  `id` int(4) NOT NULL auto_increment,
  `name` varchar(150) collate utf8_unicode_ci default NULL,
  `name_short` varchar(50) collate utf8_unicode_ci default NULL,
  `comment` varchar(150) collate utf8_unicode_ci NOT NULL,
  PRIMARY KEY  (`id`)
) ENGINE=MyISAM  DEFAULT CHARSET=utf8 COLLATE=utf8_unicode_ci COMMENT='С„РёР»РёР°Р»С‹' AUTO_INCREMENT=15 ;

--
-- Р”Р°РјРї РґР°РЅРЅС‹С… С‚Р°Р±Р»РёС†С‹ `filials`
--

INSERT INTO `filials` (`id`, `name`, `name_short`, `comment`) VALUES
(1, 'РљСѓРјРµСЂС‚Р°Сѓ', 'РљСѓРјРµСЂС‚Р°Сѓ', ''),
(2, 'Р‘РµР»РѕСЂРµС†Рє', 'Р‘РµР»РѕСЂРµС†Рє', ''),
(3, 'РўСѓР№РјР°Р·С‹', 'РўСѓР№РјР°Р·С‹', ''),
(8, 'Р•РєР°С‚РµСЂРёРЅР±СѓСЂРі', '', ''),
(7, '.', '', ''),
(6, 'РС€РёРјР±Р°Р№', 'РС€РёРјР±Р°Р№', ''),
(9, 'РњРѕСЃРєРІР°', '', ''),
(10, 'РЎР°РЅРєС‚ РџРµС‚РµСЂР±СѓСЂРі', '', ''),
(11, 'РџРµСЂРјСЊ', '', ''),
(12, 'Р‘Р°Р»Р°С€РёС…Р°', '', ''),
(13, 'Р С‹Р±РёРЅСЃРє', '', ''),
(14, 'РљР°Р·Р°РЅСЊ', '', '');

-- --------------------------------------------------------

--
-- РЎС‚СЂСѓРєС‚СѓСЂР° С‚Р°Р±Р»РёС†С‹ `filial_actions`
--

CREATE TABLE IF NOT EXISTS `filial_actions` (
  `id` int(4) NOT NULL auto_increment,
  `name` varchar(100) collate utf8_unicode_ci NOT NULL,
  `name_short` varchar(150) collate utf8_unicode_ci NOT NULL,
  `comment` varchar(150) collate utf8_unicode_ci NOT NULL,
  PRIMARY KEY  (`id`)
) ENGINE=MyISAM  DEFAULT CHARSET=utf8 COLLATE=utf8_unicode_ci COMMENT='РґРµР№СЃС‚РІРёСЏ РІ РєРѕРјР°РЅРґРёСЂРѕРІРєРµ' AUTO_INCREMENT=5 ;

--
-- Р”Р°РјРї РґР°РЅРЅС‹С… С‚Р°Р±Р»РёС†С‹ `filial_actions`
--

INSERT INTO `filial_actions` (`id`, `name`, `name_short`, `comment`) VALUES
(1, 'РїСЂРѕРІРµРґРµРЅРёРµ Р·Р°РЅСЏС‚РёР№', 'РїСЂРѕРІРµРґРµРЅРёРµ Р·Р°РЅСЏС‚РёР№', ''),
(2, 'РїСЂРёРµРј Р·Р°С‡РµС‚РѕРІ', 'РїСЂРёРµРј Р·Р°С‡РµС‚РѕРІ', ''),
(3, 'СѓС‡Р°СЃС‚РёРµ РІ Р“РђРљ', '', ''),
(4, 'РїСЂРёРµРј СЌРєР·Р°РјРµРЅРѕРІ', '', '');

-- --------------------------------------------------------

--
-- РЎС‚СЂСѓРєС‚СѓСЂР° С‚Р°Р±Р»РёС†С‹ `holidays`
--

CREATE TABLE IF NOT EXISTS `holidays` (
  `id` int(11) NOT NULL auto_increment,
  `date_hol` varchar(15) NOT NULL default '',
  `name_hol` varchar(200) character set cp1251 collate cp1251_bin NOT NULL default '',
  `type_hol` varchar(20) NOT NULL default '',
  `comment` varchar(100) NOT NULL default '',
  PRIMARY KEY  (`id`)
) ENGINE=MyISAM  DEFAULT CHARSET=latin1 COMMENT='РїСЂР°Р·РґРЅРёРєРё' AUTO_INCREMENT=579 ;

--
-- Р”Р°РјРї РґР°РЅРЅС‹С… С‚Р°Р±Р»РёС†С‹ `holidays`
--

INSERT INTO `holidays` (`id`, `date_hol`, `name_hol`, `type_hol`, `comment`) VALUES
(1, '01.01', 'РґРµРЅСЊ РїР°РјСЏС‚Рё Р±С‹Р»РёРЅРЅРѕРіРѕ Р±РѕРіР°С‚С‹СЂСЏ РР»СЊРё РњСѓСЂРѕРјС†Р°', '', ''),
(2, '01.01.1874', 'РњР°РЅРёС„РµСЃС‚ Рѕ РІРІРµРґРµРЅРёРё РІСЃРµРѕР±С‰РµР№ РІРѕРёРЅСЃРєРѕР№ РїРѕРІРёРЅРЅРѕСЃС‚Рё Рё РЈСЃС‚Р°РІ РІРѕРёРЅСЃРєРѕР№ РїРѕРІРёРЅРЅРѕСЃС‚Рё', '', ''),
(3, '01.01.1983', 'РџСЂРѕС‚РѕРєРѕР» TCP/IP РІС‹Р±СЂР°РЅ РµРґРёРЅСЃС‚РІРµРЅРЅС‹Рј РїСЂРѕС‚РѕРєР»РѕРј РґР»СЏ РРЅС‚РµСЂРЅРµС‚Р°', '', ''),
(4, '02.01', 'РІ РЇРїРѕРЅРёРё РґРµРЅСЊ РЅР°С‡Р°Р»Р° СЂР°Р±РѕС‚С‹. РџСЂР°Р·РґРЅРёРє ''РЁРёРіРѕС‚Рѕ РҐР°РґР¶РёРјРµ''. РћР±СЊСЏРІР»РµРЅ РЅРµСЂР°Р±РѕС‡РёРј РґРЅРµРј', '', ''),
(5, '02.01.1969', 'Р›СѓРЅРѕС…РѕРґ ''Р›СѓРЅР°-1'' СЃРѕРІРµСЂС€РёР» РїРѕСЃР°РґРєСѓ РЅР° Р›СѓРЅСѓ', '', ''),
(6, '03.01', 'РІ РЇРїРѕРЅРёРё РІС‹С…РѕРґРЅРѕР№ РґРµРЅСЊ', '', ''),
(8, '06.01', 'Р РѕР¶РґРµСЃС‚РІРµРЅСЃРєРёР№ СЃРѕС‡РµР»СЊРЅРёРє', '', ''),
(9, '06.01', 'РІ РђРЅРґРѕСЂСЂРµ Р‘РѕРіРѕСЏРІР»РµРЅРёРµ.', '', ''),
(10, '06.01', 'РІ Р“СЂРµС†РёРё Р‘РѕРіРѕСЏРІР»РµРЅРёРµ.', '', ''),
(11, '07.01', 'Р РѕР¶РґРµСЃС‚РІРѕ РҐСЂРёСЃС‚РѕРІРѕ (РїСЂР°РІРѕСЃР»Р°РІРЅРѕРµ)', '', ''),
(12, '07.01.1610', 'РћС‚РєСЂС‹С‚РёРµ Р®РїРёС‚РµСЂР° Р“.Р“Р°Р»РёР»РµРµРј', '', ''),
(13, '07.01.1904', 'РРјРµРЅРЅРѕ РІ СЌС‚РѕС‚ РґРµРЅСЊ РєРѕРјРїР°РЅРёРµР№ Р“. РњР°СЂРєРѕРЅРё Р±С‹Р» РїСЂРµРґР»РѕР¶РµРЅ СЂР°РґРёРѕСЃРёРіРЅР°Р», РѕР·РЅР°С‡Р°СЋС‰РёР№ РїСЂРёР·С‹РІ Рѕ РїРѕРјРѕС‰Рё: CQD. РЎРїСѓСЃС‚СЏ РґРІР° РіРѕРґР° РІ С†РµР»СЏС… Р±С‹СЃС‚СЂРѕС‚С‹ РїРµСЂРµРґР°С‡Рё Рё СѓРґРѕР±СЃС‚РІР° РѕРЅ Р±С‹Р» Р·Р°РјРµРЅРµРЅ РёСЃРїРѕР»СЊР·СѓРµРјС‹Рј РїРѕ СЃРµР№ РґРµРЅСЊ СЃРёРіРЅР°Р»Рѕ', '', ''),
(14, '07.01.1977', 'Р’СЃРµ РїСЂРѕРіСЂР°РјРјС‹ Р¦РµРЅС‚СЂР°Р»СЊРЅРѕРіРѕ С‚РµР»РµРІРёРґРµРЅРёСЏ СЃС‚Р°Р»Рё РїРµСЂРµРґР°РІР°С‚СЊСЃСЏ РІ С†РІРµС‚Рµ', '', ''),
(15, '08.01', 'Р Р°РјР°Р·Р°РЅ-Р±Р°Р№СЂР°Рј (Р­Р№Рґ Р°Р»СЊ-Р¤РёС‚СЂ). РџСЂР°Р·РґРЅСѓРµС‚СЃСЏ РІ РўР РЎРљ (РўСѓСЂРµС†РєР°СЏ Р РµСЃРїСѓР±Р»РёРєР° РЎРµРІРµСЂРЅРѕРіРѕ РљРёРїСЂР°)', '', ''),
(16, '09.01.1664', 'РЈРєСЂР°РёРЅР° РІРѕСЃСЃРѕРµРґРёРЅРёР»Р°СЃСЊ СЃ Р РѕСЃСЃРёРµР№', '', ''),
(17, '09.01.1905', 'РљСЂРѕРІР°РІРѕРµ РІРѕСЃРєСЂРµСЃРµРЅСЊРµ. РќР°С‡Р°Р»Рѕ РїРµСЂРІРѕР№ СЂРѕСЃСЃРёР№СЃРєРѕР№ СЂРµРІРѕР»СЋС†РёРё', '', ''),
(18, '10.01', 'РџСЂР°Р·РґРЅРёРє Р’СѓРґСѓ РІ Р‘РµРЅРёРЅРµ', '', ''),
(19, '10.01.2002', 'РЈС‚РІРµСЂР¶РґРµРЅ РїСЂРµР·РёРґРµРЅС‚РѕРј Р Р¤ Р·Р°РєРѕРЅ ''РћР± СЌР»РµРєС‚СЂРѕРЅРЅРѕР№ С†РёС„СЂРѕРІРѕР№ РїРѕРґРїРёСЃРё''', '', ''),
(20, '11.01', 'Р’СЃРµРјРёСЂРЅС‹Р№ РґРµРЅСЊ ''СЃРїР°СЃРёР±Рѕ''', '', ''),
(21, '11.01', 'РґРµРЅСЊ Р·Р°РїРѕРІРµРґРЅРёРєРѕРІ', '', ''),
(22, '11.01.1935', 'Р’РїРµСЂРІС‹Рµ РјРѕСЃРєРѕРІСЃРєРёРµ СЂР°РґРёРѕСЃС‚Р°РЅС†РёРё С‚СЂР°РЅСЃР»РёСЂРѕРІР°Р»Рё РєРѕРЅС†РµСЂС‚ РёР· РЎРЁРђ. Р—Р°С‚РµРј СЃРѕСЃС‚РѕСЏР»СЃСЏ РѕС‚РІРµС‚РЅС‹Р№ СЂР°РґРёРѕРєРѕРЅС†РµСЂС‚ РёР· РњРѕСЃРєРІС‹, РєРѕС‚РѕСЂС‹Р№ С‚СЂР°РЅСЃР»РёСЂРѕРІР°Р»СЃСЏ 90 СЂР°РґРёРѕСЃС‚Р°РЅС†РёСЏРјРё РЎРЁРђ', '', ''),
(23, '11.01.1963', 'РћС‚РєСЂС‹С‚РёРµ'' Whiskey A-Go-Go'' РїРµСЂРІРѕР№ РґРёСЃРєРѕС‚РµРєРё РІ Р›РѕСЃ-РђРЅР¶РµР»РµСЃРµ.', '', ''),
(24, '11.01.1994', 'РџРµСЂРІРѕРµ Р·Р°СЃРµРґР°РЅРёРµ РЎРѕРІРµС‚Р° Р¤РµРґРµСЂР°С†РёРё Рё Р“РѕСЃСѓРґР°СЂСЃС‚РІРµРЅРЅРѕР№ Р”СѓРјС‹ Р РѕСЃСЃРёРё', '', ''),
(25, '12.01.1722', 'РґРµРЅСЊ СЂР°Р±РѕС‚РЅРёРєР° РїСЂРѕРєСѓСЂР°С‚СѓСЂС‹ Р РѕСЃСЃРёР№СЃРєРѕР№ Р¤РµРґРµСЂР°С†РёРё', '', ''),
(26, '12.01.1918', 'Р”РµРєР»Р°СЂР°С†РёСЏ РїСЂР°РІ С‚СЂСѓРґСЏС‰РёС…СЃСЏ Рё СЌРєСЃРїР»СѓР°С‚РёСЂСѓРµРјРѕРіРѕ РЅР°СЂРѕРґР°', '', ''),
(27, '12.01.1943', 'РџСЂРѕСЂРІР°РЅР° Р±Р»РѕРєР°РґР° Р›РµРЅРёРЅРіСЂР°РґР°', '', ''),
(28, '12.01.1970', 'LP ''Abbey road'' Beatles Р·Р°РЅРёРјР°РµС‚ РІ РђРЅРіР»РёРё РїРµСЂРІРѕРµ РјРµСЃС‚Рѕ.', '', ''),
(29, '13.01', 'РґРµРЅСЊ СЂРѕСЃСЃРёР№СЃРєРѕР№ РїРµС‡Р°С‚Рё', '', ''),
(30, '14.01', 'РЎС‚Р°СЂС‹Р№ РќРѕРІС‹Р№ РіРѕРґ', '', ''),
(31, '17.01', 'РІСЃРµРјРёСЂРЅС‹Р№ РґРµРЅСЊ РїРµС‡Р°С‚Рё', '', ''),
(32, '17.01', 'РґРµРЅСЊ Р—РѕСЃРёРјС‹ (РїРѕСЃР»РµРґРЅРёРµ СЃРІСЏС‚РѕС‡РЅС‹Рµ РіР°РґР°РЅРёСЏ)', '', ''),
(33, '18.01', 'РљСЂРµС‰РµРЅСЃРєРёР№ СЃРѕС‡РµР»СЊРЅРёРє', '', ''),
(34, '19.01', 'РЎРІСЏС‚РѕРµ Р±РѕРіРѕСЏРІР»РµРЅРёРµ. РљСЂРµС‰РµРЅРёРµ Р“РѕСЃРїРѕРґРЅРµ', '', ''),
(35, '20.01', 'РґРµРЅСЊ РРѕР°РЅРЅР° РљСЂРµСЃС‚РёС‚РµР»СЏ', '', ''),
(36, '20.01.1965', 'РЈРјРµСЂ РђР»Р°РЅ Р¤СЂРёРґ , РїРѕРґР°СЂРёРІС€РёР№ РјРёСЂСѓ С‚РµСЂРјРёРЅ ''Rock-in-roll''.', '', ''),
(37, '21.01', 'РґРµРЅСЊ РёРЅР¶РµРЅРµСЂРЅС‹С… РІРѕР№СЃРє', '', ''),
(38, '21.01.1924', 'РЈРјРµСЂ Р’.Р. Р›РµРЅРёРЅ', '', ''),
(39, '24.01.1722', 'РўР°Р±РµР»СЊ Рѕ СЂР°РЅРіР°С… РІСЃРµС… С‡РёРЅРѕРІ РІРѕРёРЅСЃРєРёС…, СЃС‚Р°С‚СЃРєРёС… Рё РїСЂРёРґРІРѕСЂРЅС‹С…', '', ''),
(40, '25.01', 'РўР°С‚СЊСЏРЅРёРЅ РґРµРЅСЊ', '', ''),
(41, '25.01', 'РґРµРЅСЊ Р РѕСЃСЃРёР№СЃРєРѕРіРѕ СЃС‚СѓРґРµРЅС‡РµСЃС‚РІР°', '', ''),
(42, '27.01', 'РІСЃРµРјРёСЂРЅС‹Р№ РґРµРЅСЊ С‚Р°РјРѕР¶РµРЅРЅРёРєР°', '', ''),
(43, '27.01.1944', 'РґРµРЅСЊ РІРѕРёРЅСЃРєРѕР№ СЃР»Р°РІС‹ Р РѕСЃСЃРёРё. Р”РµРЅСЊ СЃРЅСЏС‚РёСЏ Р±Р»РѕРєР°РґС‹ РіРѕСЂРѕРґР° Р›РµРЅРёРЅРіСЂР°РґР°', '', ''),
(44, '28.01', 'РњРµР¶РґСѓРЅР°СЂРѕРґРЅС‹Р№ РґРµРЅСЊ РјРѕР±РёР»РёР·Р°С†РёРё РїСЂРѕС‚РёРІ СЏРґРµСЂРЅРѕР№ РІРѕР№РЅС‹', '', ''),
(45, '28.01.1820', 'РћС‚РєСЂС‹С‚РёРµ РђРЅС‚Р°СЂРєС‚РёРґС‹ (Р¤.Р¤. Р‘РµР»Р»РёРЅСЃРіР°СѓР·РµРЅ Рё Рњ.Рџ. Р›Р°Р·Р°СЂРµРІ)', '', ''),
(46, '28.01.1921', 'РџРѕРґРїРёСЃР°РЅ РґРµРєСЂРµС‚ РЎРќРљ Рѕ СЃС‚СЂРѕРёС‚РµР»СЊСЃС‚РІРµ РІ РЎРЎРЎР  СЃРµС‚Рё СЂР°РґРёРѕС‚РµР»РµС„РѕРЅРЅС‹С… СЃС‚Р°РЅС†РёР№ СЂР°РґРёРѕРІРµС‰Р°РЅРёСЏ.', '', ''),
(47, '28.01.1986', 'РљР°С‚Р°СЃС‚СЂРѕС„Р° РєРѕСЃРјРёС‡РµСЃРєРѕРіРѕ РєРѕСЂР°Р±Р»СЏ ''Р§РµР»Р»РµРЅРґР¶РµСЂ''', '', ''),
(48, '29.01', 'РґРµРЅСЊ РёР·РѕР±СЂРµС‚РµРЅРёСЏ Р°РІС‚РѕРјРѕР±РёР»СЏ', '', ''),
(49, '30.01', 'РІСЃРµРјРёСЂРЅС‹Р№ РґРµРЅСЊ РїРѕРјРѕС‰Рё Р±РѕР»СЊРЅС‹Рј РїСЂРѕРєР°Р·РѕР№', '', ''),
(50, '31.01.1939', 'РћСЃРЅРѕРІР°РЅР° РєРѕРјРїР°РЅРёСЏ Hewlett-Packard', '', ''),
(51, '01.02.1949', 'RCA РІС‹РїСѓСЃРєР°РµС‚ РїР»Р°СЃС‚РёРЅРєСѓ РЅР° 45 РѕР±РѕСЂРѕС‚РѕРІ.', '', ''),
(52, '02.02', 'РґРµРЅСЊ РЎСѓСЂРєР°', '', ''),
(53, '02.02.1943', 'РґРµРЅСЊ РІРѕРёРЅСЃРєРѕР№ СЃР»Р°РІС‹ Р РѕСЃСЃРёРё. Р”РµРЅСЊ СЂР°Р·РіСЂРѕРјР° СЃРѕРІРµС‚СЃРєРёРјРё РІРѕР№СЃРєР°РјРё РЅРµРјРµС†РєРѕ-С„Р°С€РёСЃС‚СЃРєРёС… РІРѕР№СЃРє РІ РЎС‚Р°Р»РёРЅРіСЂР°РґСЃРєРѕР№ Р±РёС‚РІРµ', '', ''),
(54, '04.02', 'РјРµР¶РґСѓРЅР°СЂРѕРґРЅС‹Р№ РґРµРЅСЊ Р·Р°РїСЂРµС‚Р° РїС‹С‚РѕРє', '', ''),
(55, '04.02.1948', 'Р’ Р”РµС‚СЂРѕР№С‚Рµ СЂРѕРґРёР»СЃСЏ Р’РёРЅСЃРµРЅС‚ Р¤РµСЂРЅРµСЂ (Alice Cooper).', '', ''),
(56, '05.02', 'РјРµР¶РґСѓРЅР°СЂРѕРґРЅС‹Р№ РґРµРЅСЊ Р±РѕР№СЃРєР°СѓС‚РѕРІ', '', ''),
(57, '05.02.1722', 'РЈСЃС‚Р°РІ Рѕ РїСЂРµСЃС‚РѕР»РѕРЅР°СЃР»РµРґРёРё', '', ''),
(58, '06.02.1906', 'Рћ РІС‹Р±РѕСЂР°С… РІ РіРѕСЃСѓРґР°СЂСЃС‚РІРµРЅРЅСѓСЋ РґСѓРјСѓ (РќРѕРІРѕРµ РїРѕР»РѕР¶РµРЅРёРµ)', '', ''),
(59, '06.02.1970', 'VenusРІ РёСЃРїРѕР»РЅРµРЅРёРё ''Shocking Blue'' Р·Р°РЅРёРјР°РµС‚ РїРµСЂРІРѕРµ РјРµС‚Рѕ РІ С…РёС‚-РїР°СЂР°РґРµ.', '', ''),
(60, '08.02', 'РґРµРЅСЊ РђСЌСЂРѕС„Р»РѕС‚Р°', '', ''),
(61, '08.02', 'РґРµРЅСЊ СЂРѕСЃСЃРёР№СЃРєРѕР№ РЅР°СѓРєРё', '', ''),
(62, '09.02.1837', 'РІ СЌС‚РѕС‚ РґРµРЅСЊ Р±С‹Р» СЃРјРµСЂС‚РµР»СЊРЅРѕ СЂР°РЅРµРЅ Рђ.РЎ. РџСѓС€РєРёРЅ', '', ''),
(63, '09.02.1923', 'РґРµРЅСЊ СЃРѕР·РґР°РЅРёСЏ Р“СЂР°Р¶РґР°РЅСЃРєРѕР№ Р°РІРёР°С†РёРё', '', ''),
(64, '09.02.1964', 'Beatles РїСЂРёРЅРёРјР°РµС‚ СѓС‡Р°СЃС‚РёРµ РІ С‚РµР»РµС€РѕСѓ ''Р­Рґ РЎРµР»РёРІР°РЅ РЁРѕСѓ''.', '', ''),
(65, '10.02', 'РґРµРЅСЊ РїР°РјСЏС‚Рё Рђ.РЎ. РџСѓС€РєРёРЅР°', '', ''),
(66, '11.02', 'РІСЃРµРјРёСЂРЅС‹Р№ РґРµРЅСЊ Р±РѕР»СЊРЅРѕРіРѕ. РћС‚РјРµС‡Р°РµС‚СЃСЏ РєР°С‚РѕР»РёРєР°РјРё РІ РґРµРЅСЊ Р›СѓСЂРґСЃРєРѕР№ Р‘РѕРіРѕРјР°С‚РµСЂРё.', '', ''),
(67, '11.02', 'РІ РЇРїРѕРЅРёРё РґРµРЅСЊ РѕР±СЂР°Р·РѕРІР°РЅРёСЏ РЅР°С†РёРё. РџРѕСЃРІСЏС‰РµРЅ РѕР±СЂР°Р·РѕРІР°РЅРёСЋ СЏРїРѕРЅСЃРєРѕРіРѕ РіРѕСЃСѓРґР°СЂСЃС‚РІР° РїРµСЂРІС‹Рј РёРјРїРµСЂР°С‚РѕСЂРѕРј РІ 660 РіРѕРґСѓ РґРѕ РЅ.СЌ.', '', ''),
(68, '13.02.1973', 'Р°Р»СЊР±РѕРј ''Live Concert'' Р‘Р°СЂР±Р°СЂС‹ РЎС‚СЂРµР№Р·Р°РЅРґ СЃС‚Р°Р» Р·РѕР»РѕС‚С‹Рј.', '', ''),
(69, '14.02', 'РґРµРЅСЊ РЎРІСЏС‚РѕРіРѕ Р’Р°Р»РµРЅС‚РёРЅР° (Р’Р°Р»РµРЅС‚Р°Р№РЅ; РґРµРЅСЊ РІСЃРµС… РІР»СЋР±Р»РµРЅРЅС‹С…)', '', ''),
(70, '15.02', 'РЎСЂРµС‚РµРЅРёРµ Р“РѕСЃРїРѕРґРЅРµ', '', ''),
(71, '15.02', 'РґРµРЅСЊ РїР°РјСЏС‚Рё РІРѕРёРЅРѕРІ-РёРЅС‚РµСЂРЅР°С†РёРѕРЅР°Р»РёСЃС‚РѕРІ РІ Р РѕСЃСЃРёРё', '', ''),
(72, '15.02.1989', 'Р”РµРЅСЊ РІС‹РІРѕРґР° РІРѕР№СЃРє РёР· РђС„РіР°РЅРёСЃС‚Р°РЅР°', '', ''),
(73, '16.02', 'РґРµРЅСЊ РїСЂРµР·РёРґРµРЅС‚РѕРІ РІ РЎРЁРђ', '', ''),
(74, '16.02', 'РЎР°Р»Р°РіР°РЅ - РќРѕРІС‹Р№ РіРѕРґ РґР»СЏ Р±СѓРґРґРёСЃС‚РѕРІ РїРѕ РІРѕСЃС‚РѕС‡РЅРѕРјСѓ Р»СѓРЅРЅРѕРјСѓ РєР°Р»РµРЅРґР°СЂСЋ', '', ''),
(75, '17.02.1967', 'Beatles Р·Р°РїРёСЃС‹РІР°СЋС‚ РїРµСЃРЅСЋ ''Strawberry Fields Forever''.', '', ''),
(76, '18.02.1762', 'РњР°РЅРёС„РµСЃС‚ Рѕ РґР°СЂРѕРІР°РЅРёРё РІРѕР»СЊРЅРѕСЃС‚Рё Рё СЃРІРѕР±РѕРґС‹ СЂРѕСЃСЃРёР№СЃРєРѕРјСѓ РґРІРѕСЂСЏРЅСЃС‚РІСѓ', '', ''),
(77, '18.02.1968', 'Pink Floyd РїСЂРёРЅРёРјР°РµС‚ РІ СЃРІРѕРё СЂСЏРґС‹ Р”СЌРІРёРґР° Р“РёР»РјРѕСЂР°.', '', ''),
(78, '19.02.1861', 'РњР°РЅРёС„РµСЃС‚ РѕР± РѕСЃРІРѕР±РѕР¶РґРµРЅРёРё РєСЂРµСЃС‚СЊСЏРЅ РѕС‚ РєСЂРµРїРѕСЃС‚РЅРѕР№ РїРѕРІРёРЅРЅРѕСЃС‚Рё', '', ''),
(79, '19.02.1980', 'РЎРјРµСЂС‚СЊ Р‘РѕРЅР° РЎРєРѕС‚С‚Р°, Р»РµРіРµРЅРґР°СЂРЅРѕРіРѕ РІРѕРєР°Р»РёСЃС‚Р° ''AC/DC''.', '', ''),
(80, '22.02', 'РјРµР¶РґСѓРЅР°СЂРѕРґРЅС‹Р№ РґРµРЅСЊ РїРѕРґРґРµСЂР¶РєРё Р¶РµСЂС‚РІ РїСЂРµСЃС‚СѓРїР»РµРЅРёР№', '', ''),
(81, '22.02.1711', 'РЈРєР°Р· РѕР± СѓС‡СЂРµР¶РґРµРЅРёРё РџСЂР°РІРёС‚РµР»СЊСЃС‚РІСѓСЋС‰РµРіРѕ РЎРµРЅР°С‚Р° Рё Рѕ РїРµСЂСЃРѕРЅР°Р»СЊРЅРѕРј РµРіРѕ СЃРѕСЃС‚Р°РІРµ', '', ''),
(82, '22.02.1803', 'РЈРєР°Р· РѕР± РѕС‚РїСѓСЃРєРµ РїРѕРјРµС‰РёРєРѕРј СЃРІРѕРёС… РєСЂРµСЃС‚СЊСЏРЅ РЅР° РІРѕР»СЋ РїРѕ Р·Р°РєР»СЋС‡РµРЅРёСЋ СѓСЃР»РѕРІРёР№ РЅР° РѕР±РѕСЋРґРЅРѕРµ СЃРѕРіР»Р°СЃРёРµ Рѕ РІРѕР»СЊРЅС‹С… С…Р»РµР±РѕРїР°С€С†Р°С…', '', ''),
(83, '23.02.1918', 'РґРµРЅСЊ РІРѕРёРЅСЃРєРѕР№ СЃР»Р°РІС‹ Р РѕСЃСЃРёРё. Р”РµРЅСЊ РїРѕР±РµРґС‹ РљСЂР°СЃРЅРѕР№ РђСЂРјРёРё РЅР°Рґ РєР°Р№Р·РµСЂРѕРІСЃРєРёРјРё РІРѕР№СЃРєР°РјРё Р“РµСЂРјР°РЅРёРё - РґРµРЅСЊ Р·Р°С‰РёС‚РЅРёРєРѕРІ РћС‚РµС‡РµСЃС‚РІР°', '', ''),
(84, '24.02.1999', 'РђРІРёР°С†РёСЏ РќРђРўРћ РЅР°С‡Р°Р»Р° РЅР°РЅРµСЃРµРЅРёРµ РІРѕР·РґСѓС€РЅС‹С… СѓРґР°СЂРѕРІ РїРѕ РЎРѕСЋР·РЅРѕР№ Р РµСЃРїСѓР±Р»РёРєРµ Р®РіРѕСЃР»Р°РІРёРё.', '', ''),
(85, '25.02', 'РґРµРЅСЊ С‚РµР·РѕРёРјРµРЅРёС‚СЃС‚РІР° РЎРІСЏС‚РµР№С€РµРіРѕ РїР°С‚СЂРёР°СЂС…Р° РјРѕСЃРєРѕРІСЃРєРѕРіРѕ Рё РІСЃРµСЏ Р СѓСЃРё РђР»РµРєСЃРёСЏ II', '', ''),
(86, '26.02', 'РґРµРЅСЊ РњР°СЂС‚РёРЅРёР°РЅР° - СѓРєСЂРѕС‚РёС‚РµР»СЏ СЃС‚СЂР°СЃС‚РµР№', '', ''),
(87, '28.02', 'РґРµРЅСЊ РљР°Р»РµРІР°Р»С‹', '', ''),
(88, '01.03', 'Р’СЃРµРјРёСЂРЅС‹Р№ РґРµРЅСЊ РіСЂР°Р¶РґР°РЅСЃРєРѕР№ РѕР±РѕСЂРѕРЅС‹', '', ''),
(89, '01.03', 'РјРµР¶РґСѓРЅР°СЂРѕРґРЅС‹Р№ РґРµРЅСЊ Р±РѕСЂСЊР±С‹ СЃ РЅР°СЂРєРѕРјР°РЅРёРµР№ Рё РЅР°СЂРєРѕР±РёР·РЅРµСЃРѕРј', '', ''),
(90, '01.03.1919', 'РґРµРЅСЊ СЃРѕР·РґР°РЅРёСЏ РєСЂРёРјРёРЅР°Р»РёСЃС‚РёС‡РµСЃРєРѕР№ СЃР»СѓР¶Р±С‹ РІ Р РѕСЃСЃРёРё', '', ''),
(91, '01.03.1981', 'Р’ РјР°СЂС‚Рµ С„РёСЂРјР° 3Com РїСЂРµРґСЃС‚Р°РІРёР»Р° РјРёСЂСѓ РїРµСЂРІСѓСЋ Ethernet-РєР°СЂС‚Сѓ.', '', ''),
(92, '02.03.1984', 'РґРµРЅСЊ СЂРѕР¶РґРµРЅРёСЏ РєРѕРјРїР°РєС‚-РґРёСЃРєР°', '', ''),
(93, '03.03', 'РјРµР¶РґСѓРЅР°СЂРѕРґРЅС‹Р№ РґРµРЅСЊ РјРёСЂР° РґР»СЏ РїРёСЃР°С‚РµР»СЏ', '', ''),
(94, '03.03.1880', 'РІ Р‘РѕР»РіР°СЂРёРё РґРµРЅСЊ РѕСЃРІРѕР±РѕР¶РґРµРЅРёСЏ Р‘РѕР»РіР°СЂРёРё РѕС‚ РѕСЃРјР°РЅСЃРєРѕРіРѕ РёРіР°. Р’РїРµСЂРІС‹Рµ 3 РјР°СЂС‚Р° РІ Р‘РѕР»РіР°СЂРёРё РїСЂР°Р·РґРЅРѕРІР°Р»РѕСЃСЊ РІ 1880 РіРѕРґСѓ РєР°Рє Р”РµРЅСЊ РІРѕСЃС€РµСЃС‚РІРёСЏ РЅР° РїСЂРµСЃС‚РѕР» РёРјРїРµСЂР°С‚РѕСЂР° РђР»РµРєСЃР°РЅРґСЂР° III.', '', ''),
(95, '15.03.1917', 'РџР°РґРµРЅРёРµ СЃР°РјРѕРґРµСЂР¶Р°РІРёСЏ РЅР° Р СѓСЃРё - РѕС‚СЂРµС‡РµРЅРёРµ РѕС‚ РїСЂРµСЃС‚РѕР»Р° С†Р°СЂСЏ РќРёРєРѕР»Р°СЏ II', '', ''),
(96, '04.03.1938', 'Р‘С‹Р»Р° РѕСЂРіР°РЅРёР·РѕРІР°РЅР° СЃР»СѓР¶Р±Р° РјРµРґ. РІС‹С‚СЂРµР·РІРёС‚РµР»РµР№', '', ''),
(97, '05.03.1611', 'РљСѓР·СЊРјР° РњРёРЅРёРЅ СЃРѕР±РёСЂР°РµС‚ РІ РќРёР¶РЅРµРј РќРѕРІРіРѕСЂРѕРґРµ РїРµСЂРІРѕРµ РЅР°СЂРѕРґРЅРѕРµ РѕРїРѕР»С‡РµРЅРёРµ', '', ''),
(98, '05.03.1953', 'РЈРјРµСЂ РРѕСЃРёС„ РЎС‚Р°Р»РёРЅ', '', ''),
(99, '05.03.1960', 'РћРєРѕРЅС‡Р°РЅРёРµ РІРѕРёРЅСЃРєРѕР№ СЃР»СѓР¶Р±С‹ Р­Р»РІРёСЃР° РџСЂРµСЃР»Рё.', '', ''),
(100, '05.03.1970', 'Р’СЃС‚СѓРїР»РµРЅРёРµ РІ СЃРёР»Сѓ Р”РѕРіРѕРІРѕСЂР° Рѕ РЅРµСЂР°СЃРїСЂРѕСЃС‚СЂР°РЅРµРЅРёРё СЏРґРµСЂРЅРѕРіРѕ РѕСЂСѓР¶РёСЏ', '', ''),
(101, '06.03', 'РљСѓСЂР±Р°РЅ-Р±Р°Р№СЂР°Рј (Р­Р№Рґ Р°Р»СЊ-РђРґС…Р°).РўР РЎРљ (РўСѓСЂРµС†РєР°СЏ Р РµСЃРїСѓР±Р»РёРєР° РЎРµРІРµСЂРЅРѕРіРѕ РљРёРїСЂР°)', '', ''),
(102, '08.03', 'РњРµР¶РґСѓРЅР°СЂРѕРґРЅС‹Р№ Р¶РµРЅСЃРєРёР№ РґРµРЅСЊ', '', ''),
(103, '08.03', 'РґРµРЅСЊ СЂР°Р±РѕС‚РЅРёРєРѕРІ РіРµРѕРґРµР·РёРё Рё РєР°СЂС‚РѕРіСЂР°С„РёРё', '', ''),
(104, '11.03.1972', 'Р‘С‹Р»Р° Р·Р°РїСѓС‰РµРЅР° РјРµР¶РїР»Р°РЅРµС‚РЅР°СЏ СЃС‚Р°РЅС†РёСЏ Pioneer 10, СѓРґР°Р»РёРІС€Р°СЏСЃСЏ РѕС‚ Р—РµРјР»Рё Р±РѕР»РµРµ С‡РµРј РЅР° 14РјР»СЂРґ.РєРј. РџРѕСЃР»РµРґРЅРёР№ СЂР°Р· РµРµ СЃРёРіРЅР°Р» Р±С‹Р» РїРѕР№РјР°РЅ 22.01.2003.', '', ''),
(105, '11.03.2003', 'Р’.РџСѓС‚РёРЅ СѓРїСЂР°Р·РґРЅРёР» Р¤РђРџРЎР (Р¤РµРґРµСЂР°Р»СЊРЅРѕРµ РђРіРµРЅС‚СЃС‚РІРѕ РџСЂР°РІРёС‚РµР»СЊСЃС‚РІРµРЅРЅРѕР№ РЎРІСЏР·Рё Рё РРЅС„РѕСЂРјР°С†РёРё)', '', ''),
(106, '12.03.1917', 'Р¤РµРІСЂР°Р»СЊСЃРєР°СЏ Р±СѓСЂР¶СѓР°Р·РЅРѕ-РґРµРјРѕРєСЂР°С‚РёС‡РµСЃРєР°СЏ СЂРµРІРѕР»СЋС†РёСЏ РІ Р РѕСЃСЃРёРё', '', ''),
(107, '12.03', 'РїСЂРѕС„РµСЃСЃРёРѕРЅР°Р»СЊРЅС‹Р№ РїСЂР°Р·РґРЅРёРє СЂР°Р±РѕС‚РЅРёРєРѕРІ СѓРіРѕР»РѕРІРЅРѕ-РёСЃРїРѕР»РЅРёС‚РµР»СЊРЅРѕР№ СЃРёСЃС‚РµРјС‹ РњРёРЅР®СЃС‚Р° Р РѕСЃСЃРёРё', '', ''),
(108, '14.03.1993', 'РІ РђРЅРґРѕСЂСЂРµ РґРµРЅСЊ РєРѕРЅСЃС‚РёС‚СѓС†РёРё. РћРґРёРЅ РёР· РЅР°РёР±РѕР»РµРµ РІР°Р¶РЅС‹С… РїСЂР°Р·РґРЅРёРєРѕРІ: РєРЅСЏР¶РµСЃС‚РІРѕ, СЃСѓС‰РµСЃС‚РІРѕРІР°РІС€РµРµ РјРЅРѕРіРёРµ СЃС‚РѕР»РµС‚РёСЏ, Р»РёС€СЊ РІ 1993 РіРѕРґСѓ РїРѕР»СѓС‡РёР»Рѕ РєРѕРЅСЃС‚РёС‚СѓС†РёСЋ, РєРѕС‚РѕСЂРѕР№ Р°РЅРґРѕСЂСЂС†С‹ РѕС‡РµРЅСЊ РіРѕСЂРґСЏС‚СЃСЏ.', '', ''),
(109, '15.03', 'Р’СЃРµРјРёСЂРЅС‹Р№ РґРµРЅСЊ РїРѕС‚СЂРµР±РёС‚РµР»СЏ', '', ''),
(110, '15.03', 'РґРµРЅСЊ СЂР°Р±РѕС‚РЅРёРєРѕРІ С‚РѕСЂРіРѕРІР»Рё, Р±С‹С‚РѕРІРѕРіРѕ РѕР±СЃР»СѓР¶РёРІР°РЅРёСЏ РЅР°СЃРµР»РµРЅРёСЏ Рё Р¶РёР»РёС‰РЅРѕ-РєРѕРјРјСѓРЅР°Р»СЊРЅРѕРіРѕ С…РѕР·СЏР№СЃС‚РІР°', '', ''),
(111, '17.03', 'РґРµРЅСЊ СЃРІСЏС‚РѕРіРѕ РџР°С‚СЂРёРєР°, РїРѕРєСЂРѕРІРёС‚РµР»СЏ РСЂР»Р°РЅРґРёРё. РЇРІР»СЏРµС‚СЃСЏ РѕС„РёС†РёР°Р»СЊРЅС‹Рј РІС‹С…РѕРґРЅС‹Рј РґРЅРµРј РІ РЎРµРІРµСЂРЅРѕР№ РСЂР»Р°РЅРґРёРё. РћС‚РјРµС‡Р°РµС‚СЃСЏ С‚РѕР»СЊРєРѕ РєР°С‚РѕР»РёРєР°РјРё. Р‘СѓРґСЊС‚Рµ РІРЅРёРјР°С‚РµР»СЊРЅС‹, РЅРµ РїРѕР·РґСЂР°РІСЊС‚Рµ РїСЂРѕС‚РµСЃС‚Р°РЅС‚РѕРІ.', '', ''),
(112, '18.03', 'РґРµРЅСЊ РџР°СЂРёР¶СЃРєРѕР№ РєРѕРјРјСѓРЅС‹', '', ''),
(113, '18.03', 'РґРµРЅСЊ РЅР°Р»РѕРіРѕРІРѕР№ РїРѕР»РёС†РёРё', '', ''),
(114, '18.03.1965', 'РџРµСЂРІС‹Р№ РІС‹С…РѕРґ С‡РµР»РѕРІРµРєР° РІ РєРѕСЃРјРѕСЃ (РђР»РµРєСЃРµР№ Р›РµРѕРЅРѕРІ)', '', ''),
(115, '19.03', 'РґРµРЅСЊ РјРѕСЂСЏРєР°-РїРѕРґРІРѕРґРЅРёРєР° Р РѕСЃСЃРёРё', '', ''),
(116, '20.03', 'РІ РЇРїРѕРЅРёРё РґРµРЅСЊ РІРµСЃРµРЅРЅРµРіРѕ СЂР°РІРЅРѕРґРµРЅСЃС‚РІРёСЏ.', '', ''),
(117, '20.03', 'РјРµР¶РґСѓРЅР°СЂРѕРґРЅС‹Р№ Р°СЃС‚СЂРѕР»РѕРіРёС‡РµСЃРєРёР№ РґРµРЅСЊ', '', ''),
(118, '20.03.1931', 'РћСЂРіР°РЅРёР·РѕРІР°РЅ РљСЂР°СЃРЅРѕСЏСЂСЃРєРёР№ СЂР°РґРёРѕС†РµРЅС‚СЂ', '', ''),
(119, '20.03.1969', 'Р‘СЂР°РєРѕСЃРѕС‡РµС‚Р°РЅРёРµ Р”Р¶РѕРЅР° Р›РµРЅРЅРѕРЅР° Рё Р™РѕРєРѕ РћРЅРѕ (Р“РёР±СЂР°Р»С‚Р°СЂ).', '', ''),
(120, '21.03', 'Р’СЃРµРјРёСЂРЅС‹Р№ РґРµРЅСЊ Р·РµРјР»Рё', '', ''),
(121, '21.03', 'Р’СЃРµРјРёСЂРЅС‹Р№ РґРµРЅСЊ РїРѕСЌР·РёРё', '', ''),
(122, '21.03', 'РґРµРЅСЊ Р’РµСЃРµРЅРЅРµРіРѕ СЂР°РІРЅРѕРґРµРЅСЃС‚РІРёСЏ', '', ''),
(123, '21.03', 'РјРµР¶РґСѓРЅР°СЂРѕРґРЅС‹Р№ РґРµРЅСЊ Р±РѕСЂСЊР±С‹ Р·Р° Р»РёРєРІРёРґР°С†РёСЋ СЂР°СЃРѕРІРѕР№ РґРёСЃРєСЂРёРјРёРЅР°С†РёРё.', '', ''),
(124, '22.03', 'Р’СЃРµРјРёСЂРЅС‹Р№ РґРµРЅСЊ РІРѕРґС‹', '', ''),
(125, '23.03', 'Р’СЃРµРјРёСЂРЅС‹Р№ РґРµРЅСЊ РјРµС‚РµРѕСЂРѕР»РѕРіР°', '', ''),
(126, '23.03.1876', 'РЇР±Р»РѕС‡РєРѕРІ РёР·РѕР±СЂРµР» РїРµСЂРІС‹Р№ РёСЃС‚РѕС‡РЅРёРє СЃРІРµС‚Р°', '', ''),
(127, '24.03', 'Р’СЃРµРјРёСЂРЅС‹Р№ РґРµРЅСЊ Р±РѕСЂСЊР±С‹ СЃ С‚СѓР±РµСЂРєСѓР»РµР·РѕРј', '', ''),
(128, '24.03.1999', 'Р’РѕР№СЃРєР° РќРђРўРћ РЅР°РїР°Р»Рё РЅР° Р®РіРѕСЃР»Р°РІРёСЋ', '', ''),
(129, '24.03', 'РґРµРЅСЊ РїР»Р°РЅРµС‚Р°СЂРёРµРІ', '', ''),
(130, '25.03', 'Р’ 03.00 РџРµСЂРµС…РѕРґ РЅР° Р•РІСЂРѕРїРµР№СЃРєРѕРµ Р»РµС‚РЅРµРµ РІСЂРµРјСЏ (С‡Р°СЃС‹ РїРµСЂРµРІРѕРґСЏС‚СЃСЏ РЅР° 1 С‡Р°СЃ РІРїРµСЂРµРґ)', '', ''),
(131, '25.03', 'Р”РµРЅСЊ РЅРµР·Р°РІРёСЃРёРјРѕСЃС‚Рё Р“СЂРµС†РёРё. Р РµСЃРїСѓР±Р»РёРєР° РљРёРїСЂ', '', ''),
(132, '25.03', 'РІ Р“СЂРµС†РёРё РґРµРЅСЊ РЅРµР·Р°РІРёСЃРёРјРѕСЃС‚Рё. Р“Р»Р°РІРЅС‹Р№ РіРѕСЃСѓРґР°СЂСЃС‚РІРµРЅРЅС‹Р№ РїСЂР°Р·РґРЅРёРє СЃС‚СЂР°РЅС‹. РћС‚РјРµС‡Р°РµС‚СЃСЏ РІ С‡РµСЃС‚СЊ РІС‹С…РѕРґР° Р“СЂРµС†РёРё РёР· СЃРѕСЃС‚Р°РІР° РћСЃРјР°РЅСЃРєРѕР№ РёРјРїРµСЂРёРё Рё РїСЂРѕРІРѕР·РіР»Р°С€РµРЅРёСЏ РЅРµР·Р°РІРёСЃРёРјРѕР№ Р“СЂРµС†РёРё.', '', ''),
(133, '27.03', 'РњРµР¶РґСѓРЅР°СЂРѕРґРЅС‹Р№ РґРµРЅСЊ С‚РµР°С‚СЂР°', '', ''),
(134, '27.03', 'РґРµРЅСЊ РІРЅСѓС‚СЂРµРЅРЅРёС… РІРѕР№СЃРє РњР’Р” Р Р¤', '', ''),
(135, '27.03', 'РјРµР¶РґСѓРЅР°СЂРѕРґРЅС‹Р№ РґРµРЅСЊ С‚РµР°С‚СЂР°', '', ''),
(136, '29.03.1954', 'РџРµСЂРІС‹Р№ СЃРёРЅРіР» Р­Р»РІРёСЃР° РџСЂРµСЃР»Рё ''That''s All Right Mamma'' ''Blue Moon Of Kentucky''.', '', ''),
(137, '30.03', 'РґРµРЅСЊ Р·Р°С‰РёС‚С‹ Р—РµРјР»Рё', '', ''),
(138, '30.03.1858', 'Р—Р°РїР°С‚РµРЅС‚РѕРІР°РЅ РєР°СЂР°РЅРґР°С€ СЃРѕ СЃС‚РёСЂР°С‚РµР»СЊРЅРѕР№ СЂРµР·РёРЅРєРѕР№', '', ''),
(139, '30.03.1867', 'РђР»СЏСЃРєР° РїСЂРѕРґР°РЅР° РЎРЁРђ Р·Р° $7.2 РјР»РЅ.', '', ''),
(140, '30.03.1976', 'Sex Pistols РґР°С‘С‚ РїРµСЂРІС‹Р№ РєРѕРЅС†РµСЂС‚.', '', ''),
(141, '31.03.1966', 'Р’ РЎРЎРЎР  СЃРѕРІРµСЂС€РµРЅ Р·Р°РїСѓСЃРє РїРµСЂРІРѕРіРѕ РІ РјРёСЂРµ РёСЃРєСѓСЃСЃС‚РІРµРЅРЅРѕРіРѕ СЃРїСѓС‚РЅРёРєР° Р›СѓРЅС‹', '', ''),
(142, '31.03.1978', 'Genesis РІС‹РїСѓСЃС‚РёР»Рё Р°Р»СЊР±РѕРј ''And Then There Were Three''.', '', ''),
(143, '01.04', 'РњРµР¶РґСѓРЅР°СЂРѕРґРЅС‹Р№ РґРµРЅСЊ РїС‚РёС†', '', ''),
(144, '01.04', 'РґРµРЅСЊ РіРµРѕР»РѕРіР°', '', ''),
(145, '01.04', 'РґРµРЅСЊ СЃРјРµС…Р°', '', ''),
(146, '01.04.1985', 'РќР°С‡Р°Р»Рѕ РїРµСЂРµСЃС‚СЂРѕР№РєРё РІ РЎРЎРЎР ', '', ''),
(147, '02.04', 'РњРµР¶РґСѓРЅР°СЂРѕРґРЅС‹Р№ РґРµРЅСЊ РґРµС‚СЃРєРѕР№ РєРЅРёРіРё', '', ''),
(148, '02.04', 'РґРµРЅСЊ РµРґРёРЅРµРЅРёСЏ РЅР°СЂРѕРґРѕРІ', '', ''),
(149, '02.04', 'РјРµР¶РґСѓРЅР°СЂРѕРґРЅС‹Р№ РґРµРЅСЊ РґРµС‚СЃРєРѕР№ РєРЅРёРіРё', '', ''),
(150, '03.04.1992', 'Р’ Р РѕСЃСЃРёРё РІС‹РґР°РЅР° РїРµСЂРІР°СЏ Р»РёС†РµРЅР·РёСЏ РЅР° РѕСЃСѓС‰РµСЃС‚РІР»РµРЅРёРµ С‚РµР»РµСЂР°РґРёРѕРІРµС‰Р°РЅРёСЏ РєРѕРјРїР°РЅРёРё ''РўРµР»РµРІРёРґРµРѕРєР°РЅР°Р»'' РіРѕСЂРѕРґР° Р‘Р°Р»Р°РєРѕРІРѕ РЎР°СЂР°С‚РѕРІСЃРєРѕР№ РѕР±Р»Р°СЃС‚Рё.', '', ''),
(151, '03.04.2001', 'РЎС‚Р°СЂС‚РѕРІР°Р» РїСЂРѕРµРєС‚ СЂР°СЃРїСЂРµРґРµР»РµРЅРЅС‹С… РІС‹С‡РёСЃР»РµРЅРёР№ Grid.org СЃРѕР·РґР°РЅРЅС‹Р№ РґР»СЏ РїРѕРёСЃРєР° Р»РµРєР°СЂСЃС‚РІР° РѕС‚ СЂР°РєР°.', '', ''),
(152, '04.04', 'РњРµР¶РґСѓРЅР°СЂРѕРґРЅС‹Р№ РґРµРЅСЊ РЅР°СЃС‚СЂРѕР№С‰РёРєРѕРІ С„РѕСЂС‚РµРїРёР°РЅРѕ', '', ''),
(153, '04.04.1949', 'РЎРѕР·РґР°РЅРёРµ СЃРµРІРµСЂРѕР°С‚Р»Р°РЅС‚РёС‡РµСЃРєРѕРіРѕ Р°Р»СЊСЏРЅСЃР° (РќРђРўРћ)', '', ''),
(154, '05.04.1797', 'РЈС‡СЂРµР¶РґРµРЅРёРµ РѕР± РёРјРїРµСЂР°С‚РѕСЂСЃРєРѕР№ С„Р°РјРёР»РёРё (РЈРєР°Р· Рѕ РїСЂРµСЃС‚РѕР»РѕРЅР°СЃР»РµРґРёРё)', '', ''),
(155, '06.04.1899', 'РґРµРЅСЊ СЂРѕР¶РґРµРЅРёСЏ РјРѕСЃРєРѕРІСЃРєРѕРіРѕ С‚СЂР°РјРІР°СЏ', '', ''),
(156, '07.04', 'Р‘Р»Р°РіРѕРІРµС‰РµРЅРёРµ РџСЂРµСЃРІСЏС‚РѕР№ Р‘РѕРіРѕСЂРѕРґРёС†С‹', '', ''),
(157, '07.04', 'Р’СЃРµРјРёСЂРЅС‹Р№ РґРµРЅСЊ Р·РґРѕСЂРѕРІСЊСЏ', '', ''),
(158, '07.04', 'РјРµР¶РґСѓРЅР°СЂРѕРґРЅС‹Р№ РґРµРЅСЊ РїР°РјСЏС‚Рё РµРІСЂРµРµРІ - Р¶РµСЂС‚РІ С„Р°С€РёР·РјР°', '', ''),
(159, '07.04.1975', 'РџРѕСЃР»РµРґРЅРёР№ РєРѕРЅС†РµСЂС‚ ''Deep Purple'' РІ РџР°СЂРёР¶Рµ СЃ СѓС‡Р°СЃС‚РёРµРј Р РёС‡Рё Р‘Р»СЌРєРјРѕСЂР°.', '', ''),
(160, '08.04', 'РґРµРЅСЊ РІРѕР№СЃРє РїСЂРѕС‚РёРІРѕРІРѕР·РґСѓС€РЅРѕР№ РѕР±РѕСЂРѕРЅС‹ СЃС‚СЂР°РЅС‹', '', ''),
(161, '08.04', 'РјРµР¶РґСѓРЅР°СЂРѕРґРЅС‹Р№ РґРµРЅСЊ С†С‹РіР°РЅ', '', ''),
(162, '10.04.1954', 'РџСЂРѕРІРµРґРµРЅ РїРµСЂРІС‹Р№ С‚РµР»РµСЂРµРїРѕСЂС‚Р°Р¶. РР· РљРѕРЅС†РµСЂС‚РЅРѕРіРѕ Р·Р°Р»Р° РёРјРµРЅРё Рџ. Р. Р§Р°Р№РєРѕРІСЃРєРѕРіРѕ С‚СЂР°РЅСЃР»РёСЂРѕРІР°Р»СЃСЏ РјР°С‚С‡ РЅР° РїРµСЂРІРµРЅСЃС‚РІРѕ РјРёСЂР° РїРѕ С€Р°С…РјР°С‚Р°Рј РјРµР¶РґСѓ Рњ. Р‘РѕС‚РІРёРЅРЅРёРєРѕРј Рё Р’. РЎРјС‹СЃР»РѕРІС‹Рј', '', ''),
(163, '11.04', 'РґРµРЅСЊ Р±С‹РІС€РёС… Р·Р°РєР»СЋС‡С‘РЅРЅС‹С… РєРѕРЅС†Р»Р°РіРµСЂРµР№', '', ''),
(164, '11.04', 'РјРµР¶РґСѓРЅР°СЂРѕРґРЅС‹Р№ РґРµРЅСЊ РѕСЃРІРѕР±РѕР¶РґРµРЅРёСЏ СѓР·РЅРёРєРѕРІ С„Р°С€РёСЃС‚СЃРєРёС… РєРѕРЅС†Р»Р°РіРµСЂРµР№', '', ''),
(165, '11.04.1961', 'Р”РµР±СЋС‚ РЅРёРєРѕРјСѓ РЅРµ РёР·РІРµСЃС‚РЅРѕРіРѕ Р‘РѕР±Р° Р”РёР»Р°РЅР° РІ РќСЊСЋ-Р™РѕСЂРєРµ.', '', ''),
(166, '11.04.1963', 'РџРµСЂРІС‹Р№ С…РёС‚ ''Beatles'' РїРµСЃРЅСЏ ''From Me To You''.', '', ''),
(167, '12.04', 'РґРµРЅСЊ РєРѕСЃРјРѕРЅР°РІС‚РёРєРё', '', ''),
(168, '12.04.1961', 'РЎРѕРІРµСЂС€РµРЅ РїРµСЂРІС‹Р№ РІ РёСЃС‚РѕСЂРёРё С‡РµР»РѕРІРµС‡РµСЃС‚РІР° РїРѕР»РµС‚ С‡РµР»РѕРІРµРєР° РІ РєРѕСЃРјРѕСЃ. РЎРµР№ РїРѕРґРІРёРі Р±С‹Р» СЃРѕРІРµСЂС€РµРЅ Р®.Рђ.Р“Р°РіР°СЂРёРЅС‹Рј (РіСЂР°Р¶РґР°РЅРёРЅРѕРј РЅР°С€РµР№ Р РѕРґРёРЅС‹).', '', ''),
(169, '13.04', 'Р’СЃРµРјРёСЂРЅС‹Р№ РґРµРЅСЊ СЂРѕРє-РЅ-СЂРѕР»Р»Р°', '', ''),
(170, '13.04.1967', 'Rolling Stones РґР°С‘С‚ РєРѕРЅС†РµСЂС‚ РІ Р’Р°СЂС€Р°РІРµ(СЃРѕС†.Р»Р°РіРµСЂСЊ).', '', ''),
(171, '14.04.1912', 'РўРёС‚Р°РЅРёРє СЃС‚РѕР»РєРЅСѓР»СЃСЏ СЃ Р°Р№СЃР±РµСЂРіРѕРј Рё Р·Р°С‚РѕРЅСѓР»', '', ''),
(172, '14.04.1980', 'Р’ РђРЅРіР»РёРё РІ РїСЂРѕРґР°Р¶Сѓ РІС‹С…РѕРґРёС‚ РїРµСЂРІР°СЏ РјСѓР·С‹РєР°Р»СЊРЅР°СЏ РІРёРґРµРѕРєР°СЃСЃРµС‚Р°(Р“Р°СЂРё РќСЊСЋРјР°РЅ).', '', ''),
(173, '15.04.1993', 'РґРµРЅСЊ СЂРѕР¶РґРµРЅРёСЏ РєРѕРјРїР°РЅРёРё РќРљ Р®РљРћРЎ. РљРѕСЂРїРѕСЂР°С‚РёРІРЅС‹Р№ РїСЂР°Р·РґРЅРёРє', '', ''),
(174, '18.04', 'РјРµР¶РґСѓРЅР°СЂРѕРґРЅС‹Р№ РґРµРЅСЊ РїР°РјСЏС‚РЅРёРєРѕРІ Рё РёСЃС‚РѕСЂРёС‡РµСЃРєРёС… РјРµСЃС‚', '', ''),
(175, '18.04.1242', 'РґРµРЅСЊ РІРѕРёРЅСЃРєРѕР№ СЃР»Р°РІС‹ Р РѕСЃСЃРёРё. Р”РµРЅСЊ РїРѕР±РµРґС‹ СЂСѓСЃСЃРєРёС… РІРѕРёРЅРѕРІ РєРЅСЏР·СЏ РђР»РµРєСЃР°РЅРґСЂР° РќРµРІСЃРєРѕРіРѕ РЅР°Рґ РЅРµРјРµС†РєРёРјРё СЂС‹С†Р°СЂСЏРјРё РЅР° Р§СѓРґСЃРєРѕРј РѕР·РµСЂРµ (Р›РµРґРѕРІРѕРµ РїРѕР±РѕРёС‰Рµ)', '', ''),
(176, '20.04', 'СЂРѕРґРёР»СЃСЏ РјР°Р»РµРЅСЊРєРёР№ Р“РёС‚Р»РµСЂ', '', ''),
(177, '21.04', 'РґРµРЅСЊ РўРёС…РѕРѕРєРµР°РЅСЃРєРѕРіРѕ С„Р»РѕС‚Р° Р РѕСЃСЃРёРё', '', ''),
(178, '21.04.1785', 'РёР·РґР°РЅР° ''Р“СЂР°РјРѕС‚Р° РЅР° РїСЂР°РІР°, РІРѕР»СЊРЅРѕСЃС‚Рё Рё РїСЂРµРёРјСѓС‰РµСЃС‚РІР° Р±Р»Р°РіРѕСЂРѕРґРЅРѕРіРѕ РґРІРѕСЂСЏРЅСЃС‚РІР°'' (Р–Р°Р»РѕРІР°РЅРЅР°СЏ РіСЂР°РјРѕС‚Р° РґРІРѕСЂСЏРЅСЃС‚РІСѓ)', '', ''),
(179, '21.04.1963', 'Beatles РїРѕСЃРµС‰Р°СЋС‚ РєРѕРЅС†РµСЂС‚ '' Rolling Stones'' РІ Р РёС‡РјРѕРЅРґРµ.', '', ''),
(180, '22.04', 'Р±С‹Р»Р° СЃРѕРІРµСЂС€РµРЅР° РїРµСЂРІР°СЏ РїРµСЂРµСЃР°РґРєР° РіР»Р°Р·Р° С‡РµР»РѕРІРµРєСѓ', '', ''),
(181, '22.04', 'РњРµР¶РґСѓРЅР°СЂРѕРґРЅС‹Р№ РґРµРЅСЊ РѕРєСЂСѓР¶Р°СЋС‰РµР№ СЃСЂРµРґС‹', '', ''),
(182, '22.04.1870', 'РґРµРЅСЊ СЂРѕР¶РґРµРЅРёСЏ Р’.Р. Р›РµРЅРёРЅР°, РІРѕР¶РґСЏ РјРёСЂРѕРІРѕРіРѕ РїСЂРѕР»РµС‚Р°СЂРёР°С‚Р°', '', ''),
(183, '22.04.1970', 'РґРµРЅСЊ Р—РµРјР»Рё, РїСЂРѕРІРѕРґРёРјС‹Р№ РІ РєР°С‡РµСЃС‚РІРµ РјРµСЂРѕРїСЂРёСЏС‚РёСЏ СЃ 1970 РіРѕРґР° СЃ С†РµР»СЊСЋ РѕР±СЉРµРґРёРЅРµРЅРёСЏ Р»СЋРґРµР№ РїР»Р°РЅРµС‚С‹ РІ РґРµР»Рµ Р·Р°С‰РёС‚С‹ РѕРєСЂСѓР¶Р°СЋС‰РµР№ СЃСЂРµРґС‹.', '', ''),
(184, '22.04.2003', 'РІ РќСЊСЋ-Р™РѕСЂРєРµ СЃРѕСЃС‚РѕСЏР»СЃСЏ С‚РѕСЂР¶РµСЃС‚РІРµРЅРЅС‹Р№ Р·Р°РїСѓСЃРє 64-СЂР°Р·СЂСЏРґРЅРѕРіРѕ РїСЂРѕС†РµСЃСЃРѕСЂР° AMD Opteron. РџРѕР»РЅР°СЏ СЃРѕРІРјРµСЃС‚РёРјРѕСЃС‚СЊ СЃ СЃСѓС‰РµСЃС‚РІСѓСЋС‰РёРјРё 32-СЂР°Р·СЂСЏРґРЅС‹РјРё РћРЎ Рё РїСЂРёРєР»Р°РґРЅС‹РјРё РїСЂРѕРіСЂР°РјРјР°РјРё.', '', ''),
(185, '23.04', 'РІСЃРµРјРёСЂРЅС‹Р№ РґРµРЅСЊ РєРЅРёРіРё Рё Р·Р°С‰РёС‚С‹ Р°РІС‚РѕСЂСЃРєРёС… РїСЂР°РІ', '', ''),
(186, '23.04', 'РґРµРЅСЊ РґРµС‚РµР№ РІ РўР РЎРљ (РўСѓСЂРµС†РєР°СЏ Р РµСЃРїСѓР±Р»РёРєР° РЎРµРІРµСЂРЅРѕРіРѕ РљРёРїСЂР°)', '', ''),
(187, '23.04', 'РІСЃРµРјРёСЂРЅС‹Р№ РґРµРЅСЊ РєРЅРёРіРё Рё Р·Р°С‰РёС‚С‹ Р°РІС‚РѕСЂСЃРєРёС… РїСЂР°РІ', '', ''),
(188, '23.04', 'РґРµРЅСЊ РІРµР»РѕСЃРёРїРµРґР°', '', ''),
(189, '23.04', 'РґРµРЅСЊ РїРµСЂС†Р° РЅР° Р‘РµСЂРјСѓРґР°С…', '', ''),
(190, '23.04.1965', 'Р—Р°РїСѓС‰РµРЅ РїРµСЂРІС‹Р№ СЃРѕРІРµС‚СЃРєРёР№ СЃРїСѓС‚РЅРёРє СЃРІСЏР·Рё ''РњРѕР»РЅРёСЏ-1''. РџРѕР»РѕР¶РµРЅРѕ РЅР°С‡Р°Р»Рѕ СЃРїСѓС‚РЅРёРєРѕРІРѕРіРѕ С‚РµР»РµРІРёРґРµРЅРёСЏ. РќР°С‡Р°Р»Р° Р±СѓСЂРЅРѕ СЂР°Р·РІРёРІР°С‚СЊСЃСЏ РєРѕСЃРјРёС‡РµСЃРєР°СЏ С‚РµР»РµРІРёР·РёРѕРЅРЅР°СЏ СЃРµС‚СЊ', '', ''),
(191, '24.04', 'Р’СЃРµРјРёСЂРЅС‹Р№ РґРµРЅСЊ РїРѕСЂРѕРґРЅРµРЅРЅС‹С… РіРѕСЂРѕРґРѕРІ', '', ''),
(192, '24.04', 'РјРµР¶РґСѓРЅР°СЂРѕРґРЅС‹Р№ РґРµРЅСЊ СЃРѕР»РёРґР°СЂРЅРѕСЃС‚Рё РјРѕР»РѕРґРµР¶Рё', '', ''),
(193, '25.04', 'РІ Р•РіРёРїС‚Рµ РґРµРЅСЊ РѕСЃРІРѕР±РѕР¶РґРµРЅРёСЏ РЎРёРЅР°СЏ. РџСЂР°Р·РґРЅРёРє РѕС‚РјРµС‡Р°РµС‚СЃСЏ РІ С‡РµСЃС‚СЊ РІРѕСЃСЃС‚Р°РЅРѕРІР»РµРЅРёСЏ РµРіРёРїРµС‚СЃРєРѕРіРѕ РєРѕРЅС‚СЂРѕР»СЏ РЅР°Рґ РЎРёРЅР°Р№СЃРєРёРј РїРѕР»СѓРѕСЃС‚СЂРѕРІРѕРј.', '', ''),
(194, '26.04', 'Р’СЃРµРјРёСЂРЅС‹Р№ РґРµРЅСЊ РёРЅС‚РµР»Р»РµРєС‚СѓР°Р»СЊРЅРѕР№ СЃРѕР±СЃС‚РІРµРЅРѕСЃС‚Рё', '', ''),
(195, '26.04', 'РґРµРЅСЊ РїР°РјСЏС‚Рё РїРѕРіРёР±С€РёС… РІ СЂР°РґРёР°С†РёРѕРЅРЅС‹С… Р°РІР°СЂРёСЏС… Рё РєР°С‚Р°СЃС‚СЂРѕС„Р°С…', '', ''),
(196, '26.04.1986', 'РїСЂРѕРёР·РѕС€Р»Р° РєР°С‚Р°СЃС‚СЂРѕС„Р° РЅР° 4 СЌРЅРµСЂРіРѕР±Р»РѕРєРµ Р§РµСЂРЅРѕР±С‹Р»СЊСЃРєРѕР№ РђР­РЎ.', '', ''),
(197, '28.04', 'РґРµРЅСЊ РјР°С‚РµСЂРё Р РѕСЃСЃРёРё', '', ''),
(198, '29.04', 'РІ РЇРїРѕРЅРёРё РґРµРЅСЊ Р·РµР»РµРЅС‹С… РЅР°СЃР°Р¶РґРµРЅРёР№', '', ''),
(199, '29.04', 'РјРµР¶РґСѓРЅР°СЂРѕРґРЅС‹Р№ РґРµРЅСЊ С‚Р°РЅС†Р°', '', ''),
(200, '30.04', 'СЃРµРіРѕРґРЅСЏС€РЅСЏСЏ РЅРѕС‡СЊ - Р’Р°Р»СЊРїСѓСЂРіРёРµРІР° РЅРѕС‡СЊ! РќРѕС‡СЊ РґРµРјРѕРЅРѕРІ, РІРµРґСЊ, РґСѓС…РѕРІ Рё РїСЂРѕС‡РµР№ РЅРµС‡РёСЃС‚Рё', '', ''),
(201, '30.04', 'РґРµРЅСЊ РїРѕР¶Р°СЂРЅРѕР№ РѕС…СЂР°РЅС‹', '', ''),
(202, '30.04.1977', 'СЂРµРєРѕСЂРґРЅРѕРµ РєРѕР»-РІРѕ Р·СЂРёС‚РµР»РµР№ РЅР° РєРѕРЅС†РµСЂС‚Рµ ''Led Zeppelin'' Р°РјРµСЂРёРєР°РЅСЃРєРёР№ СЃС‚Р°РґРёРѕРЅ ''Silver Dome'' 76229 С‡РµР»РѕРІРµРєР°.', '', ''),
(203, '30.04.1993', 'СЏР·С‹Рє HTML Рё РїСЂРѕС‚РѕРєРѕР» HTTP, СЃРѕР·РґР°РЅРЅС‹Р№ РўРёРјРѕРј Р‘РµСЂР»РµСЃ-Р›Рё (Tim Berners-Lee) РґР»СЏ РЅСѓР¶Рґ СЏРґРµСЂРЅС‹С… С„РёР·РёРєРѕРІ', '', ''),
(204, '01.05', 'РїРµСЂРІРѕРјР°Р№ РІ Р РµСЃРїСѓР±Р»РёРєРµ РљРёРїСЂ, Р”РµРЅСЊ РјРѕР»РѕРґРµР¶Рё Рё СЃРїРѕСЂС‚Р° РІ РўР РЎРљ (РўСѓСЂРµС†РєР°СЏ Р РµСЃРїСѓР±Р»РёРєР° РЎРµРІРµСЂРЅРѕРіРѕ РљРёРїСЂР°)', '', ''),
(205, '01.05', 'РїСЂР°Р·РґРЅРёРє Р’РµСЃРЅС‹ Рё РўСЂСѓРґР°', '', ''),
(206, '01.05', 'РІ РђРЅРґРѕСЂСЂРµ РґРµРЅСЊ С‚СЂСѓРґР°. Р’ РђРЅРґРѕСЂСЂРµ СЌС‚Рѕ СЃРєРѕСЂРµРµ РґР°РЅСЊ СѓРІР°Р¶РµРЅРёСЏ Р¤СЂР°РЅС†РёРё Рё РСЃРїР°РЅРёРё: СЂР°Р±РѕС‡РµРіРѕ РґРІРёР¶РµРЅРёСЏ РІ СЃС‚СЂР°РЅРµ РЅРµ СЃСѓС‰РµСЃС‚РІСѓРµС‚.', '', ''),
(207, '01.05', 'РІ РСЃРїР°РЅРёРё РґРµРЅСЊ СЃРІСЏС‚РѕРіРѕ РРѕСЃРёС„Р°. Р РµР»РёРіРёРѕР·РЅРѕРµ РЅР°Р·РІР°РЅРёРµ РЅРµ РґРѕР»Р¶РЅРѕ РІРІРѕРґРёС‚СЊ РІ Р·Р°Р±Р»СѓР¶РґРµРЅРёРµ. Р’ РґРµР№СЃС‚РІРёС‚РµР»СЊРЅРѕСЃС‚Рё СЌС‚Рѕ РњРµР¶РґСѓРЅР°СЂРѕРґРЅС‹Р№ РґРµРЅСЊ СЃРѕР»РёРґР°СЂРЅРѕСЃС‚Рё С‚СЂСѓРґСЏС‰РёС…СЃСЏ, Р»СЋР±РёРјРѕРµ РІСЂРµРјСЏ РґРµРјРѕРЅСЃС‚СЂР°С†РёР№ Рё РїСЂРѕС„СЃРѕСЋР·РЅС‹С… С€РµСЃС‚РІРёР№', '', ''),
(208, '01.05.1964', 'Р·Р°РїСѓС‰РµРЅР° РїРµСЂРІР°СЏ РїСЂРѕРіСЂР°РјРјР° РЅР° СЏР·С‹РєРµ BASIK', '', ''),
(209, '01.05.1969', 'РґРµРЅСЊ СЂРѕР¶РґРµРЅРёРµ С„РёСЂРјС‹ AMD, РѕРґРЅРѕР№ РёР· РІРµРґСѓС‰РёС… С„РёСЂРј РїСЂРѕРёР·РІРѕРґРёС‚РµР»РµР№ РїСЂРѕС†РµСЃСЃРѕСЂРѕРІ Рё РјРёРєСЂРѕСЃС…РµРј.', '', ''),
(210, '01.05.1991', 'РґРµРЅСЊ ''РњР°Р№СЃРєРёР№ РґРµРЅСЊ'' (''MayDay''). РњРѕР»РѕРґРµР¶РЅС‹Р№ РїСЂР°Р·РґРЅРёРє. РџСЂРёРґСѓРјР°Р» РІ 1991 РЅРµРјРµС†РєРёР№ РґРё-РґР¶РµР№ РњР°РєСЃРёРјРёР»Р°Р°РЅ Р›РµРЅС† (DB Westbam).', '', ''),
(211, '02.05', 'РїСЂР°Р·РґРЅРёРє Р’РµСЃРЅС‹ Рё РўСЂСѓРґР°', '', ''),
(212, '02.05', 'РІ РСЃРїР°РЅРёРё РґРµРЅСЊ Р°РІС‚РѕРЅРѕРјРёРё (С‚РѕР»СЊРєРѕ РІ СЃС‚РѕР»РёС†Рµ Рё РІ РїСЂРѕРІРёРЅС†РёРё РњР°РґСЂРёРґ).', '', ''),
(213, '02.05.1945', 'РґРµРЅСЊ РІР·СЏС‚РёСЏ Р‘РµСЂР»РёРЅР° СЃРѕРІРµС‚СЃРєРёРјРё РІРѕР№СЃРєР°РјРё', '', ''),
(214, '03.05', 'РІСЃРµРјРёСЂРЅС‹Р№ РґРµРЅСЊ СЃРІРѕР±РѕРґС‹ РїРµС‡Р°С‚Рё', '', ''),
(215, '03.05', 'РІ РЇРїРѕРЅРёРё РґРµРЅСЊ РєРѕРЅСЃС‚РёС‚СѓС†РёРё. РЎС‡РёС‚Р°РµС‚СЃСЏ РѕРґРЅРёРј РёР· СЃР°РјС‹С… РіР»Р°РІРЅС‹С… СЏРїРѕРЅСЃРєРёС… РїСЂР°Р·РґРЅРёРєРѕРІ. РћС‚РјРµС‡Р°РµС‚СЃСЏ РІ РіРѕРґРѕРІС‰РёРЅСѓ РїСЂРёРЅСЏС‚РёСЏ РїРѕСЃР»РµРІРѕРµРЅРЅРѕР№ РєРѕРЅСЃС‚РёС‚СѓС†РёРё РЇРїРѕРЅРёРё.', '', ''),
(216, '04.05', 'РІ РЇРїРѕРЅРёРё РїСЂР°Р·РґРЅРёРє РЅР°С†РёРё.', '', ''),
(217, '05.05', 'РІ РЇРїРѕРЅРёРё РґРµРЅСЊ РґРµС‚РµР№.', '', ''),
(218, '05.05', 'РґРµРЅСЊ Р•РІСЂРѕРїС‹', '', ''),
(219, '05.05', 'РјРµР¶РґСѓРЅР°СЂРѕРґРЅС‹Р№ РґРµРЅСЊ Р±РѕСЂСЊР±С‹ Р·Р° РїСЂР°РІР° РёРЅРІР°Р»РёРґРѕРІ', '', ''),
(220, '05.05.1891', 'РѕС‚РєСЂС‹С‚РёРµ РљР°СЂРЅРµРіРё-С…РѕР»Р» РІ РќСЊСЋ-Р™РѕСЂРєРµ.', '', ''),
(221, '06.05', 'РџСѓС€РєРёРЅСЃРєРёР№ РґРµРЅСЊ Р РѕСЃСЃРёРё', '', ''),
(222, '06.05', 'РІ Р‘РѕР»РіР°СЂРёРё РґРµРЅСЊ СЃРІСЏС‚РѕРіРѕ Р“РµРѕСЂРіРёСЏ. РћС„РёС†РёР°Р»СЊРЅС‹Р№ РїСЂР°Р·РґРЅРёРє РІРѕРѕСЂСѓР¶РµРЅРЅС‹С… СЃРёР» Р‘РѕР»РіР°СЂРёРё, РѕС‚РјРµС‡Р°РµС‚СЃСЏ РІРѕРµРЅРЅС‹Рј РїР°СЂР°РґРѕРј РЅР° РіР»Р°РІРЅРѕР№ РїР»РѕС‰Р°РґРё РЎРѕС„РёРё.', '', ''),
(223, '06.05', 'РґРµРЅСЊ РЎРІСЏС‚РѕРіРѕ Р“РµРѕСЂРіРёСЏ РџРѕР±РµРґРѕРЅРѕСЃС†Р°', '', ''),
(224, '07.05', 'РґРµРЅСЊ СЂР°РґРёРѕ, РїСЂР°Р·РґРЅРёРє СЂР°Р±РѕС‚РЅРёРєРѕРІ РІСЃРµС… РѕС‚СЂР°СЃР»РµР№ СЃРІСЏР·Рё', '', ''),
(225, '07.05.1971', 'Black Sabbath - Р°Р»СЊР±РѕРј ''Paranoid'' РїРѕР»СѓС‡Р°РµС‚ ''Р·РѕР»РѕС‚Рѕ''.', '', ''),
(226, '08.05', 'РІСЃРµРјРёСЂРЅС‹Р№ РґРµРЅСЊ РљСЂР°СЃРЅРѕРіРѕ РљСЂРµСЃС‚Р° Рё РљСЂР°СЃРЅРѕРіРѕ РџРѕР»СѓРјРµСЃСЏС†Р°', '', ''),
(227, '08.05', 'РІ Р§РµС…РёРё Р”РµРЅСЊ РѕСЃРІРѕР±РѕР¶РґРµРЅРёСЏ.', '', ''),
(228, '08.05.1945', 'Р“РµСЂРјР°РЅРёСЏ РїРѕРґРїРёСЃР°Р»Р° Р°РєС‚ Рѕ РєР°РїРёС‚СѓР»СЏС†РёРё РІРѕ Р’С‚РѕСЂРѕР№ РњРёСЂРѕРІРѕР№ Р’РѕР№РЅРµ', '', ''),
(229, '08.05.1970', 'Р’С‹С…РѕРґРёС‚ РІ СЃРІРµС‚ РґРёСЃРє ''Let It Be''.', '', ''),
(230, '09.05', 'РґРµРЅСЊ РІРѕРёРЅСЃРєРѕР№ СЃР»Р°РІС‹ Р РѕСЃСЃРёРё. РґРµРЅСЊ РџРѕР±РµРґС‹ СЃРѕРІРµС‚СЃРєРѕРіРѕ РЅР°СЂРѕРґР° РІ Р’РµР»РёРєРѕР№ РћС‚РµС‡РµСЃС‚РІРµРЅРЅРѕР№ РІРѕР№РЅРµ 1941-1945 РіРѕРґРѕРІ', '', ''),
(231, '10.05', 'РјРµР¶РґСѓРЅР°СЂРѕРґРЅС‹Р№ РґРµРЅСЊ РїС‚РёС†', '', ''),
(232, '12.05', 'РІСЃРµРјРёСЂРЅС‹Р№ РґРµРЅСЊ РјРµРґРёС†РёРЅСЃРєРёС… СЃРµСЃС‚РµСЂ', '', ''),
(233, '15.05', 'РњРµР¶РґСѓРЅР°СЂРѕРґРЅС‹Р№ РґРµРЅСЊ СЃРµРјСЊРё', '', ''),
(234, '15.05', 'РІ РСЃРїР°РЅРёРё РґРµРЅСЊ СЃРІСЏС‚РѕРіРѕ РСЃРёРґРѕСЂР° (С‚РѕР»СЊРєРѕ РІ РњР°РґСЂРёРґРµ).', '', ''),
(235, '15.05', 'РјРµР¶РґСѓРЅР°СЂРѕРґРЅС‹Р№ РґРµРЅСЊ СЃРµРјСЊРё', '', ''),
(236, '15.05.1935', 'РћСЃРЅРѕРІР°РЅРёРµ РњРѕСЃРєРѕРІСЃРєРѕРіРѕ РјРµС‚СЂРѕРїРѕР»РёС‚РµРЅР°', '', ''),
(237, '16.05', 'РІСЃРµРјРёСЂРЅС‹Р№ РґРµРЅСЊ РїР°РјСЏС‚Рё Р¶РµСЂС‚РІ РЎРџРР”Р°', '', ''),
(238, '17.05', 'РјРµР¶РґСѓРЅР°СЂРѕРґРЅС‹Р№ РґРµРЅСЊ СЌР»РµРєС‚СЂРѕСЃРІСЏР·Рё Рё С‚РµР»РµРєРѕРјРјСѓРЅРёРєР°С†РёР№', '', ''),
(239, '17.05.1961', 'Р”РµРЅСЊ СЂРѕР¶РґРµРЅРёСЏ РєР°РЅР°РґСЃРєРѕР№ РїРµРІРёС†С‹ Enya.', '', ''),
(240, '18.05', 'РњРµР¶РґСѓРЅР°СЂРѕРґРЅС‹Р№ РґРµРЅСЊ РјСѓР·РµРµРІ', '', ''),
(241, '18.05.1962', 'Р РѕРґРёР»Р°СЃСЊ РЎР°РЅРґСЂР°.', '', ''),
(242, '19.05', 'РґРµРЅСЊ РїРёРѕРЅРµСЂРёРё', '', ''),
(243, '19.05.1922', 'РґРµРЅСЊ СЂРѕР¶РґРµРЅРёСЏ РїРёРѕРЅРµСЂСЃРєРѕР№ РѕСЂРіР°РЅРёР·Р°С†РёРё', '', ''),
(244, '21.05', 'РґРµРЅСЊ Р±РѕСЂСЊР±С‹ РїСЂРѕС‚РёРІ С‚РµСЂСЂРѕСЂРёР·РјР° РІ РРЅРґРёРё', '', ''),
(245, '21.05', 'РґРµРЅСЊ Р·Р°С‰РёС‚С‹ РѕС‚ Р±РµР·СЂР°Р±РѕС‚РёС†С‹', '', ''),
(246, '21.05', 'РґРµРЅСЊ РїР°РјСЏС‚Рё СѓРјРµСЂС€РёС… РѕС‚ РЎРџРР”Р°', '', ''),
(247, '21.05.1992', 'РґРµРЅСЊ Р·Р°С‰РёС‚С‹ РѕС‚ Р±РµР·СЂР°Р±РѕС‚РёС†С‹ РІ Р РѕСЃСЃРёРё', '', ''),
(248, '22.05', 'РґРµРЅСЊ СЂРѕР¶РґРµРЅРёСЏ С‚РµС…РЅРѕР»РѕРіРёРё ''Ethernet''', '', ''),
(249, '24.05', 'РІ Р‘РѕР»РіР°СЂРёРё РґРµРЅСЊ СЃРІСЏС‚С‹С… РљРёСЂРёР»Р»Р° Рё РњРµС„РѕРґРёСЏ.', '', ''),
(250, '24.05', 'РґРµРЅСЊ СЃР»Р°РІСЏРЅСЃРєРѕР№ РїРёСЃСЊРјРµРЅРЅРѕСЃС‚Рё Рё РєСѓР»СЊС‚СѓСЂС‹', '', ''),
(251, '24.05.1819', 'РґРµРЅСЊ РєРѕСЂРѕР»РµРІС‹ Р’РёРєС‚РѕСЂРёРё. Р”РµРЅСЊ СЂРѕР¶РґРµРЅРёСЏ РєРѕСЂРѕР»РµРІС‹ Р’РёРєС‚РѕСЂРёРё (24 РјР°СЏ 1819 РіРѕРґР°) РєРѕРіРґР°-С‚Рѕ Р±С‹Р» РіР»Р°РІРЅС‹Рј РїСЂР°Р·РґРЅРёРєРѕРј РІСЃРµР№ Р‘СЂРёС‚Р°РЅСЃРєРѕР№ РёРјРїРµСЂРёРё. РўРµРїРµСЂСЊ РµРіРѕ Р·Р°Р±С‹Р»Рё РґР°Р¶Рµ РІ Р’РµР»РёРєРѕР±СЂРёС‚Р°РЅРёРё. РћС‚РјРµС‡Р°РµС‚СЃСЏ РѕРЅ С‚РѕР»СЊРєРѕ РІ РљР°РЅР°', '', ''),
(252, '25.05', 'РґРµРЅСЊ РѕСЃРІРѕР±РѕР¶РґРµРЅРёСЏ РђС„СЂРёРєРё', '', ''),
(253, '25.05', 'РґРµРЅСЊ С…РёРјРёРєР°', '', ''),
(254, '26.05.1956', 'Р’С‹С…РѕРґРёС‚ РІ СЃРІРµС‚ С…РёС‚ Р§Р°РєР° Р‘СЌСЂРё '' Roll Over Bethoven''.', '', ''),
(255, '27.05', 'РћР±С‰РµСЂРѕСЃСЃРёР№СЃРєРёР№ РґРµРЅСЊ Р±РёР±Р»РёРѕС‚РµРє', '', ''),
(256, '27.05', 'РґРµРЅСЊ РіРѕСЂРѕРґР° РЎР°РЅРєС‚-РџРµС‚РµСЂР±СѓСЂРіР°', '', ''),
(257, '28.05', 'РґРµРЅСЊ РїРѕРіСЂР°РЅРёС‡РЅРёРєР°', '', ''),
(258, '31.05', 'РґРµРЅСЊ РѕС‚РєР°Р·Р° РѕС‚ С‚Р°Р±Р°РєРѕРєСѓСЂРµРЅРёСЏ. РџСЂРѕРІРѕРґРёС‚СЃСЏ РїРѕ РёРЅРёС†РёР°С‚РёРІРµ Р’СЃРµРјРёСЂРЅРѕР№ РѕСЂРіР°РЅРёР·Р°С†РёРё Р·РґСЂР°РІРѕРѕС…СЂР°РЅРµРЅРёСЏ (Р’РћР—)', '', ''),
(259, '01.06', 'РґРµРЅСЊ РјРµР»РёРѕСЂР°С‚РѕСЂР°', '', ''),
(260, '01.06', 'РјРµР¶РґСѓРЅР°СЂРѕРґРЅС‹Р№ РґРµРЅСЊ Р·Р°С‰РёС‚С‹ РґРµС‚РµР№', '', ''),
(261, '01.06.1950', 'Р’ РђРЅРіР»РёРё РІС‹С…РѕРґРёС‚ РїРµСЂРІР°СЏ РїР»Р°СЃС‚РёРЅРєР° РЅР° 33 РѕР±РѕСЂРѕС‚Р°.', '', ''),
(262, '03.06.1976', 'РҐРёС‚ ''Bohemian Rapsody'' СЃС‚Р°РЅРѕРІРёС‚СЃСЏ ''Р·РѕР»РѕС‚С‹Рј''.', '', ''),
(263, '04.06', 'РјРµР¶РґСѓРЅР°СЂРѕРґРЅС‹Р№ РґРµРЅСЊ РґРµС‚РµР№ - Р¶РµСЂС‚РІ Р°РіСЂРµСЃСЃРёРё', '', ''),
(264, '05.06', 'РІСЃРµРјРёСЂРЅС‹Р№ РґРµРЅСЊ РѕС…СЂР°РЅС‹ РѕРєСЂСѓР¶Р°СЋС‰РµР№ СЃСЂРµРґС‹', '', ''),
(265, '06.06', 'РџСѓС€РєРёРЅСЃРєРёР№ РґРµРЅСЊ Р РѕСЃСЃРёРё', '', ''),
(266, '06.06.1962', 'Р”Р¶РѕСЂР¶ РњР°СЂС‚РёРЅ РІРїРµСЂРІС‹Рµ РїСЂРѕСЃР»СѓС€РёРІР°РµС‚''Beatles''.', '', ''),
(267, '08.06', 'РґРµРЅСЊ СЂР°Р±РѕС‚РЅРёРєРѕРІ С‚РµРєСЃС‚РёР»СЊРЅРѕР№ Рё Р»РµРіРєРѕР№ РїСЂРѕРјС‹С€Р»РµРЅРЅРѕСЃС‚Рё', '', ''),
(268, '08.06', 'РґРµРЅСЊ СЃРѕС†РёР°Р»СЊРЅРѕРіРѕ СЂР°Р±РѕС‚РЅРёРєР°', '', ''),
(269, '09.06.1978', 'Р“РѕРґРѕРІС‰РёРЅР° РїРѕСЏРІР»РµРЅРёСЏ РїРµСЂРІРѕРіРѕ РјРёРєСЂРѕРїСЂРѕС†РµСЃСЃРѕСЂР° Intel СЃРµРјРµР№СЃС‚РІР° x86. 16-СЂР°Р·СЂСЏРґРЅС‹Р№ РїСЂР°РґРµРґСѓС€РєР° i8086 СЃРѕРґРµСЂР¶Р°Р» 29 С‚С‹СЃСЏС‡ С‚СЂР°РЅР·РёСЃС‚РѕСЂРѕРІ Рё СЂР°Р±РѕС‚Р°Р» РЅР° С‡Р°СЃС‚РѕС‚Рµ.06.РњР“С†', '', ''),
(270, '12.06.1965', 'РќР°РіСЂР°Р¶РґРµРЅРёРµ ''Beatles'' РѕСЂРґРµРЅРѕРј Р‘СЂРёС‚Р°РЅСЃРєРѕР№ РРјРїРµСЂРёРё.', '', ''),
(271, '12.06.1991', 'Р‘РѕСЂРёСЃ Р•Р»СЊС†РёРЅ СЃС‚Р°Р» РїРµСЂРІС‹Рј РїСЂРµР·РёРґРµРЅС‚РѕРј Р РѕСЃСЃРёР№СЃРєРѕР№ Р¤РµРґРµСЂР°С†РёРё', '', ''),
(272, '12.06.1991', 'РґРµРЅСЊ РїСЂРёРЅСЏС‚РёСЏ Р”РµРєР»Р°СЂР°С†РёРё Рѕ РіРѕСЃСѓРґР°СЂСЃС‚РІРµРЅРЅРѕРј СЃСѓРІРµСЂРµРЅРёС‚РµС‚Рµ Р РѕСЃСЃРёР№СЃРєРѕР№ Р¤РµРґРµСЂР°С†РёРё', '', ''),
(273, '14.06.1965', 'Р”РµРЅСЊ СЂРѕР¶РґРµРЅРёСЏ РїРµСЃРЅРё ''Yesterday''.', '', ''),
(274, '15.06', 'РґРµРЅСЊ РјРµРґРёС†РёРЅСЃРєРѕРіРѕ СЂР°Р±РѕС‚РЅРёРєР°', '', ''),
(275, '16.06', 'РґРµРЅСЊ Р°С„СЂРёРєР°РЅСЃРєРѕРіРѕ СЂРµР±РµРЅРєР°', '', ''),
(276, '16.06', 'РјРµР¶РґСѓРЅР°СЂРѕРґРЅС‹Р№ РґРµРЅСЊ СЃРѕР»РёРґР°СЂРЅРѕСЃС‚Рё СЃ Р±РѕСЂСЋС‰РёРјРёСЃСЏ РЅР°СЂРѕРґР°РјРё Р®Р¶РЅРѕР№ РђС„СЂРёРєРё', '', ''),
(277, '16.06.1671', 'РљР°Р·РЅРµРЅ РЎС‚РµРїР°РЅ Р Р°Р·РёРЅ', '', ''),
(278, '16.06.1992', 'РћС„РёС†РёР°Р»СЊРЅРѕРµ РІСЃС‚СѓРїР»РµРЅРёРµ Р РѕСЃСЃРёРё РІРѕ Р’СЃРµРјРёСЂРЅС‹Р№ Р±Р°РЅРє', '', ''),
(279, '17.06', 'РІСЃРµРјРёСЂРЅС‹Р№ РґРµРЅСЊ Р±РѕСЂСЊР±С‹ СЃ РѕРїСѓСЃС‚С‹РЅРёРІР°РЅРёРµРј Рё Р·Р°СЃСѓС…РѕР№', '', ''),
(280, '18.06.1956', 'РІ Р•РіРёРїС‚Рµ РґРµРЅСЊ СЌРІР°РєСѓР°С†РёРё. РћС‚РјРµС‡Р°РµС‚СЃСЏ РІ РіРѕРґРѕРІС‰РёРЅСѓ СѓС…РѕРґР° Р±СЂРёС‚Р°РЅСЃРєРёС… РІРѕР№СЃРє РёР· Р•РіРёРїС‚Р° РІ 1956 РіРѕРґСѓ.', '', ''),
(281, '21.06', 'РґРµРЅСЊ Р›РµС‚РЅРµРіРѕ РЎРѕР»РЅС†РµСЃС‚РѕСЏРЅРёСЏ', '', ''),
(282, '21.06.1948', 'РљРѕР»СѓРјР±РёСЏ РІС‹РїСѓСЃРєР°РµС‚ (LP) РїРµСЂРІСѓСЋ РґРѕР»РіРѕРёРіСЂР°СЋС‰СѓСЋ РїР»Р°СЃС‚РёРЅРєСѓ.', '', ''),
(283, '21.06.1997', 'Р”РµРЅСЊ СЂРѕР¶РґРµРЅРёСЏ РєРёР±РµСЂСЃРїРѕСЂС‚Р°: Р”РµРЅРЅРёСЃ Р¤РѕРЅРі (РЅРёРє LGD-Thresh) РІС‹РёРіСЂР°Р» С‚СѓСЂРЅРёСЂ Red Annihilation Рё РїРѕР»СѓС‡РёР» Ferrari 328 GTS, РїСЂРёРЅР°РґР»РµР¶Р°РІС€РёР№ Р”Р¶РѕРЅСѓ РљР°СЂРјР°РєСѓ Рё РІС‹СЃС‚Р°РІР»РµРЅРЅС‹Р№ РІ РєР°С‡РµСЃС‚РІРµ РіР»Р°РІРЅРѕРіРѕ РїСЂРёР·Р°.', '', ''),
(284, '22.06', 'РґРµРЅСЊ РїР°РјСЏС‚Рё Рё СЃРєРѕСЂР±Рё', '', ''),
(285, '22.06.1941', 'РќР°С‡Р°Р»Рѕ Р’РµР»РёРєРѕР№ РћС‚РµС‡РµСЃС‚РІРµРЅРЅРѕР№ РІРѕР№РЅС‹', '', ''),
(286, '23.06', 'РјРµР¶РґСѓРЅР°СЂРѕРґРЅС‹Р№ РћР»РёРјРїРёР№СЃРєРёР№ РґРµРЅСЊ', '', ''),
(287, '24.06', 'РІ РђРЅРґРѕСЂСЂРµ РґРµРЅСЊ СЃРІСЏС‚РѕРіРѕ РРѕР°РЅРЅР°, РїРѕРєСЂРѕРІРёС‚РµР»СЏ РђРЅРґРѕСЂСЂС‹.', '', ''),
(288, '24.06', 'РІ РСЃРїР°РЅРёРё РёРјРµРЅРёРЅС‹ РєРѕСЂРѕР»СЏ РҐСѓР°РЅР° РљР°СЂР»РѕСЃР° I.', '', ''),
(289, '24.06', 'РґРµРЅСЊ РёР·РѕР±СЂРµС‚Р°С‚РµР»СЏ Рё СЂР°С†РёРѕРЅР°Р»РёР·Р°С‚РѕСЂР°', '', ''),
(290, '24.06.1945', 'РСЃС‚РѕСЂРёС‡РµСЃРєРёР№ РїР°СЂР°Рґ РџРѕР±РµРґС‹ РЅР° РљСЂР°СЃРЅРѕР№ РїР»РѕС‰Р°РґРё', '', ''),
(291, '25.06', 'РґРµРЅСЊ РґСЂСѓР¶Р±С‹, РµРґРёРЅРµРЅРёСЏ СЃР»Р°РІСЏРЅ', '', ''),
(292, '25.06.1975', 'РћС„РёС†РёР°Р»СЊРЅРѕРµ Р·Р°СЏРІР»РµРЅРёРµ Р РёС‡Рё Р‘Р»РµРєРјРѕСЂР° Рѕ СЂР°Р·СЂС‹РІРµ СЃ ''Deep purple''.', '', ''),
(293, '26.06', 'РґРµРЅСЊ СЃРІРѕР±РѕРґС‹ Р®Р¶РЅРѕР№ РђС„СЂРёРєРё', '', ''),
(294, '26.06', 'РјРµР¶РґСѓРЅР°СЂРѕРґРЅС‹Р№ РґРµРЅСЊ Р±РѕСЂСЊР±С‹ СЃ РЅР°СЂРєРѕРјР°РЅРёРµР№ Рё РЅРµР·Р°РєРѕРЅРЅС‹Рј РѕР±РѕСЂРѕС‚РѕРј РЅР°СЂРєРѕС‚РёРєРѕРІ', '', ''),
(295, '27.06', 'РґРµРЅСЊ РјРѕР»РѕРґРµР¶Рё', '', ''),
(296, '28.06.1497', 'РґРµРЅСЊ РёР·РѕР±СЂРµС‚РµРЅРёСЏ РєРёС‚Р°Р№С†Р°РјРё Р·СѓР±РЅРѕР№ С‰РµС‚РєРё', '', ''),
(297, '28.06.1977', 'РђСЂРµСЃС‚ ''Sex Pistols'' Р·Р° РґСЂР°РєСѓ РЅР° Р±РѕСЂС‚Сѓ ''РљРѕСЂРѕР»РµРІР° Р­Р»РёР·Р°Р±РµС‚''.', '', ''),
(298, '29.06.1973', 'РЇРЅ Р“РёР»Р°РЅ РѕСЃС‚Р°РІР»СЏРµС‚''Deep Purple''.', '', ''),
(299, '01.07', 'РІСЃРµРјРёСЂРЅС‹Р№ РґРµРЅСЊ Р°СЂС…РёС‚РµРєС‚СѓСЂС‹', '', ''),
(300, '01.07', 'РґРµРЅСЊ СЂР°Р±РѕС‚РЅРёРєРѕРІ РјРѕСЂСЃРєРѕРіРѕ Рё СЂРµС‡РЅРѕРіРѕ С„Р»РѕС‚Р°', '', ''),
(301, '01.07', 'РјРµР¶РґСѓРЅР°СЂРѕРґРЅС‹Р№ РґРµРЅСЊ РєРѕРѕРїРµСЂР°С†РёРё', '', ''),
(302, '01.07.1867', 'РґРµРЅСЊ РљР°РЅР°РґС‹. Р“Р»Р°РІРЅС‹Р№ РіРѕСЃСѓРґР°СЂСЃС‚РІРµРЅРЅС‹Р№ РїСЂР°Р·РґРЅРёРє, СѓСЃС‚Р°РЅРѕРІР»РµРЅРЅС‹Р№ РІ С‡РµСЃС‚СЊ РѕР±СЉРµРґРёРЅРµРЅРёСЏ РІСЃРµС… СЃРµРІРµСЂРѕР°РјРµСЂРёРєР°РЅСЃРєРёС… РєРѕР»РѕРЅРёР№ Р‘СЂРёС‚Р°РЅРёРё РІ РµРґРёРЅС‹Р№ РґРѕРјРёРЅРёРѕРЅ РљР°РЅР°РґР° РІ 1867 РіРѕРґСѓ.', '', ''),
(303, '02.07', 'РјРµР¶РґСѓРЅР°СЂРѕРґРЅС‹Р№ РґРµРЅСЊ СЃРїРѕСЂС‚РёРІРЅРѕРіРѕ Р¶СѓСЂРЅР°Р»РёСЃС‚Р°', '', ''),
(304, '03.07.1936', 'РґРµРЅСЊ РѕР±СЂР°Р·РѕРІР°РЅРёСЏ Р РѕСЃСЃРёР№СЃРєРѕР№ Р“РѕСЃР°РІС‚РѕРёРЅСЃРїРµРєС†РёРё (Р“РђР)', '', ''),
(305, '05.07', 'РІ Р§РµС…РёРё Р”РµРЅСЊ СЃРІСЏС‚С‹С… РљРёСЂРёР»Р»Р° Рё РњРµС„РѕРґРёСЏ.', '', ''),
(306, '06.07', 'РІ Р§РµС…РёРё Р”РµРЅСЊ РЇРЅР° Р“СѓСЃР°.', '', ''),
(307, '06.07.1971', 'РЎРјРµСЂС‚СЊ Р›СѓРё РђСЂРјСЃС‚СЂРѕРЅРіР°.', '', ''),
(308, '07.07', 'Р РѕР¶РґРµСЃС‚РІРѕ СЃРІСЏС‚РѕРіРѕ РРѕР°РЅРЅР° РџСЂРµРґС‚РµС‡Рё, РєСЂРµСЃС‚РёС‚РµР»СЏ Р“РѕСЃРїРѕРґРЅСЏ', '', ''),
(309, '07.07.1969', 'РђР»СЊР±РѕРј ''Led Zeppelin'' СЃС‚Р°Р» ''Р·РѕР»РѕС‚С‹Рј''.', '', ''),
(310, '08.07', 'РґРµРЅСЊ РџРµС‚СЂР° Рё Р¤РµРІСЂРѕРЅРёРё', '', ''),
(311, '08.07', 'РґРµРЅСЊ СЂС‹Р±Р°РєР°', '', ''),
(312, '08.07.1877', 'РџРѕСЏРІРёР»Р°СЃСЊ Bell Telephone Co.', '', ''),
(313, '09.07', 'РґРµРЅСЊ СЂРѕСЃСЃРёР№СЃРєРѕР№ РїРѕС‡С‚С‹', '', ''),
(314, '10.07.1709', 'РґРµРЅСЊ РІРѕРёРЅСЃРєРѕР№ СЃР»Р°РІС‹ Р РѕСЃСЃРёРё. Р”РµРЅСЊ РїРѕР±РµРґС‹ СЂСѓСЃСЃРєРѕР№ Р°СЂРјРёРё РїРѕРґ РєРѕРјР°РЅРґРѕРІР°РЅРёРµРј РџРµС‚СЂР° РџРµСЂРІРѕРіРѕ РЅР°Рґ С€РІРµРґР°РјРё РІ РџРѕР»С‚Р°РІСЃРєРѕРј СЃСЂР°Р¶РµРЅРёРё', '', ''),
(315, '10.07.1918', 'РґРµРЅСЊ РїСЂРёРЅСЏС‚РёСЏ РљРѕРЅСЃС‚РёС‚СѓС†РёРё Р РЎР¤РЎР ', '', ''),
(316, '11.07', 'РІСЃРµРјРёСЂРЅС‹Р№ РґРµРЅСЊ РЅР°СЂРѕРґРѕРЅР°СЃРµР»РµРЅРёСЏ', '', ''),
(317, '12.07', 'РІ РђРЅРіР»РёРё РґРµРЅСЊ РѕСЂР°РЅР¶РёСЃС‚РѕРІ. РџСЂРѕС‚РµСЃС‚Р°РЅС‚СЃРєРёР№ Р°РЅР°Р»РѕРі Р”РЅСЏ СЃРІСЏС‚РѕРіРѕ РџР°С‚СЂРёРєР°', '', ''),
(318, '12.07', 'РґРµРЅСЊ Р±РѕСЂС‚РїСЂРѕРІРѕРґРЅРёРєР°', '', ''),
(319, '13.07.1973', 'Р’С‹С…РѕРґ РІ СЃРІРµС‚ РїРµСЂРІРѕРіРѕ Р°Р»СЊР±РѕРјР° РіСЂСѓРїРїС‹ ''Queen''.', '', ''),
(320, '14.07', 'РґРµРЅСЊ РІР·СЏС‚РёСЏ Р‘Р°СЃС‚РёР»РёРё', '', ''),
(321, '14.07.1903', 'РѕС‚РєСЂС‹Р»РѕСЃСЊ РґРІРёР¶РµРЅРёРµ РїРѕ РљР’Р–Р”', '', ''),
(322, '15.07', 'РґРµРЅСЊ Р’РѕРµРЅРЅРѕ-РњРѕСЂСЃРєРѕРіРѕ Р¤Р»РѕС‚Р°', '', ''),
(323, '15.07', 'РґРµРЅСЊ РјРµС‚Р°Р»Р»СѓСЂРіР°', '', ''),
(324, '17.07.1918', 'Р—Р»РѕРґРµР№СЃРєРѕРµ СѓР±РёР№СЃС‚РІРѕ Р±РѕР»СЊС€РµРІРёРєР°РјРё РІ Р•РєР°С‚РµСЂРёРЅР±СѓСЂРіРµ РїРѕСЃР»РµРґРЅРµРіРѕ СЂРѕСЃСЃРёР№СЃРєРѕРіРѕ РёРјРїРµСЂР°С‚РѕСЂР° РќРёРєРѕР»Р°СЏ II, РµРіРѕ СЃРµРјСЊРё Рё РїСЂРёР±Р»РёР¶РµРЅРЅС‹С…', '', ''),
(325, '20.07', 'РґРµРЅСЊ РџРµСЂСѓРЅР° Сѓ РґСЂРµРІРЅРёС… СЃР»Р°РІСЏРЅ', '', ''),
(326, '20.07', 'РјРµР¶РґСѓРЅР°СЂРѕРґРЅС‹Р№ РґРµРЅСЊ С€Р°С…РјР°С‚', '', ''),
(327, '20.07.1974', 'Р”РµРЅСЊ РјРёСЂР° Рё РґСЂСѓР¶Р±С‹. РўР РЎРљ(РўСѓСЂРµС†РєР°СЏ Р РµСЃРїСѓР±Р»РёРєР° РЎРµРІРµСЂРЅРѕРіРѕ РљРёРїСЂР°). РџСЂР°Р·РґРЅРёРє СѓСЃС‚Р°РЅРѕРІР»РµРЅ РІ С‡РµСЃС‚СЊ РіРѕРґРѕРІС‰РёРЅС‹ РІС‹СЃР°РґРєРё С‚СѓСЂРµС†РєРёС… РІРѕР№СЃРє РЅР° СЃРµРІРµСЂРµ РљРёРїСЂР° РІ 1974 РіРѕРґСѓ', '', ''),
(328, '23.07', 'РІ Р•РіРёРїС‚Рµ РґРµРЅСЊ СЂРµРІРѕР»СЋС†РёРё. Р“РѕРґРѕРІС‰РёРЅР° РѕСЂРіР°РЅРёР·РѕРІР°РЅРЅРѕРіРѕ Р“Р°РјР°Р»РµРј РђР±РґРµР»СЊ РќР°СЃРµСЂРѕРј РїРµСЂРµРІРѕСЂРѕС‚Р°, РІ СЂРµР·СѓР»СЊС‚Р°С‚Рµ РєРѕС‚РѕСЂРѕРіРѕ Р±С‹Р» СЃРІРµСЂРіРЅСѓС‚ РµРіРёРїРµС‚СЃРєРёР№ РєРѕСЂРѕР»СЊ Р¤Р°СЂСѓРє.', '', ''),
(329, '23.07', 'РґРµРЅСЊ СЂР°Р±РѕС‚РЅРёРєРѕРІ С‚РѕСЂРіРѕРІР»Рё', '', ''),
(330, '27.07', 'РІСЃРµРјРёСЂРЅС‹Р№ РґРµРЅСЊ СЂС‹Р±РѕР»РѕРІСЃС‚РІР°', '', ''),
(331, '31.07', 'РґРµРЅСЊ Р°С„СЂРёРєР°РЅСЃРєРѕР№ Р¶РµРЅС‰РёРЅС‹', '', ''),
(332, '01.08', 'РґРµРЅСЊ Р¶РµР»РµР·РЅРѕРґРѕСЂРѕР¶РЅРёРєР°', '', ''),
(333, '01.08.1914', 'РќР°С‡Р°Р»Рѕ РџРµСЂРІРѕР№ РњРёСЂРѕРІРѕР№ РІРѕР№РЅС‹.', '', ''),
(334, '01.08.1964', 'РґРµРЅСЊ СЂРѕР¶РґРµРЅРёСЏ СЂР°РґРёРѕСЃС‚Р°РЅС†РёРё ''РњР°СЏРє''', '', ''),
(335, '02.08', 'РґРµРЅСЊ Р’РѕР·РґСѓС€РЅРѕ-РґРµСЃР°РЅС‚РЅС‹С… РІРѕР№СЃРє', '', ''),
(336, '02.08', 'РґРµРЅСЊ РР»СЊРё РџСЂРѕСЂРѕРєР°', '', ''),
(337, '04.08.1980', 'Р›РѕРЅРґРѕРЅ, Р·Р°Р» ''Р­СЂР»СЃ РљРѕСЂС‚'', Р¶РёРІРѕР№ РєРѕРЅС†РµСЂС‚ ''Pink Floyd'' РёСЃРїРѕР»РЅСЏРµС‚СЃСЏ ''The Wall''.', '', ''),
(338, '06.08', 'РІСЃРµРјРёСЂРЅС‹Р№ РґРµРЅСЊ Р±РѕСЂСЊР±С‹ Р·Р° Р·Р°РїСЂРµС‰РµРЅРёРµ СЏРґРµСЂРЅРѕРіРѕ РѕСЂСѓР¶РёСЏ', '', ''),
(339, '06.08', 'РґРµРЅСЊ Р¶РµР»РµР·РЅРѕРґРѕСЂРѕР¶РЅС‹С… РІРѕР№СЃРє Р Р¤', '', ''),
(340, '06.08', 'РјРµР¶РґСѓРЅР°СЂРѕРґРЅС‹Р№ РґРµРЅСЊ ''Р’СЂР°С‡Рё РјРёСЂР° Р·Р° РјРёСЂ''', '', ''),
(341, '06.08.1945', 'РџРµСЂРІРѕРµ РїСЂРёРјРµРЅРµРЅРёРµ Р°С‚РѕРјРЅРѕРіРѕ РѕСЂСѓР¶РёСЏ РІ РІРѕРµРЅРЅС‹С… С†РµР»СЏС… - Р°С‚РѕРјРЅР°СЏ Р±РѕРјР±Р° СЃР±СЂРѕС€РµРЅР° РЅР° СЏРїРѕРЅСЃРєРёР№ Рі. РҐРёСЂРѕСЃРёРјР°', '', ''),
(342, '06.08.1968', 'Р”РёСЃРє ''Waiting For The Sun'' РіСЂСѓРїРїС‹ ''Doors''СЃС‚Р°РЅРѕРІРёС‚СЃСЏ ''Р·РѕР»РѕС‚С‹Рј''.', '', ''),
(343, '08.08', 'РґРµРЅСЊ Р’РѕРёРЅСЃРєРѕР№ СЃР»Р°РІС‹ Р РѕСЃСЃРёРё РІ С‡РµСЃС‚СЊ Р‘РѕСЂРѕРґРёРЅСЃРєРѕРіРѕ СЃСЂР°Р¶РµРЅРёСЏ РћС‚РµС‡РµСЃС‚РІРµРЅРЅРѕР№ РІРѕР№РЅС‹ 1812 РіРѕРґР°', '', ''),
(344, '08.08', 'РґРµРЅСЊ СЃС‚СЂРѕРёС‚РµР»СЏ', '', ''),
(345, '08.08.1966', 'Р’С‹С…РѕРґ СЃРѕСЂРѕРєРѕРїСЏС‚РєРё ''Yellow Submarine''.', '', ''),
(346, '09.08', 'РІСЃРµРјРёСЂРЅС‹Р№ РґРµРЅСЊ РєРѕСЂРµРЅРЅС‹С… РЅР°СЂРѕРґРѕРІ РјРёСЂР°', '', ''),
(347, '09.08', 'РґРµРЅСЊ РєРѕСЂРµРЅРЅС‹С… РЅР°СЂРѕРґРѕРІ РјРёСЂР°', '', ''),
(348, '09.08', 'РґРµРЅСЊ С„РёР·РєСѓР»СЊС‚СѓСЂРЅРёРєР°', '', ''),
(349, '09.08.1714', 'РґРµРЅСЊ РІРѕРёРЅСЃРєРѕР№ СЃР»Р°РІС‹ Р РѕСЃСЃРёРё. Р”РµРЅСЊ РїРµСЂРІРѕР№ РІ СЂРѕСЃСЃРёР№СЃРєРѕР№ РёСЃС‚РѕСЂРёРё РјРѕСЂСЃРєРѕР№ РїРѕР±РµРґС‹ СЂСѓСЃСЃРєРѕРіРѕ С„Р»РѕС‚Р° РїРѕРґ РєРѕРјР°РЅРґРѕРІР°РЅРёРµРј РџРµС‚СЂР° РџРµСЂРІРѕРіРѕ РЅР°Рґ С€РІРµРґР°РјРё Сѓ РјС‹СЃР° Р“Р°РЅРіСѓС‚', '', ''),
(350, '09.08.1945', 'РЎР±СЂРѕС€РµРЅР° Р°С‚РѕРјРЅР°СЏ Р±РѕРјР±Р° РЅР° СЏРїРѕРЅСЃРєРёР№ Рі. РќР°РіР°СЃР°РєРё', '', ''),
(351, '09.08.1973', 'РљСЂР°СЃРЅРѕСЏСЂСЃРєР°СЏ СЂР°РґРёРѕРїРµСЂРµРґР°СЋС‰Р°СЏ СЃС‚Р°РЅС†РёСЏ (Р РџРЎ) РїРµСЂРµРёРјРµРЅРѕРІР°РЅР° РІ РљСЂР°СЃРЅРѕСЏСЂСЃРєРёР№ РєСЂР°РµРІРѕР№ СЂР°РґРёРѕ-С‚РµР»РµРІРёР·РёРѕРЅРЅС‹Р№ РїРµСЂРµРґР°СЋС‰РёР№ С†РµРЅС‚СЂ (РљРљР РўРџР¦)', '', ''),
(352, '12.08', 'РґРµРЅСЊ Р’РѕРµРЅРЅРѕ-РІРѕР·РґСѓС€РЅС‹С… СЃРёР»', '', ''),
(353, '12.08.1969', 'Р РѕРґРёР»Р°СЃСЊ РўР°РЅРёС‚Р° РўРёРєР°СЂР°Рј.', '', ''),
(354, '13.08', 'РјРµР¶РґСѓРЅР°СЂРѕРґРЅС‹Р№ РґРµРЅСЊ Р»РµРІС€РµР№', '', ''),
(355, '14.08', 'РњРµРґРѕРІС‹Р№ СЃРїР°СЃ', '', ''),
(356, '14.08.1981', 'Р°РЅРѕРЅСЃРёСЂРѕРІР°РЅРЅ РїРµСЂРІС‹Р№ IBM PC', '', ''),
(357, '15.08', 'РЈСЃРїРµРЅРёРµ РїСЂРµСЃРІСЏС‚РѕР№ Р”РµРІС‹ РњР°СЂРёРё. Р РµСЃРїСѓР±Р»РёРєР° РљРёРїСЂ', '', ''),
(358, '15.08', 'РІРѕ Р¤СЂР°РЅС†РёРё РЈСЃРїРµРЅРёРµ Р”РµРІС‹ РњР°СЂРёРё.', '', ''),
(359, '15.08', 'РІ Р“СЂРµС†РёРё СѓСЃРїРµРЅРёРµ РїСЂРµСЃРІСЏС‚РѕР№ Р‘РѕРіРѕСЂРѕРґРёС†С‹.', '', ''),
(360, '15.08', 'РґРµРЅСЊ Р’РѕР·РґСѓС€РЅРѕРіРѕ Р¤Р»РѕС‚Р° Р РѕСЃСЃРёРё', '', ''),
(361, '15.08.1969', 'РћС‚РєСЂС‹С‚РёРµ РёСЃС‚РѕСЂРёС‡РµСЃРєРѕРіРѕ С„РµСЃС‚РёРІР°Р»СЏ РІ Р’СѓРґСЃС‚РѕРєРµ.', '', ''),
(362, '15.08.1990', 'Р’ Р°РІС‚РѕРєР°С‚Р°СЃС‚СЂРѕС„Рµ РїРѕРіРёР± Р’РёРєС‚РѕСЂ Р¦РѕР№', '', ''),
(363, '15.08.2000', 'РґРµРЅСЊ СЃРѕР·РґР°РЅРёСЏ РљСЂР°СЃРЅРѕСЏСЂСЃРєРѕРіРѕ Р·РІРµСЂРёРЅС†Р° ''Р РѕРµРІ СЂСѓС‡РµР№''', '', ''),
(364, '16.08', 'РјРµР¶РґСѓРЅР°СЂРѕРґРЅС‹Р№ РґРµРЅСЊ РѕР·РѕРЅРѕРІРѕРіРѕ СЃР»РѕСЏ', '', ''),
(365, '17.08.1982', 'Р”РµРЅСЊ СЂРѕР¶РґРµРЅРёСЏ РєРѕРјРїР°РєС‚-РґРёСЃРєР°. Р’ СЌС‚РѕС‚ РґРµРЅСЊ С„РёСЂРјР° Polygram РїСЂРёРЅР°РґР»РµР¶Р°РІС€Р°СЏ Philips РІС‹РїСѓСЃС‚РёР»Р° РїРµСЂРІС‹Р№ РјР°СЃСЃРѕРІС‹Р№ С‚РёСЂР°Р¶ CD. РРј СЃС‚Р°Р» РґРёСЃРє СЃ РІР°Р»СЊСЃР°РјРё РЁРѕРїРµРЅР°.', '', ''),
(366, '19.08', 'РџСЂРµРѕР±СЂР°Р¶РµРЅРёРµ Р“РѕСЃРїРѕРґРЅРµ. РЇР±Р»РѕС‡РЅС‹Р№ СЃРїР°СЃ', '', ''),
(367, '19.08.1991', 'РђРІРіСѓСЃС‚РѕРІСЃРєРёР№ РџСѓС‚С‡ РІ РњРѕСЃРєРІРµ', '', ''),
(368, '21.08.1991', 'РґРµРЅСЊ РїРѕРґР°РІР»РµРЅРёСЏ РїСѓС‚С‡Р°', '', ''),
(369, '22.08.1991', 'РґРµРЅСЊ Р“РѕСЃСѓРґР°СЂСЃС‚РІРµРЅРЅРѕРіРѕ С„Р»Р°РіР° Р РѕСЃСЃРёР№СЃРєРѕР№ Р¤РµРґРµСЂР°С†РёРё', '', ''),
(370, '23.08.1943', 'РґРµРЅСЊ РІРѕРёРЅСЃРєРѕР№ СЃР»Р°РІС‹ Р РѕСЃСЃРёРё. Р”РµРЅСЊ СЂР°Р·РіСЂРѕРјР° СЃРѕРІРµС‚СЃРєРёРјРё РІРѕР№СЃРєР°РјРё РЅРµРјРµС†РєРѕ - С„Р°С€РёСЃС‚СЃРєРёС… РІРѕР№СЃРє РІ РљСѓСЂСЃРєРѕР№ Р±РёС‚РІРµ', '', ''),
(371, '25.08', 'РґРµРЅСЊ С€Р°С…С‚РµСЂР°', '', ''),
(372, '26.08.1812', 'РґРµРЅСЊ РІРѕРёРЅСЃРєРѕР№ СЃР»Р°РІС‹ Р РѕСЃСЃРёРё. Р”РµРЅСЊ Р‘РѕСЂРѕРґРёРЅСЃРєРѕРіРѕ СЃСЂР°Р¶РµРЅРёСЏ СЂСѓСЃСЃРєРѕР№ Р°СЂРјРёРё РїРѕРґ РєРѕРјР°РЅРґРѕРІР°РЅРёРµРј Рњ.Р. РљСѓС‚СѓР·РѕРІР° СЃ С„СЂР°РЅС†СѓР·СЃРєРѕР№ Р°СЂРјРёРµР№', '', ''),
(373, '26.08.1967', 'Р”РµР±СЋС‚РЅС‹Р№ Р°Р»СЊР±РѕРј Р”Р¶РёРјРјРё РҐРµРЅРґСЂРёРєСЃР° РІС‹С…РѕРґРёС‚ РІ С…РёС‚-РїР°СЂР°РґС‹.', '', ''),
(374, '27.08', 'РґРµРЅСЊ РєРёРЅРѕ', '', ''),
(375, '28.08', 'РЈСЃРїРµРЅРёРµ РџСЂРµСЃРІСЏС‚РѕР№ Р‘РѕРіРѕСЂРѕРґРёС†С‹', '', ''),
(376, '28.08', 'РґРµРЅСЊ СЃРїРµС†РЅР°Р·РѕРІС†Р°', '', ''),
(377, '29.08.1966', 'РџРѕСЃР»РµРґРЅРёР№ РєРѕРЅС†РµСЂС‚ ''Beatles'' РІ РЎРЁРђ.', '', ''),
(378, '30.08', 'Р”РµРЅСЊ РїРѕР±РµРґС‹ РІ РўР РЎРљ (РўСѓСЂРµС†РєР°СЏ Р РµСЃРїСѓР±Р»РёРєР° РЎРµРІРµСЂРЅРѕРіРѕ РљРёРїСЂР°)', '', ''),
(379, '31.08.1982', 'РћС„РёС†Р°Р»СЊРЅРѕРµ РїСЂРµРґСЃС‚Р°РІР»РµРЅРёРµ С‚РµС…РЅРѕР»РѕРіРёРё РєРѕРјРїР°РєС‚-РґРёСЃРєРѕРІ РЅР° СЂС‹РЅРєРµ.', '', ''),
(380, '01.09', 'Р’СЃРµРјРёСЂРЅС‹Р№ РґРµРЅСЊ РјРёСЂР°', '', ''),
(381, '01.09', 'РІСЃРµРјРёСЂРЅС‹Р№ РґРµРЅСЊ Р—РЅР°РЅРёР№', '', ''),
(382, '01.09', 'РґРµРЅСЊ РїСЂРѕС„СЃРѕСЋР·РЅС‹С… РґРµР№СЃС‚РІРёР№ Р·Р° РјРёСЂ', '', ''),
(383, '01.09', 'РґРµРЅСЊ СЂР°Р±РѕС‚РЅРёРєРѕРІ РЅРµС„С‚СЏРЅРѕР№ Рё РіР°Р·РѕРІРѕР№ РїСЂРѕРјС‹С€Р»РµРЅРЅРѕСЃС‚Рё', '', ''),
(384, '01.09.1939', 'РќР°РїР°РґРµРЅРёРµ С„Р°С€РёСЃС‚СЃРєРѕР№ Р“РµСЂРјР°РЅРёРё РЅР° РџРѕР»СЊС€Сѓ. РќР°С‡Р°Р»Рѕ РІС‚РѕСЂРѕР№ РјРёСЂРѕРІРѕР№ РІРѕР№РЅС‹', '', ''),
(385, '02.09', 'РґРµРЅСЊ СЂРѕСЃСЃРёР№СЃРєРѕР№ РіРІР°СЂРґРёРё', '', ''),
(386, '03.09.2004', 'РґРµРЅСЊ С€С‚СѓСЂРјР° С€РєРѕР»С‹ в„–1 РІ РіРѕСЂРѕРґРµ Р‘РµСЃР»Р°РЅ.', '', ''),
(387, '03.09', 'РґРµРЅСЊ РїР°РјСЏС‚Рё Р¶РµСЂС‚РІ С‚РµСЂСЂР°РєС‚РѕРІ', '', ''),
(388, '03.09', 'РґРµРЅСЊ Р±РѕСЂСЊР±С‹ СЃ РјРµР¶РґСѓРЅР°СЂРѕРґРЅС‹Рј С‚РµСЂСЂРѕСЂРёР·РјРѕРј', '', ''),
(389, '06.09.1885', 'РІ Р‘РѕР»РіР°СЂРёРё РґРµРЅСЊ РѕР±СЉРµРґРёРЅРµРЅРёСЏ. РџСЂР°Р·РґРЅРёРє РѕС‚РјРµС‡Р°РµС‚СЃСЏ РІ РїР°РјСЏС‚СЊ РїСЂРёСЃРѕРµРґРёРЅРµРЅРёСЏ РІ 1885 РіРѕРґСѓ РѕР±Р»Р°СЃС‚Рё Р’РѕСЃС‚РѕС‡РЅР°СЏ Р СѓРјРµР»РёСЏ Рє Р‘РѕР»РіР°СЂСЃРєРѕРјСѓ РєРЅСЏР¶РµСЃС‚РІСѓ.', '', ''),
(390, '07.09.1998', 'РґРµРЅСЊ РѕСЃРЅРѕРІР°РЅРёСЏ РєРѕРјРїР°РЅРёРё Google - СЃР°РјРѕР№ РїРѕРїСѓР»СЏСЂРЅРѕР№ РІ РЎРµС‚Рё РїРѕРёСЃРєРѕРІРѕР№ СЃРёСЃС‚РµРјС‹', '', ''),
(391, '08.09', 'РґРµРЅСЊ РђРЅРґРѕСЂСЂС‹, РіР»Р°РІРЅС‹Р№ РіРѕСЃСѓРґР°СЂСЃС‚РІРµРЅРЅС‹Р№ РїСЂР°Р·РґРЅРёРє.', '', ''),
(392, '08.09', 'РґРµРЅСЊ С‚Р°РЅРєРёСЃС‚Р°', '', ''),
(393, '08.09', 'РјРµР¶РґСѓРЅР°СЂРѕРґРЅС‹Р№ РґРµРЅСЊ РёСЃРєРѕСЂРµРЅРµРЅРёСЏ РЅРµРіСЂР°РјРѕС‚РЅРѕСЃС‚Рё. РћС‚РјРµС‡Р°РµС‚СЃСЏ Р®РќР•РЎРљРћ.', '', ''),
(394, '08.09', 'РјРµР¶РґСѓРЅР°СЂРѕРґРЅС‹Р№ РґРµРЅСЊ СЃРѕР»РёРґР°СЂРЅРѕСЃС‚Рё Р¶СѓСЂРЅР°Р»РёСЃС‚РѕРІ', '', ''),
(395, '08.09.1380', 'РґРµРЅСЊ РІРѕРёРЅСЃРєРѕР№ СЃР»Р°РІС‹ Р РѕСЃСЃРёРё: РїРѕР±РµРґР° Р”РјРёС‚СЂРёСЏ Р”РѕРЅСЃРєРѕРіРѕ РІ РљСѓР»РёРєРѕРІСЃРєРѕР№ Р±РёС‚РІРµ', '', ''),
(396, '08.09.1812', 'РґРµРЅСЊ РІРѕРёРЅСЃРєРѕР№ СЃР»Р°РІС‹ Р РѕСЃСЃРёРё. Р”РµРЅСЊ Р‘РѕСЂРѕРґРёРЅСЃРєРѕРіРѕ СЃСЂР°Р¶РµРЅРёСЏ СЂСѓСЃСЃРєРѕР№ Р°СЂРјРёРё РїРѕРґ РєРѕРјР°РЅРґРѕРІР°РЅРёРµРј Рњ.Р. РљСѓС‚СѓР·РѕРІР° СЃ С„СЂР°РЅС†СѓР·СЃРєРѕР№ Р°СЂРјРёРµР№', '', ''),
(397, '09.09', 'РјРµР¶РґСѓРЅР°СЂРѕРґРЅС‹Р№ РґРµРЅСЊ РєСЂР°СЃРѕС‚С‹. РџСЂРѕРІРѕРґРёС‚СЃСЏ РїРѕ РёРЅРёС†РёР°С‚РёРІРµ РњРµР¶РґСѓРЅР°СЂРѕРґРЅРѕРіРѕ РєРѕРјРёС‚РµС‚Р° СЌСЃС‚РµС‚РёРєРё Рё РєРѕСЃРјРµС‚РѕР»РѕРіРёРё - РЎРР”Р•РЎРљРћ', '', ''),
(398, '09.09.1945', 'РґРµРЅСЊ СЂРѕР¶РґРµРЅРёСЏ РєРѕРјРїСЊСЋС‚РµСЂРЅРѕРіРѕ С‚РµСЂРјРёРЅР° ''Р±Р°Рі''. РРјРµРЅРЅРѕ РІ СЌС‚РѕС‚ РґРµРЅСЊ СѓС‡РµРЅС‹Рµ Р“Р°СЂРІР°СЂРґСЃРєРѕРіРѕ СѓРЅРёРІРµСЂСЃРёС‚РµС‚Р°, С‚РµСЃС‚РёСЂРѕРІР°РІС€РёРµ РІС‹С‡.РјР°С€РёРЅСѓ Mark II Aiken Relay Calculator, РЅР°С€Р»Рё РјРѕС‚С‹Р»СЊРєР°, Р·Р°СЃС‚СЂСЏРІС€РµРіРѕ РјРµР¶РґСѓ РєРѕРЅС‚Р°РєС‚Р°РјРё СЌР»', '', ''),
(399, '11.09.1790', 'РґРµРЅСЊ РІРѕРёРЅСЃРєРѕР№ СЃР»Р°РІС‹ Р РѕСЃСЃРёРё. Р”РµРЅСЊ РїРѕР±РµРґС‹ СЂСѓСЃСЃРєРѕР№ СЌСЃРєР°РґСЂС‹ РїРѕРґ РєРѕРјР°РЅРґРѕРІР°РЅРёРµРј Р¤.Р¤. РЈС€Р°РєРѕРІР° РЅР°Рґ С‚СѓСЂРµС†РєРѕР№ СЌСЃРєР°РґСЂРѕР№ Сѓ РјС‹СЃР° РўРµРЅРґСЂР°', '', ''),
(400, '11.09.1962', 'РµС‰Рµ РЅРµ РёР·РІРµСЃС‚РЅР°СЏ С‚РѕРіРґР° Р»РёРІРµСЂРїСѓР»СЊСЃРєР°СЏ РіСЂСѓРїРїР° ''Р‘РёС‚Р»Р·'' Р·Р°РїРёСЃР°Р»Р° РІ Р»РѕРЅРґРѕРЅСЃРєРѕР№ СЃС‚СѓРґРёРё ''Р­Р±Р±Рё Р РѕСѓРґ'' СЃРІРѕСЋ РїРµСЂРІСѓСЋ РїР»Р°СЃС‚РёРЅРєСѓ.', '', ''),
(401, '11.09.2001', 'РўРµСЂСЂРѕСЂРёСЃС‚РёС‡РµСЃРєРёР№ Р°РєС‚ РІ РЎРЁРђ. Р Р°Р·СЂСѓС€РµРЅС‹ РґРІР° Р·РґР°РЅРёСЏ РІСЃРµРјРёСЂРЅРѕРіРѕ С‚РѕСЂРіРѕРІРѕРіРѕ С†РµРЅС‚СЂР°.', '', ''),
(402, '12.09', 'РјРµР¶РґСѓРЅР°СЂРѕРґРЅС‹Р№ РґРµРЅСЊ РїР°РјСЏС‚Рё Р¶РµСЂС‚РІ С„Р°С€РёР·РјР°', '', ''),
(403, '13.09', 'РґРµРЅСЊ РљРѕРјРїСЊСЋС‚РµСЂС‰РёРєР°. РћС‚РјРµС‡Р°РµС‚СЃСЏ РєР°Рє 256 РґРµРЅСЊ РІ РіРѕРґСѓ.', '', ''),
(404, '13.09.1968', 'РЎРѕСЂРѕРєРѕРїСЏС‚РєР° ''Hey Jude''СЃС‚Р°РЅРѕРІРёС‚СЃСЏ '' Р·РѕР»РѕС‚РѕР№''.', '', ''),
(405, '15.09', 'РІ РЇРїРѕРЅРёРё РґРµРЅСЊ СѓРІР°Р¶РµРЅРёСЏ СЃС‚Р°СЂРѕСЃС‚Рё.', '', ''),
(406, '15.09', 'РґРµРЅСЊ СЂР°Р±РѕС‚РЅРёРєРѕРІ Р»РµСЃР°', '', ''),
(407, '16.09', 'РІСЃРµРјРёСЂРЅС‹Р№ РґРµРЅСЊ Р·Р°С‰РёС‚С‹ РѕР·РѕРЅРѕРІРѕРіРѕ СЃР»РѕСЏ', '', ''),
(408, '16.09.1998', 'Р”РµРЅСЊ СЂРѕР¶РґРµРЅРёСЏ РїРѕС‡С‚РѕРІРѕР№ СЃР»СѓР¶Р±С‹ Mail.ru', '', ''),
(409, '18.09.1970', 'РЈС€С‘Р» РёР· Р¶РёР·РЅРё Р”Р¶РёРјРјРё РҐРµРЅРґСЂРёРєСЃ.', '', ''),
(410, '19.09', 'РІСЃРµРјРёСЂРЅС‹Р№ РґРµРЅСЊ РјРёСЂР°', '', ''),
(411, '19.09.1982', 'РґРµРЅСЊ СЂРѕР¶РґРµРЅРёСЏ СЃРјР°Р№Р»РёРєР° '':-)''. Р’РїРµСЂРІС‹Рµ РµРіРѕ РёСЃРїРѕР»СЊР·РѕРІР°Р» РЎРєРѕС‚С‚ Р¤Р°Р»РјР°РЅ РёР· РєРѕРјРїР°РЅРёРё Microsoft, РґР»СЏ РїРѕРјРµС‚РєРё С€СѓС‚РѕРє. РўРѕРіРґР° РёР·РѕР±СЂРµС‚РµРЅРёРµ Р±С‹Р»Рѕ РІС‹Р·РІР°РЅРѕ РЅР°СЃСѓС‰РЅРѕР№ РЅРµРѕР±С…РѕРґРёРјРѕСЃС‚СЊСЋ - РіСЂСѓРїРїР° СЂР°Р·СЂР°Р±РѕС‚С‡РёРєРѕРІ РєРѕРјРїР°РЅРёРё РѕР±С‰Р°', '', ''),
(412, '20.09.1954', 'Р—Р°РїСѓС‰РµРЅР° РїРµСЂРІР°СЏ РїСЂРѕРіСЂР°РјРјР° РЅР° СЏР·С‹РєРµ Fortran', '', '');
INSERT INTO `holidays` (`id`, `date_hol`, `name_hol`, `type_hol`, `comment`) VALUES
(413, '20.09.2002', 'СЃРѕС€С‘Р» Р»РµРґРЅРёРє РљРѕР»РєР°, Р±РµР· РІРµСЃС‚Рё РїСЂРѕРїР°Р»Р° СЃСЉС‘РјРѕС‡РЅР°СЏ РіСЂСѓРїРїР° РЎРµСЂРіРµСЏ Р‘РѕРґСЂРѕРІР°', '', ''),
(414, '21.09', 'Р РѕР¶РґРµСЃС‚РІРѕ РџСЂРµСЃРІСЏС‚РѕР№ Р‘РѕРіРѕСЂРѕРґРёС†С‹', '', ''),
(415, '21.09.1380', 'РґРµРЅСЊ РІРѕРёРЅСЃРєРѕР№ СЃР»Р°РІС‹ Р РѕСЃСЃРёРё. Р”РµРЅСЊ РїРѕР±РµРґС‹ СЂСѓСЃСЃРєРёС… РїРѕР»РєРѕРІ РІРѕ РіР»Р°РІРµ СЃ РІРµР»РёРєРёРј РєРЅСЏР·РµРј Р”РјРёС‚СЂРёРµРј Р”РѕРЅСЃРєРёРј РЅР°Рґ РјРѕРЅРіРѕР»Рѕ - С‚Р°С‚Р°СЂСЃРєРёРјРё РІРѕР№СЃРєР°РјРё РІ РљСѓР»РёРєРѕРІСЃРєРѕР№ Р±РёС‚РІРµ', '', ''),
(416, '22.09.1908', 'РІ Р‘РѕР»РіР°СЂРёРё РґРµРЅСЊ РЅРµР·Р°РІРёСЃРёРјРѕСЃС‚Рё. РћС‚РјРµС‡Р°РµС‚СЃСЏ РІ РіРѕРґРѕРІС‰РёРЅСѓ РїСЂРѕРІРѕР·РіР»Р°С€РµРЅРёСЏ СЃСѓРІРµСЂРµРЅРЅРѕРіРѕ Р‘РѕР»РіР°СЂСЃРєРѕРіРѕ РєРЅСЏР¶РµСЃС‚РІР° 22 СЃРµРЅС‚СЏР±СЂСЏ 1908 РіРѕРґР°. Р”Рѕ СЌС‚РѕРіРѕ РІСЂРµРјРµРЅРё Р‘РѕР»РіР°СЂСЃРєРѕРµ РєРЅСЏР¶РµСЃС‚РІРѕ С„РѕСЂРјР°Р»СЊРЅРѕ Р·Р°РІРёСЃРµР»Рѕ РѕС‚ РћСЃРјР°РЅСЃРєРѕР№ РёРјРїРµ', '', ''),
(417, '22.09.1951', 'Р РѕРґРёР»СЃСЏ Р”СЌРІРёРґ РљР°РІРµСЂРґРµР№Р».', '', ''),
(418, '23.09', 'РІ РЇРїРѕРЅРёРё РґРµРЅСЊ РѕСЃРµРЅРЅРµРіРѕ СЂР°РІРЅРѕРґРµРЅСЃС‚РІРёСЏ.', '', ''),
(419, '23.09', 'РґРµРЅСЊ РѕСЃРµРЅРЅРµРіРѕ СЂР°РІРЅРѕРґРµРЅСЃС‚РІРёСЏ', '', ''),
(420, '24.09', 'РґРµРЅСЊ РјР°С€РёРЅРѕСЃС‚СЂРѕРёС‚РµР»СЏ', '', ''),
(421, '24.09.1955', 'Р РµРєРѕСЂРґ Rock-in-Roll_Р° - Р°СЂРіРµРЅС‚РёРЅРµС† РљР°СЂР»РѕСЃ РЎР°РЅРґСЂРёРЅРё С‚Р°РЅС†РµРІР°Р» 106С‡Р°СЃРѕРІ 5РјРёРЅСѓС‚ 10СЃРµРєСѓРЅРґ.', '', ''),
(422, '24.09.1969', 'Deep Purple РґР°С‘С‚ СЃРѕРІРјРµСЃС‚РЅС‹Р№ РєРѕРЅС†РµСЂС‚ СЃ РљРѕСЂРѕР»РµРІСЃРєРёРј СЃРёРјС„РѕРЅРёС‡РµСЃРєРёРј РѕСЂРєРµСЃС‚СЂРѕРј РІ РђР»СЊР±РµСЂС‚-С…РѕР»Р»Рµ.', '', ''),
(423, '25.09', 'Р’СЃРµРјРёСЂРЅС‹Р№ РґРµРЅСЊ РјРѕСЂСЏ', '', ''),
(424, '26.09', 'РјРµР¶РґСѓРЅР°СЂРѕРґРЅС‹Р№ РґРµРЅСЊ РіР»СѓС…РѕРЅРµРјС‹С…', '', ''),
(425, '26.09.1969', 'Р’С‹С…РѕРґ Р°Р»СЊР±РѕРјР°'' Abbey Road''.', '', ''),
(426, '27.09', 'Р’СЃРµРјРёСЂРЅС‹Р№ РґРµРЅСЊ С‚СѓСЂРёР·РјР°', '', ''),
(427, '27.09', 'РґРµРЅСЊ С‚СѓСЂРёСЃС‚Р°', '', ''),
(428, '30.09', 'РґРµРЅСЊ Internet', '', ''),
(429, '01.10', 'Р”РµРЅСЊ РЅРµР·Р°РІРёСЃРёРјРѕСЃС‚Рё. Р РµСЃРїСѓР±Р»РёРєР° РљРёРїСЂ', '', ''),
(430, '01.10', 'РњРµР¶РґСѓРЅР°СЂРѕРґРЅС‹Р№ РґРµРЅСЊ РІСЂР°С‡Р°', '', ''),
(431, '01.10', 'РњРµР¶РґСѓРЅР°СЂРѕРґРЅС‹Р№ РґРµРЅСЊ РјСѓР·С‹РєРё', '', ''),
(432, '01.10', 'РІСЃРµРјРёСЂРЅС‹Р№ РґРµРЅСЊ РІРµРіРµС‚Р°СЂРёР°РЅСЃРєРёР№ РґРµРЅСЊ', '', ''),
(433, '01.10', 'РІ РђРЅРґРѕСЂСЂРµ РґРµРЅСЊ РІСЃРµС… СЃРІСЏС‚С‹С….', '', ''),
(434, '01.10', 'РґРµРЅСЊ РїРѕР¶РёР»С‹С… Р»СЋРґРµР№', '', ''),
(435, '02.10', 'РјРµР¶РґСѓРЅР°СЂРѕРґРЅС‹Р№ РґРµРЅСЊ РјСѓР·С‹РєРё, РїСЂРѕРІРѕРґРёС‚СЃСЏ РїРѕ СЂРµС€РµРЅРёСЋ РњРµР¶РґСѓРЅР°СЂРѕРґРЅРѕРіРѕ РјСѓР·С‹РєР°Р»СЊРЅРѕРіРѕ СЃРѕРІРµС‚Р° Р®РќР•РЎРљРћ', '', ''),
(436, '03.10', 'Р’СЃРµРјРёСЂРЅС‹Р№ РґРµРЅСЊ Р·Р°С‰РёС‚С‹ Р¶РёРІРѕС‚РЅС‹С…', '', ''),
(437, '03.10', 'РЎРѕР·РґР°РЅРёРµ РІСЃРµРјРёСЂРЅРѕР№ С„РµРґРµСЂР°С†РёРё РїСЂРѕС„СЃРѕСЋР·РѕРІ', '', ''),
(438, '03.10', 'РІСЃРµРјРёСЂРЅС‹Р№ РґРµРЅСЊ Р¶РёРІРѕС‚РЅС‹С… (РєР°С‚РѕР»РёС‡РµСЃРєРёР№ РїСЂР°Р·РґРЅРёРє - Р”РµРЅСЊ РЎРІ. Р¤СЂР°РЅС†РёСЃРєР°, РїРѕРєСЂРѕРІРёС‚РµР»СЏ Р¶РёРІРѕС‚РЅС‹С…)', '', ''),
(439, '03.10', 'РґРµРЅСЊ РіСЂР°Р¶РґР°РЅСЃРєРѕР№ РѕР±РѕСЂРѕРЅС‹ РІ Р РѕСЃСЃРёРё', '', ''),
(440, '03.10', 'РґРµРЅСЊ СЃРѕР·РґР°РЅРёСЏ РІСЃРµРјРёСЂРЅРѕР№ С„РµРґРµСЂР°С†РёРё РїСЂРѕС„СЃРѕСЋР·РѕРІ', '', ''),
(441, '03.10.1990', 'РћР±СЉРµРґРёРЅРµРЅРёРµ Р“РµСЂРјР°РЅРёРё', '', ''),
(442, '04.10', 'Р’СЃРµРјРёСЂРЅС‹Р№ РґРµРЅСЊ Р¶РёР»СЊСЏ', '', ''),
(443, '04.10', 'РІ РђРЅРґРѕСЂСЂРµ РґРµРЅСЊ СЃРІСЏС‚РѕРіРѕ РљР°СЂР»Р° Р‘РѕСЂСЂРѕРјРµР№СЃРєРѕРіРѕ, РїРѕРєСЂРѕРІРёС‚РµР»СЏ РђРЅРґРѕСЂСЂС‹.', '', ''),
(444, '04.10', 'РґРµРЅСЊ Р’РѕРµРЅРЅРѕ-РєРѕСЃРјРёС‡РµСЃРєРёС… СЃРёР»', '', ''),
(445, '04.10.1957', 'Р’ РЎРЎРЎР  РїСЂРѕРёР·РІРµРґРµРЅ СѓСЃРїРµС€РЅС‹Р№ Р·Р°РїСѓСЃРє РїРµСЂРІРѕРіРѕ РёСЃРєСѓСЃСЃС‚РІРµРЅРЅРѕРіРѕ СЃРїСѓС‚РЅРёРєР° Р—РµРјР»Рё', '', ''),
(446, '04.10.1957', 'Р—Р°РїСѓСЃРє РїРµСЂРІРѕРіРѕ РёСЃРєСѓСЃСЃС‚РІРµРЅРЅРѕРіРѕ СЃРїСѓС‚РЅРёРєР° Р—РµРјР»Рё.', '', ''),
(447, '05.10', 'РґРµРЅСЊ СѓС‡РёС‚РµР»СЏ', '', ''),
(448, '06.10.1973', 'РІ Р•РіРёРїС‚Рµ РґРµРЅСЊ РІРѕРѕСЂСѓР¶РµРЅРЅС‹С… СЃРёР». Р’ СЌС‚РѕС‚ РґРµРЅСЊ 1973 РіРѕРґР° РµРіРёРїРµС‚СЃРєР°СЏ Р°СЂРјРёСЏ РїРµСЂРµСЃРµРєР»Р° РЎСѓСЌС†РєРёР№ РєР°РЅР°Р» Рё Р°С‚Р°РєРѕРІР°Р»Р° РёР·СЂР°РёР»СЊСЃРєРёРµ РІРѕР№СЃРєР° РІ РЅР°РґРµР¶РґРµ РІС‹Р±РёС‚СЊ РёС… СЃ РЎРёРЅР°Р№СЃРєРѕРіРѕ РїРѕР»СѓРѕСЃС‚СЂРѕРІР°', '', ''),
(449, '07.10.1977', 'РџСЂРёРЅСЏС‚РёРµ РљРѕРЅСЃС‚РёС‚СѓС†РёРё РЎРЎРЎР ', '', ''),
(450, '08.10', 'РґРµРЅСЊ СЂР°Р±РѕС‚РЅРёРєРѕРІ СЃРµР»СЊСЃРєРѕРіРѕ С…РѕР·СЏР№СЃС‚РІР° Рё РїРµСЂРµСЂР°Р±Р°С‚С‹РІР°СЋС‰РµР№ РїСЂРѕРјС‹С€Р»РµРЅРЅРѕСЃС‚Рё', '', ''),
(451, '09.10', 'РјРµР¶РґСѓРЅР°СЂРѕРґРЅС‹Р№ РґРµРЅСЊ Р·Р° Р»РёРєРІРёРґР°С†РёСЋ РїРѕСЃР»РµРґСЃС‚РІРёР№ СЃС‚РёС…РёР№РЅС‹С… Р±РµРґСЃС‚РІРёР№ СЃС‚РёС…РёР№РЅС‹С… Р±РµРґСЃС‚РІРёР№', '', ''),
(452, '10.10', 'РњРµР¶РґСѓРЅР°СЂРѕРґРЅС‹Р№ РґРµРЅСЊ РїСЃРёС…РёС‡РµСЃРєРѕРіРѕ Р·РґРѕСЂРѕРІСЊСЏ', '', ''),
(453, '12.10', 'РќР°С†РёРѕРЅР°Р»СЊРЅС‹Р№ РїСЂР°Р·РґРЅРёРє РСЃРїР°РЅРёРё. Р“РѕРґРѕРІС‰РёРЅР° РѕС‚РєСЂС‹С‚РёСЏ РђРјРµСЂРёРєРё РҐСЂРёСЃС‚РѕС„РѕСЂРѕРј РљРѕР»СѓРјР±РѕРј.', '', ''),
(454, '13.10', 'РњРµР¶РґСѓРЅР°СЂРѕРґРЅС‹Р№ РґРµРЅСЊ СЃС‚Р°РЅРґР°СЂС‚РёР·Р°С†РёРё', '', ''),
(455, '14.10', 'РџРѕРєСЂРѕРІ РџСЂРµСЃРІСЏС‚РѕР№ Р‘РѕРіРѕСЂРѕРґРёС†С‹', '', ''),
(456, '14.10', '1946 РјРµР¶РґСѓРЅР°СЂРѕРґРЅС‹Р№ РґРµРЅСЊ СЃС‚Р°РЅРґР°СЂС‚РёР·Р°С†РёРё, РѕС‚РјРµС‡Р°РµС‚СЃСЏ РІ РґРµРЅСЊ СѓС‡СЂРµР¶РґРµРЅРёСЏ (1946) РњРµР¶РґСѓРЅР°СЂРѕРґРЅРѕР№ РѕСЂРіР°РЅРёР·Р°С†РёРё РїРѕ cС‚Р°РЅРґР°СЂС‚РёР·Р°С†РёРё', '', ''),
(457, '16.10', 'РґРµРЅСЊ РЅР°С‡Р°Р»СЊРЅРёРєР° (boss day) РІ РЎРЁРђ', '', ''),
(458, '16.10.1945', 'РґРµРЅСЊ РїСЂРѕРґРѕРІРѕР»СЊСЃС‚РІРёСЏ, РѕС‚РјРµС‡Р°РµС‚СЃСЏ РїРѕ СЂРµС€РµРЅРёСЋ РџСЂРѕРґРѕРІРѕР»СЊСЃС‚РІРµРЅРЅРѕР№ Рё СЃРµР»СЊСЃРєРѕС…РѕР·СЏР№СЃС‚РІРµРЅРЅРѕР№ РѕСЂРіР°РЅРёР·Р°С†РёРё РћР±СЉРµРґРёРЅРµРЅРЅС‹С… РќР°С†РёР№, РѕСЃРЅРѕРІР°РЅРЅРѕР№ РІ СЌС‚РѕС‚ РґРµРЅСЊ РІ 1945 Рі.', '', ''),
(459, '17.10', 'РјРµР¶РґСѓРЅР°СЂРѕРґРЅС‹Р№ РґРµРЅСЊ Р·Р° РёСЃРєРѕСЂРµРЅРµРЅРёРµ РЅРёС‰РµС‚С‹', '', ''),
(460, '17.10.1905', 'РЎРѕР·РґР°РЅРёРµ 1 Р“РѕСЃСѓРґР°СЂСЃС‚РІРµРЅРЅРѕР№ Р”СѓРјС‹ РІ Р РѕСЃСЃРёРё', '', ''),
(461, '18.10.1867', 'РџРµСЂРµРґР°С‡Р° Р РѕСЃСЃРёРµР№ РђР»СЏСЃРєРё РЎРЁРђ', '', ''),
(462, '20.10.1905', 'РќР°С‡Р°Р»Рѕ РІ Р РѕСЃСЃРёРё РћРєС‚СЏР±СЂСЊСЃРєРѕР№ РІСЃРµСЂРѕСЃСЃРёР№СЃРєРѕР№ РїРѕР»РёС‚РёС‡РµСЃРєРѕР№ СЃС‚Р°С‡РєРё', '', ''),
(463, '20.10.1971', 'РџСЂРµРјСЊРµСЂР° СЂРѕРє-РѕРїРµСЂС‹ ''Jesus Christ Superstar'' РІ РќСЊСЋ-Р™РѕСЂРєРµ.', '', ''),
(464, '22.10.1721', 'РђРєС‚ РїРѕРґРЅРµСЃРµРЅРёСЏ Р“РѕСЃСѓРґР°СЂСЋ Р¦Р°СЂСЋ РџРµС‚СЂСѓ I С‚РёС‚СѓР»Р° РРјРїРµСЂР°С‚РѕСЂР° Р’СЃРµСЂРѕСЃСЃРёР№СЃРєРѕРіРѕ РЅР°РёРјРµРЅРѕРІР°РЅРёСЏ Р’РµР»РёРєРѕРіРѕ Рё РћС‚С†Р° РћС‚РµС‡РµСЃС‚РІР°', '', ''),
(465, '24.10', 'РјРµР¶РґСѓРЅР°СЂРѕРґРЅС‹Р№ РґРµРЅСЊ РћСЂРіР°РЅРёР·Р°С†РёРё РћР±СЉРµРґРёРЅС‘РЅРЅС‹С… РќР°С†РёР№ (РћРћРќ)', '', ''),
(466, '24.10.1973', 'РІ Р•РіРёРїС‚Рµ РґРµРЅСЊ СЃСѓСЌС†РєРѕР№ РїРѕР±РµРґС‹. Р“РѕРґРѕРІС‰РёРЅР° РµРіРёРїРµС‚СЃРєРѕ-РёР·СЂР°РёР»СЊСЃРєРѕРіРѕ РїРµСЂРµРјРёСЂРёСЏ 1973 РіРѕРґР°, РїРѕСЃР»Рµ РєРѕС‚РѕСЂРѕРіРѕ Р•РіРёРїРµС‚ РІРѕСЃСЃС‚Р°РЅРѕРІРёР» РєРѕРЅС‚СЂРѕР»СЊ РЅР°Рґ РЎСѓСЌС†РєРёРј РєР°РЅР°Р»РѕРј.', '', ''),
(467, '25.10', 'Р’ 03.00 РџРµСЂРµС…РѕРґ РЅР° Р•РІСЂРѕРїРµР№СЃРєРѕРµ Р·РёРјРЅРµРµ РІСЂРµРјСЏ (С‡Р°СЃС‹ РїРµСЂРµРІРѕРґСЏС‚СЃСЏ РЅР° 1 С‡Р°СЃ РЅР°Р·Р°Рґ)', '', ''),
(468, '25.10', 'РґРµРЅСЊ РёРЅР¶РµРЅРµСЂР°-РјРµС…Р°РЅРёРєР°', '', ''),
(469, '25.10', 'РґРµРЅСЊ СЂР°Р±РѕС‚РЅРёРєРѕРІ Р°РІС‚РѕРјРѕР±РёР»СЊРЅРѕРіРѕ С‚СЂР°РЅСЃРїРѕСЂС‚Р° Рё РґРѕСЂРѕР¶РЅРѕРіРѕ С…РѕР·СЏР№СЃС‚РІР°', '', ''),
(470, '25.10', 'РґРµРЅСЊ С‚Р°РјРѕР¶РµРЅРЅРёРєР° Р РѕСЃСЃРёР№СЃРєРѕР№ Р¤РµРґРµСЂР°С†РёРё', '', ''),
(471, '25.10', 'РјРµР¶РґСѓРЅР°СЂРѕРґРЅС‹Р№ РґРµРЅСЊ Р±РѕСЂСЊР±С‹ Р¶РµРЅС‰РёРЅ Р·Р° РјРёСЂ', '', ''),
(472, '26.10.1917', 'РџСЂРёРЅСЏС‚РёРµ Р”РµРєСЂРµС‚Р° Рѕ Р·РµРјР»Рµ', '', ''),
(473, '26.10.1917', 'РџСЂРёРЅСЏС‚РёРµ Р”РµРєСЂРµС‚Р° Рѕ РјРёСЂРµ', '', ''),
(474, '28.10', 'РІ Р§РµС…РёРё Р”РµРЅСЊ РѕСЃРЅРѕРІР°РЅРёСЏ РЅРµР·Р°РІРёСЃРёРјРѕР№ Р§РµС…РѕСЃР»РѕРІР°РєРёРё.', '', ''),
(475, '28.10.1940', 'РІ Р“СЂРµС†РёРё РґРµРЅСЊ ''РћС…Рё'' (''РѕС…Рё'' РїРѕ-РіСЂРµС‡РµСЃРєРё РѕР·РЅР°С‡Р°РµС‚ ''РЅРµС‚''). Р“СЂРµС‡РµСЃРєРёР№ Р°РЅР°Р»РѕРі СЂРѕСЃСЃРёР№СЃРєРѕРіРѕ Р”РЅСЏ РїРѕР±РµРґС‹.', '', ''),
(476, '29.10', 'Р”РµРЅСЊ СЂРµСЃРїСѓР±Р»РёРєРё. РўР РЎРљ (РўСѓСЂРµС†РєР°СЏ Р РµСЃРїСѓР±Р»РёРєР° РЎРµРІРµСЂРЅРѕРіРѕ РљРёРїСЂР°).', '', ''),
(477, '29.10.1918', 'РґРµРЅСЊ СЂРѕР¶РґРµРЅРёСЏ РљРѕРјСЃРѕРјРѕР»Р°', '', ''),
(478, '30.10', 'РґРµРЅСЊ РїР°РјСЏС‚Рё Р¶РµСЂС‚РІ РїРѕР»РёС‚РёС‡РµСЃРєРёС… СЂРµРїСЂРµСЃСЃРёР№', '', ''),
(479, '30.10.1696', 'РћР±СЂР°Р·РѕРІР°РЅРёРµ Р РѕСЃСЃРёР№СЃРєРѕРіРѕ С„Р»РѕС‚Р°', '', ''),
(480, '30.10.1975', 'РґРµРЅСЊ РІС‹С…РѕРґР° РІ СЃРІРµС‚ РїРµСЃРЅРё РіСЂСѓРїРїС‹ ''Qween'' ''Bohemian Rapsody''.', '', ''),
(481, '31.10', 'РґРµРЅСЊ Р’СЃРµС… РЎРІСЏС‚С‹С… (Halloween)', '', ''),
(482, '01.11.1999', 'РљРѕРјРїР°РЅРёСЏ ''РќРўР’-РџР»СЋСЃ'' РЅР°С‡Р°Р»Р° РЅРµРїРѕСЃСЂРµРґСЃС‚РІРµРЅРЅРѕРµ СЃРїСѓС‚РЅРёРєРѕРІРѕРµ РІРµС‰Р°РЅРёРµ РІ С†РёС„СЂРѕРІРѕР№ С„РѕСЂРјРµ С‡РµСЂРµР· СЃРїСѓС‚РЅРёРє ''Р РёС‚Рј-1/ Р‘РѕРЅСѓРј-1''', '', ''),
(483, '02.11', 'РґРµРЅСЊ РјРµР¶РґСѓРЅР°СЂРѕРґРЅРѕРіРѕ РїСЂРёР·РЅР°РЅРёСЏ РџРµС‚РµСЂР±СѓСЂРіР°', '', ''),
(484, '02.11.1917', 'Р”РµРєР»Р°СЂР°С†РёСЏ РїСЂР°РІ РЅР°СЂРѕРґРѕРІ Р РѕСЃСЃРёРё', '', ''),
(485, '03.11', 'РІ РЇРїРѕРЅРёРё РґРµРЅСЊ РЅР°С†РёРѕРЅР°Р»СЊРЅРѕР№ РєСѓР»СЊС‚СѓСЂС‹.', '', ''),
(486, '946', 'РґРµРЅСЊ СЃРѕР·РґР°РЅРёСЏ Р®РќР•РЎРљРћ', '', ''),
(487, '04.11.1967', 'Р’РІРµРґРµРЅ РІ СЌРєСЃРїР»СѓР°С‚Р°С†РёСЋ РћР±С‰РµСЃРѕСЋР·РЅС‹Р№ С‚РµР»РµС†РµРЅС‚СЂ РІ РћСЃС‚Р°РЅРєРёРЅРѕ. Р‘С‹Р»Р° СЃРґР°РЅР° РІ СЌРєСЃРїР»СѓР°С‚Р°С†РёСЋ СЃР°РјР°СЏ РІС‹СЃРѕРєР°СЏ РІ РјРёСЂРµ Р±Р°С€РЅСЏ РѕР±С‰РµСЃРѕСЋР·РЅРѕР№ СЂР°РґРёРѕС‚РµР»РµРІРёР·РёРѕРЅРЅРѕР№ РїРµСЂРµРґР°СЋС‰РµР№ СЃС‚Р°РЅС†РёРё. Р•Рµ РІС‹СЃРѕС‚Р° РІРјРµСЃС‚Рµ СЃ С„Р»Р°РіС€С‚РѕРєРѕРј СЃРѕСЃС‚Р°РІРёР»Р°', '', ''),
(488, '05.11.1943', 'СЂРѕРґРёР»СЃСЏ РЎС‚РёРІ РњРёР»Р»РµСЂ.', '', ''),
(489, '06.11.1972', 'Black Sabbath РїРѕР»СѓС‡РёР»Рё ''Р·РѕР»РѕС‚РѕР№'' РґРёСЃРє Р·Р° Р°Р»СЊР±РѕРј ''Vol.4''.', '', ''),
(490, '07.11', 'РґРµРЅСЊ РїСЂРёРјРµСЂРµРЅРёСЏ Рё СЃРѕРіР»Р°СЃРёСЏ', '', ''),
(491, '07.11.1612', 'РґРµРЅСЊ РІРѕРёРЅСЃРєРѕР№ СЃР»Р°РІС‹ Р РѕСЃСЃРёРё. Р”РµРЅСЊ РѕСЃРІРѕР±РѕР¶РґРµРЅРёСЏ РњРѕСЃРєРІС‹ СЃРёР»Р°РјРё РЅР°СЂРѕРґРЅРѕРіРѕ РѕРїРѕР»С‡РµРЅРёСЏ РїРѕРґ СЂСѓРєРѕРІРѕРґСЃС‚РІРѕРј РљСѓР·СЊРјС‹ РњРёРЅРёРЅР° Рё Р”РјРёС‚СЂРёСЏ РџРѕР¶Р°СЂСЃРєРѕРіРѕ РѕС‚ РїРѕР»СЊСЃРєРёС… РёРЅС‚РµСЂРІРµРЅС‚РѕРІ', '', ''),
(492, '07.11.1917', 'РћРєС‚СЏР±СЂСЊСЃРєР°СЏ РЎРѕС†РёР°Р»РёСЃС‚РёС‡РµСЃРєР°СЏ Р РµРІРѕР»СЋС†РёСЏ', '', ''),
(493, '09.11', 'Р’СЃРµРјРёСЂРЅС‹Р№ РґРµРЅСЊ РєР°С‡РµСЃС‚РІР°', '', ''),
(494, '10.11', 'Р’СЃРµРјРёСЂРЅС‹Р№ РґРµРЅСЊ РјРѕР»РѕРґРµР¶Рё', '', ''),
(495, '10.11', 'РґРµРЅСЊ РјРёР»РёС†РёРё', '', ''),
(496, '12.11', 'РґРµРЅСЊ Р±Р°РЅРєРѕРІСЃРєРѕРіРѕ СЂР°Р±РѕС‚РЅРёРєР°', '', ''),
(497, '12.11.1945', 'Р РѕРґРёР»СЃСЏ РќРµР№Р» РЇРЅРі.', '', ''),
(498, '13.11', 'РњРµР¶РґСѓРЅР°СЂРѕРґРЅС‹Р№ РґРµРЅСЊ СЃР»РµРїС‹С…', '', ''),
(499, '13.11.1968', 'РџСЂРµРјСЊРµСЂР° РјСѓР»СЊС‚С„РёР»СЊРјР° ''Yellow Submarine'' РІ РЎРЁРђ.', '', ''),
(500, '14.11', 'Р’СЃРµРјРёСЂРЅС‹Р№ РґРµРЅСЊ Р±РѕСЂСЊР±С‹ РїСЂРѕС‚РёРІ РґРёР°Р±РµС‚Р°', '', ''),
(501, '14.11.1851', 'РџСЂРѕС€РµР» РїРµСЂРІС‹Р№ РїРѕРµР·Рґ РјРµР¶РґСѓ РЎР°РЅРєС‚-РџРµС‚РµСЂР±СѓСЂРіРѕРј Рё РњРѕСЃРєРІРѕР№', '', ''),
(502, '15.11', 'Р’СЃРµСЂРѕСЃСЃРёР№СЃРєРёР№ РґРµРЅСЊ РїСЂРёР·С‹РІРЅРёРєР°', '', ''),
(503, '15.11', 'Р”РµРЅСЊ РїСЂРѕРІРѕР·РіР»Р°С€РµРЅРёСЏ РўСѓСЂРµС†РєРѕР№ Р РµСЃРїСѓР±Р»РёРєРё РЎРµРІРµСЂРЅРѕРіРѕ РљРёРїСЂР°', '', ''),
(504, '15.11', 'РґРµРЅСЊ Р Р°РєРµС‚РЅС‹С… РІРѕР№СЃРє Рё Р°СЂС‚РёР»Р»РµСЂРёРё', '', ''),
(505, '15.11.1934', 'РџРµСЂРІР°СЏ С‚РµР»РµРІРёР·РёРѕРЅРЅР°СЏ Р·РІСѓРєРѕРІР°СЏ РїРµСЂРµРґР°С‡Р° РІ РЎРЎРЎР , РєРѕС‚РѕСЂР°СЏ СЃРѕСЃС‚РѕСЏР»Р°СЃСЊ РІ РњРѕСЃРєРІРµ', '', ''),
(506, '15.11.1971', 'РґРµРЅСЊ РІС‹РїСѓСЃРєР° РїРµСЂРІРѕРіРѕ РјРёРєСЂРѕРїСЂРѕС†РµСЃСЃРѕСЂР° Intel 4004', '', ''),
(507, '16.11', 'РњРµР¶РґСѓРЅР°СЂРѕРґРЅС‹Р№ РґРµРЅСЊ Р±РѕСЂСЊР±С‹ СЃ РєСѓСЂРµРЅРёРµРј', '', ''),
(508, '16.11', 'РґРµРЅСЊ РјРѕСЂСЃРєРѕР№ РїРµС…РѕС‚С‹', '', ''),
(509, '16.11', 'РјРµР¶РґСѓРЅР°СЂРѕРґРЅС‹Р№ РґРµРЅСЊ С‚РµСЂРїРёРјРѕСЃС‚Рё (С‚РѕР»РµСЂР°РЅС‚РЅРѕСЃС‚Рё).', '', ''),
(510, '16.11.1869', 'РћС‚РєСЂС‹С‚РёРµ РЎСѓСЌС†РєРѕРіРѕ РєР°РЅР°Р»Р°', '', ''),
(511, '17.11', 'РњРµР¶РґСѓРЅР°СЂРѕРґРЅС‹Р№ РґРµРЅСЊ СЃС‚СѓРґРµРЅС‚РѕРІ', '', ''),
(512, '20.11.0864', 'РџСЂРёРЅСЏС‚С‹ РЎСѓРґРµР±РЅС‹Рµ СѓСЃС‚Р°РІС‹ Р РѕСЃСЃРёРё', '', ''),
(513, '20.11.1480', 'РљРѕРЅРµС† С‚Р°С‚Р°СЂРѕ-РјРѕРЅРіРѕР»СЊСЃРєРѕРіРѕ РёРіР° РЅР° Р СѓСЃРё', '', ''),
(514, '20.11.1945', 'РќСЋСЂРЅР±РµСЂРіСЃРєРёР№ РїСЂРѕС†РµСЃСЃ РЅР°Рґ РіР»Р°РІРЅС‹РјРё РЅР°С†РёСЃС‚СЃРєРёРјРё РІРѕРµРЅРЅС‹РјРё РїСЂРµСЃС‚СѓРїРЅРёРєР°РјРё (20 РЅРѕСЏР±СЂСЏ1945 - 1 РѕРєС‚СЏР±СЂСЏ 1945)', '', ''),
(515, '21.11', 'РІСЃРµРјРёСЂРЅС‹Р№ РґРµРЅСЊ РїСЂРёРІРµС‚СЃС‚РІРёР№', '', ''),
(516, '21.11', 'РІСЃРµРјРёСЂРЅС‹Р№ РґРµРЅСЊ С‚РµР»РµРІРёРґРµРЅРёСЏ', '', ''),
(517, '21.11', 'РґРµРЅСЊ СЂР°Р±РѕС‚РЅРёРєР° РЅР°Р»РѕРіРѕРІС‹С… РѕСЂРіР°РЅРѕРІ Р РѕСЃСЃРёР№СЃРєРѕР№ Р¤РµРґРµСЂР°С†РёРё', '', ''),
(518, '22.11', 'РґРµРЅСЊ Р‘Р»РѕРіРѕРґР°СЂРµРЅРёСЏ', '', ''),
(519, '23.11', 'РІ РЇРїРѕРЅРёРё РґРµРЅСЊ Р±Р»Р°РіРѕРґР°СЂРµРЅРёСЏ Рё С‚СЂСѓРґР°.', '', ''),
(520, '23.11.1924', 'РЎРѕСЃС‚РѕСЏР»Р°СЃСЊ РїРµСЂРІР°СЏ С€РёСЂРѕРєРѕРІРµС‰Р°С‚РµР»СЊРЅР°СЏ РїРµСЂРµРґР°С‡Р° РњРѕСЃРєРѕРІСЃРєРѕРіРѕ СЂР°РґРёРѕ', '', ''),
(521, '24.11', 'РґРµРЅСЊ РјР°С‚РµСЂРё', '', ''),
(522, '24.11.1991', 'РЈС€С‘Р» РёР· Р¶РёР·РЅРё Р¤СЂРµРґРё РњРµСЂРєСЋСЂРё.', '', ''),
(523, '26.11', 'РґРµРЅСЊ РЎРІСЏС‚РѕРіРѕ РРѕР°РЅРЅР° Р—Р»Р°С‚РѕСѓСЃС‚Р°', '', ''),
(524, '26.11.1769', 'РЈС‡СЂРµР¶РґРµРЅ Р“РµРѕСЂРіРёРµРІСЃРєРёР№ РєСЂРµСЃС‚', '', ''),
(525, '29.11', 'РјРµР¶РґСѓРЅР°СЂРѕРґРЅС‹Р№ РґРµРЅСЊ СЃРѕР»РёРґР°СЂРЅРѕСЃС‚Рё СЃ РїР°Р»РµСЃС‚РёРЅСЃРєРёРј РЅР°СЂРѕРґРѕРј', '', ''),
(526, '30.11.2001', 'РґРµРЅСЊ ''СЃРјРµСЂС‚Рё'' Windows 95. РљРѕРјРїР°РЅРёСЏ Microsoft РѕС„РёС†Р°Р»СЊРЅРѕ РїСЂРµРєСЂР°С‰Р°РµС‚ РїРѕРґРґРµСЂР¶РєСѓ СЌС‚РѕР№ РћРЎ. Р­С‚Рѕ РѕР·РЅР°С‡Р°РµС‚ РїСЂРµРєСЂР°С‰РµРЅРёРµ РІС‹РїСѓСЃРєР° РґСЂР°Р№РІРµСЂРѕРІ Рё РїСЂРѕРіСЂР°РјРј СЃРїРѕСЃРѕР±РЅС‹С… СЂР°Р±РѕС‚Р°С‚СЊ РїРѕРґ СѓРїСЂР°РІР»РµРЅРёРµРј Windows 95', '', ''),
(527, '01.12', 'РІСЃРµРјРёСЂРЅС‹Р№ РґРµРЅСЊ Р±РѕСЂСЊР±С‹ СЃРѕ РЎРџРР”РѕРј', '', ''),
(528, '01.12.1853', 'РґРµРЅСЊ РІРѕРёРЅСЃРєРѕР№ СЃР»Р°РІС‹ Р РѕСЃСЃРёРё. Р”РµРЅСЊ РїРѕР±РµРґС‹ СЂСѓСЃСЃРєРѕР№ СЌСЃРєР°РґСЂС‹ РїРѕРґ РєРѕРјР°РЅРґРѕРІР°РЅРёРµРј Рџ.РЎ. РќР°С…РёРјРѕРІР° РЅР°Рґ С‚СѓСЂРµС†РєРѕР№ СЌСЃРєР°РґСЂРѕР№ Сѓ РјС‹СЃР° РЎРёРЅРѕРї', '', ''),
(529, '03.12', 'РњРµР¶РґСѓРЅР°СЂРѕРґРЅС‹Р№ РґРµРЅСЊ РёРЅРІР°Р»РёРґРѕРІ', '', ''),
(530, '03.12.1959', 'РџРѕСЃС‚СЂРѕРµРЅ РїРµСЂРІС‹Р№ РІ РјРёСЂРµ Р°С‚РѕРјРЅС‹Р№ Р»РµРґРѕРєРѕР» ''Р›РµРЅРёРЅ''', '', ''),
(531, '05.12', 'РјРµР¶РґСѓРЅР°СЂРѕРґРЅС‹Р№ РґРµРЅСЊ РґРѕР±СЂРѕРІРѕР»СЊС†РµРІ РІРѕ РёРјСЏ СЌРєРѕРЅРѕРјРёС‡РµСЃРєРѕРіРѕ Рё СЃРѕС†РёР°Р»СЊРЅРѕРіРѕ СЂР°Р·РІРёС‚РёСЏ (Р”РµРЅСЊ РІРѕР»РѕРЅС‚РµСЂР°, РїРѕ СЂРµС€РµРЅРёСЋ РћРћРќ)', '', ''),
(532, '05.12.1936', 'РџСЂРёРЅСЏС‚РёРµ РљРѕРЅСЃС‚РёС‚СѓС†РёРё РЎРЎРЎР ', '', ''),
(533, '05.12.1941', 'РґРµРЅСЊ РІРѕРёРЅСЃРєРѕР№ СЃР»Р°РІС‹ Р РѕСЃСЃРёРё. Р”РµРЅСЊ РЅР°С‡Р°Р»Р° РєРѕРЅС‚СЂРЅР°СЃС‚СѓРїР»РµРЅРёСЏ СЃРѕРІРµС‚СЃРєРёС… РІРѕР№СЃРє РїСЂРѕС‚РёРІ РЅРµРјРµС†РєРѕ - С„Р°С€РёСЃС‚СЃРєРёС… РІРѕР№СЃРє РІ Р±РёС‚РІРµ РїРѕРґ РњРѕСЃРєРІРѕР№', '', ''),
(534, '06.12', 'РІ РСЃРїР°РЅРёРё Р”РµРЅСЊ РєРѕРЅСЃС‚РёС‚СѓС†РёРё.', '', ''),
(535, '07.12', 'РјРµР¶РґСѓРЅР°СЂРѕРґРЅС‹Р№ РґРµРЅСЊ РіСЂР°Р¶РґР°РЅСЃРєРѕР№ Р°РІРёР°С†РёРё', '', ''),
(536, '07.12.1988', 'Р—РµРјР»РµС‚СЂСЏСЃРµРЅРёРµ РІ РђСЂРјРµРЅРёРё', '', ''),
(537, '08.12', 'РїСЂР°Р·РґРЅРёРє РЅРµРїРѕСЂРѕС‡РЅРѕРіРѕ Р·Р°С‡Р°С‚РёСЏ', '', ''),
(538, '09.12.1968', 'Р‘С‹Р»Р° РёР·РѕР±СЂРµС‚РµРЅР° РјС‹С€РєР°, РѕРґРЅРѕ РёР· СЃР°РјС‹С… РЅРµРѕР±С…РѕРґРёРјС‹С… СѓСЃС‚СЂРѕР№СЃС‚РІ РІРІРѕРґР°', '', ''),
(539, '09.12.1993', 'Р”РµРЅСЊ РІС‹С…РѕРґР° РЅРµСѓРјРёСЂР°СЋС‰РµР№ РёРіСЂС‹ D00M!!!', '', ''),
(540, '10.12.1948', 'Р“РµРЅРµСЂР°Р»СЊРЅР°СЏ РђСЃСЃР°РјР±Р»РµСЏ РћРћРќ РїСЂРёРЅСЏР»Р° Р’СЃРµРѕР±С‰СѓСЋ РґРµРєР»Р°СЂР°С†РёСЋ РїСЂР°РІ С‡РµР»РѕРІРµРєР°', '', ''),
(541, '11.12', 'Р’СЃРµРјРёСЂРЅС‹Р№ РґРµРЅСЊ РїСЂР°РІ С‡РµР»РѕРІРµРєР°', '', ''),
(542, '11.12', 'РІСЃРµРјРёСЂРЅС‹Р№ РґРµРЅСЊ РґРµС‚СЃРєРѕРіРѕ С‚РµР»РµРІРµС‰Р°РЅРёСЏ', '', ''),
(543, '11.12.1905', 'Р—Р°РєРѕРЅ ''Рћ РІС‹Р±РѕСЂР°С… РІ Р“РѕСЃСѓРґР°СЂСЃС‚РІРµРЅРЅСѓСЋ РґСѓРјСѓ''', '', ''),
(544, '11.12.1918', 'РІРѕ Р¤СЂР°РЅС†РёРё РґРµРЅСЊ РїРµСЂРµРјРёСЂРёСЏ. РћС‚РјРµС‡Р°РµС‚СЃСЏ РІ РіРѕРґРѕРІС‰РёРЅСѓ РїРѕРґРїРёСЃР°РЅРёСЏ РІ 1918 РіРѕРґСѓ РїРµСЂРµРјРёСЂРёСЏ РјРµР¶РґСѓ РђРЅС‚Р°РЅС‚РѕР№ Рё Р“РµСЂРјР°РЅРёРµР№ Рё СЃС‡РёС‚Р°РµС‚СЃСЏ РґРЅРµРј РїР°РјСЏС‚Рё РІСЃРµС… С„СЂР°РЅС†СѓР·СЃРєРёС… СЃРѕР»РґР°С‚.', '', ''),
(545, '12.12', 'РґРµРЅСЊ РљРѕРЅСЃС‚РёС‚СѓС†РёРё Р РѕСЃСЃРёР№СЃРєРѕР№ Р¤РµРґРµСЂР°С†РёРё-РіРѕСЃСѓРґР°СЂСЃС‚РІРµРЅРЅС‹Р№ РїСЂР°Р·РґРЅРёРє', '', ''),
(546, '12.12.1991', 'РґРµРЅСЊ СЃРѕР·РґР°РЅРёСЏ РїРµСЂРІРѕР№ Р°РјРµСЂРёРєР°РЅСЃРєРѕР№ РІРµР±-СЃС‚СЂР°РЅРёС‡РєРё, РєРѕС‚РѕСЂСѓСЋ РјРѕР¶РЅРѕ СЃС‡РёС‚Р°С‚СЊ ''РјР°РјРѕР№'' РІСЃРµР№ WWW. РЎРѕР·РґР°С‚РµР»СЊ СЃС‚СЂР°РЅРёС‡РєРё РџРѕР» РљСѓРЅС† 1940 Рі.СЂ.', '', ''),
(547, '12.12.1993', 'РґРµРЅСЊ РљРѕРЅСЃС‚РёС‚СѓС†РёРё Р РѕСЃСЃРёР№СЃРєРѕР№ Р¤РµРґРµСЂР°С†РёРё - РіРѕСЃСѓРґР°СЂСЃС‚РІРµРЅРЅС‹Р№ РїСЂР°Р·РґРЅРёРє', '', ''),
(548, '14.12', 'РґРµРЅСЊ СЌРЅРµСЂРіРµС‚РёРєР°', '', ''),
(549, '15.12.1945', 'РњРѕСЃРєРѕРІСЃРєРёР№ С‚РµР»РµС†РµРЅС‚СЂ РїРµСЂРІС‹Рј РІ Р•РІСЂРѕРїРµ РІРѕР·РѕР±РЅРѕРІРёР» СЂРµРіСѓР»СЏСЂРЅС‹Рµ С‚РµР»РµРІРёР·РёРѕРЅРЅС‹Рµ РїРµСЂРµРґР°С‡Рё', '', ''),
(550, '16.12.1926', 'РЎРѕСЃС‚РѕСЏР»Р°СЃСЊ Р»Р°Р±РѕСЂР°С‚РѕСЂРЅР°СЏ РґРµРјРѕРЅСЃС‚СЂР°С†РёСЏ РїРµСЂРµРґР°С‡Рё РґРІРёР¶СѓС‰РµРіРѕСЃСЏ РёР·РѕР±СЂР°Р¶РµРЅРёСЏ, РїСЂРёРЅС†РёРї РєРѕС‚РѕСЂРѕР№ Р±С‹Р» СЂР°Р·СЂР°Р±РѕС‚Р°РЅ СЂСѓСЃСЃРєРёРј С„РёР·РёРєРѕРј Р›. РўРµСЂРјРµРЅРѕРј.', '', ''),
(551, '17.12', 'РґРµРЅСЊ СЂР°РєРµС‚РЅС‹С… РІРѕР№СЃРє СЃС‚СЂР°С‚РµРіРёС‡РµСЃРєРѕРіРѕ РЅР°Р·РЅР°С‡РµРЅРёСЏ', '', ''),
(552, '18.12.1708', 'РЈРєР°Р· РѕР± СѓС‡СЂРµР¶РґРµРЅРёРё РіСѓР±РµСЂРЅРёР№ Рё Рѕ СЂР°СЃРїРёСЃР°РЅРёРё Рє РЅРёРј РіРѕСЂРѕРґРѕРІ', '', ''),
(553, '19.12', 'РґРµРЅСЊ СЃРІСЏС‚РѕРіРѕ РќРёРєРѕР»Р°СЏ Р§СѓРґРѕС‚РІРѕСЂС†Р°', '', ''),
(554, '19.12.1866', 'РЎРѕР·РґР°РЅРёРµ Р СѓСЃСЃРєРѕРіРѕ С‚РµР»РµРіСЂР°С„РЅРѕРіРѕ Р°РіРµРЅС‚СЃС‚РІР°', '', ''),
(555, '20.12', 'РґРµРЅСЊ СЂР°Р±РѕС‚РЅРёРєР° РѕСЂРіР°РЅРѕРІ Р±РµР·РѕРїР°СЃРЅРѕСЃС‚Рё Р РѕСЃСЃРёР№СЃРєРѕР№ Р¤РµРґРµСЂР°С†РёРё', '', ''),
(556, '21.12', 'РґРµРЅСЊ Р·РёРјРЅРµРіРѕ СЃРѕР»РЅС†РµСЃС‚РѕСЏРЅРёСЏ', '', ''),
(557, '22.12.1929', 'Р’РїРµСЂРІС‹Рµ РїРѕ СЂР°РґРёРѕ РёР· РњРѕСЃРєРІС‹ РїРµСЂРµРґР°РІР°Р»СЃСЏ РєРѕРЅС†РµСЂС‚ РїРѕ Р·Р°СЏРІРєР°Рј СЂР°РґРёРѕСЃР»СѓС€Р°С‚РµР»РµР№.', '', ''),
(558, '23.12', 'РІ РЇРїРѕРЅРёРё РґРµРЅСЊ СЂРѕР¶РґРµРЅРёСЏ РёРјРїРµСЂР°С‚РѕСЂР°.', '', ''),
(559, '24.12', 'РІ Р§РµС…РёРё РЎРѕС‡РµР»СЊРЅРёРє', '', ''),
(560, '24.12.1790', 'РґРµРЅСЊ РІРѕРёРЅСЃРєРѕР№ СЃР»Р°РІС‹ Р РѕСЃСЃРёРё. Р”РµРЅСЊ РІР·СЏС‚РёСЏ С‚СѓСЂРµС†РєРѕР№ РєСЂРµРїРѕСЃС‚Рё РР·РјР°РёР» СЂСѓСЃСЃРєРёРјРё РІРѕР№СЃРєР°РјРё РїРѕРґ РєРѕРјР°РЅРґРѕРІР°РЅРёРµРј Рђ.Р’. РЎСѓРІРѕСЂРѕРІР°', '', ''),
(561, '24.12.1991', 'Р’ СЃРѕРѕС‚РІРµС‚СЃС‚РІРёРё СЃ СѓРєР°Р·РѕРј РїСЂРµР·РёРґРµРЅС‚Р° Р РѕСЃСЃРёРё СЃРѕР·РґР°РЅРѕ Р¤РђРџРЎР (Р¤РµРґРµСЂР°Р»СЊРЅРѕРµ РђРіРµРЅС‚СЃС‚РІРѕ РџСЂР°РІРёС‚РµР»СЊСЃС‚РІРµРЅРЅРѕР№ РЎРІСЏР·Рё Рё РРЅС„РѕСЂРјР°С†РёРё)', '', ''),
(562, '25.12', 'РєР°С‚РѕР»РёС‡РµСЃРєРѕРµ Р РѕР¶РґРµС‚РІРѕ', '', ''),
(563, '25.12.1979', 'РќР°С‡Р°Р»Рѕ РІРѕР№РЅС‹ РІ РђС„РіР°РЅРёСЃС‚Р°РЅРµ', '', ''),
(564, '25.12.1991', 'РћРєРѕРЅС‡Р°С‚РµР»СЊРЅС‹Р№ СЂР°СЃРїР°Рґ РЎРѕРІРµС‚СЃРєРѕРіРѕ РЎРѕСЋР·Р°', '', ''),
(565, '25.12.1993', 'Р—Р°СЂРµРіРёСЃС‚СЂРёСЂРѕРІР°РЅР° РїР°СЂС‚РёСЏ Р»СЋР±РёС‚РµР»РµР№ РїРёРІР°', '', ''),
(566, '26.12', 'РІРѕ Р¤СЂР°РЅС†РёРё Р”РµРЅСЊ СЃРІСЏС‚РѕРіРѕ РЎС‚РµС„Р°РЅР° (С‚РѕР»СЊРєРѕ РІ Р­Р»СЊР·Р°СЃРµ-Р›РѕС‚Р°СЂРёРЅРіРёРё).', '', ''),
(567, '26.12', 'РґРµРЅСЊ Р‘РѕРєСЃР° РІ РЎРЁРђ', '', ''),
(568, '26.12.1825', 'Р’РѕСЃСЃС‚Р°РЅРёРµ ''РґРµРєР°Р±СЂРёСЃС‚РѕРІ'' РЅР° РЎРµРЅР°С‚СЃРєРѕР№ РїР»РѕС‰Р°РґРё', '', ''),
(569, '26.12.1963', 'Р РѕРґРёР»СЃСЏ Р›Р°СЂСЃ РЈР»СЊСЂРёС… (РіСЂСѓРїРїР° ''Metallica'').', '', ''),
(570, '26.12.1991', 'РџСЂРёРЅСЏС‚РёРµ Р”РµРєР»Р°СЂР°С†РёРё Рѕ РїСЂРµРєСЂР°С‰РµРЅРёРё СЃСѓС‰РµСЃС‚РІРѕРІР°РЅРёСЏ РЎРЎРЎР ', '', ''),
(571, '27.12', 'РґРµРЅСЊ СЃРїР°СЃР°С‚РµР»СЏ', '', ''),
(572, '27.12.1979', 'Р’РІРѕРґ СЃРѕРІРµС‚СЃРєРёС… РІРѕР№СЃРє РІ РђС„РіР°РЅРёСЃС‚Р°РЅ', '', ''),
(573, '28.12.1895', 'РћС‚РєСЂС‹С‚РёРµ Р»СѓС‡РµР№ Р РµРЅС‚РіРµРЅР°', '', ''),
(574, '28.12.1925', 'СѓРјРµСЂ РЎРµСЂРіРµР№ Р•СЃРµРЅРёРЅ', '', ''),
(575, '29.12', 'РјРµР¶РґСѓРЅР°СЂРѕРґРЅС‹Р№ РґРµРЅСЊ Р±РёРѕР»РѕРіРёС‡РµСЃРєРѕРіРѕ СЂР°Р·РЅРѕРѕР±СЂР°Р·РёСЏ', '', ''),
(576, '30.12.1922', 'РґРµРЅСЊ РѕР±СЂР°Р·РѕРІР°РЅРёСЏ РЎРѕСЋР·Р° РЎРѕРІРµС‚СЃРєРёС… РЎРѕС†РёР°Р»РёСЃС‚РёС‡РµСЃРєРёС… Р РµСЃРїСѓР±Р»РёРє', '', ''),
(577, '30.12.1924', 'РџСЂРёРЅСЏС‚РёРµ РљРѕРЅСЃС‚РёС‚СѓС†РёРё РЎРЎРЎР ', '', ''),
(578, '31.12', 'РІ РЇРїРѕРЅРёРё РєР°РЅСѓРЅ РќРѕРІРѕРіРѕ РіРѕРґР°.', '', '');

-- --------------------------------------------------------

--
-- РЎС‚СЂСѓРєС‚СѓСЂР° С‚Р°Р±Р»РёС†С‹ `hours_kind_type`
--

CREATE TABLE IF NOT EXISTS `hours_kind_type` (
  `id` int(11) NOT NULL auto_increment,
  `name` varchar(100) character set utf8 collate utf8_unicode_ci NOT NULL default '',
  `comment` varchar(100) character set utf8 collate utf8_unicode_ci NOT NULL default '',
  PRIMARY KEY  (`id`)
) ENGINE=MyISAM  DEFAULT CHARSET=latin1 COMMENT='С‚РёРїС‹ РЅР°РіСЂСѓР·РєРё' AUTO_INCREMENT=6 ;

--
-- Р”Р°РјРї РґР°РЅРЅС‹С… С‚Р°Р±Р»РёС†С‹ `hours_kind_type`
--

INSERT INTO `hours_kind_type` (`id`, `name`, `comment`) VALUES
(1, 'РѕСЃРЅРѕРІРЅР°СЏ', ''),
(2, 'РґРѕРїРѕР»РЅРёС‚РµР»СЊРЅР°СЏ', ''),
(3, 'РЅР°РґР±Р°РІРєР°', ''),
(4, 'РїРѕС‡Р°СЃРѕРІРєР°', '');

-- --------------------------------------------------------

--
-- РЎС‚СЂСѓРєС‚СѓСЂР° С‚Р°Р±Р»РёС†С‹ `izdan_type`
--

CREATE TABLE IF NOT EXISTS `izdan_type` (
  `id` int(11) NOT NULL auto_increment,
  `name_short` varchar(10) collate cp1251_bin NOT NULL default '',
  `name` varchar(40) collate cp1251_bin NOT NULL default '',
  `comment` varchar(150) collate cp1251_bin NOT NULL,
  PRIMARY KEY  (`id`)
) ENGINE=MyISAM  DEFAULT CHARSET=cp1251 COLLATE=cp1251_bin COMMENT='С‚РёРїС‹_РёР·РґР°РЅРёР№' AUTO_INCREMENT=27 ;

--
-- Р”Р°РјРї РґР°РЅРЅС‹С… С‚Р°Р±Р»РёС†С‹ `izdan_type`
--

INSERT INTO `izdan_type` (`id`, `name_short`, `name`, `comment`) VALUES
(1, 'РњРѕРЅРѕРі.', 'РњРѕРЅРѕРіСЂР°С„РёСЏ', ''),
(2, 'РЈС‡РµР±.', 'РЈС‡РµР±РЅРёРє', ''),
(3, 'Р–СѓСЂРЅР°Р»', 'Р–СѓСЂРЅР°Р»', ''),
(12, 'РЎС‚.РјРµР¶', 'РЎС‚Р°С‚СЊРё РёР· РјРµР¶РІСѓР·РѕРІСЃРєРѕРіРѕ СЃР±РѕСЂ.', ''),
(13, 'РЎС‚.РЅС‚СЂ', 'РЎС‚Р°С‚СЊРё РёР· СЃР±РѕСЂРЅРёРєР° РЅР°СѓС‡.С‚СЂСѓРґРѕРІ', ''),
(14, 'РЎС‚.Р·Рё', 'РЎС‚Р°С‚СЊРё РІ Р·Р°СЂСѓР±РµР¶РЅС‹С… РёР·РґР°РЅРёСЏС…', ''),
(15, 'Р”.СЂРѕСЃ.', 'Р”РѕРєР»Р°Рґ СЂРѕСЃСЃ.РєРѕРЅС„.', ''),
(16, 'Р”.СЂРµРі.', 'Р”РѕРєР»Р°Рґ СЂРµРіРёРѕРЅ.РєРѕРЅС„РµСЂ.', ''),
(17, 'Р”.РјРµР¶.', 'Р”РѕРєР»Р°Рґ РјРµР¶Рґ.РєРѕРЅС„РµСЂ.', ''),
(18, 'Рў.СЂРѕСЃ.', 'РўРµР·РёСЃС‹ РґРѕРєР».СЂРѕСЃСЃ.РєРѕРЅС„.', ''),
(19, 'Рў.СЂРµРі.', 'РўРµР·РёСЃС‹ РЅР° СЂРµРіРёРѕРЅ.РєРѕРЅС„.', ''),
(20, 'Рў.РјРµР¶.', 'РўРµР·РёСЃС‹ РґРѕРєР». РЅР° РјРµР¶Рґ. РєРѕРЅС„.', ''),
(21, 'Р­Р’Рњ,РїС‚', 'РџСЂРѕРіСЂ.РґР»СЏ Р­Р’Рњ Рё РїР°С‚РµРЅС‚С‹', ''),
(22, 'РњРЈ,Р»Р°Р±', 'РњРµС‚РѕРґ.СѓРєР°Р·Р°РЅРёСЏ, РїР»Р°РЅС‹, Р»Р°Р±.СЂР°Р±', ''),
(23, 'Р­', 'Р­Р»РµРєС‚СЂРѕРЅРЅС‹Рµ РїСѓР±Р»РёРєР°С†РёРё', ''),
(24, 'РїСЂРѕС‡РёРµ', 'РљРЅРёРіРё, Р±СЂРѕС€СЋСЂС‹', ''),
(25, 'РЈС‡. РїРѕСЃРѕР±.', 'РЈС‡РµР±РЅРѕРµ РїРѕСЃРѕР±РёРµ', ''),
(26, 'Р–СѓСЂРЅР°Р» Р’РђРљ', 'Р–СѓСЂРЅР°Р» СЂРµРєРѕРјРµРЅРґРѕРІР°РЅРЅС‹Р№ Р’РђРљ', '');

-- --------------------------------------------------------

--
-- РЎС‚СЂСѓРєС‚СѓСЂР° С‚Р°Р±Р»РёС†С‹ `kadri`
--

CREATE TABLE IF NOT EXISTS `kadri` (
  `id` int(1) NOT NULL auto_increment,
  `photo` varchar(100) collate cp1251_bin NOT NULL default '' COMMENT 'С„РѕС‚Рѕ',
  `fio` varchar(60) character set cp1251 NOT NULL COMMENT 'Р¤РРћ',
  `fio_short` varchar(50) character set cp1251 NOT NULL COMMENT 'Р¤РРћ РєСЂР°С‚РєРѕ',
  `pol` int(1) NOT NULL default '0' COMMENT 'ID РїРѕР»Р°',
  `passp_seria` varchar(15) character set latin1 NOT NULL default '' COMMENT 'РїР°СЃСЃРїРѕСЂС‚ СЃРµСЂРёСЏ',
  `passp_nomer` varchar(10) character set latin1 NOT NULL default '' COMMENT 'РїР°СЃСЃРїРѕСЂС‚ РЅРѕРјРµСЂ',
  `passp_place` varchar(100) collate cp1251_bin NOT NULL default '' COMMENT 'РїР°СЃСЃРїРѕСЂС‚ РјРµСЃС‚Рѕ РІС‹РґР°С‡Рё',
  `passp_date` varchar(10) collate cp1251_bin NOT NULL default '' COMMENT 'РїР°СЃСЃРїРѕСЂС‚ РґР°С‚Р° РІС‹РґР°С‡Рё',
  `date_rogd` varchar(10) character set latin1 NOT NULL default '' COMMENT 'РґР°С‚Р° СЂРѕР¶РґРµРЅРёСЏ',
  `INN` varchar(12) collate cp1251_bin NOT NULL default '' COMMENT 'РРќРќ',
  `insurance_num` varchar(20) collate cp1251_bin NOT NULL default '' COMMENT 'СЃС‚СЂР°С…РѕРІРѕР№ РЅРѕРјРµСЂ',
  `language1` int(1) NOT NULL default '0' COMMENT 'ID РёРЅРѕСЃС‚СЂР°РЅРЅС‹Р№ СЏР·С‹Рє РїРµСЂРІС‹Р№',
  `language2` int(1) NOT NULL default '0' COMMENT 'ID РёРЅРѕСЃС‚СЂР°РЅРЅС‹Р№ СЏР·С‹Рє РІС‚РѕСЂРѕР№',
  `work_place` varchar(60) collate cp1251_bin NOT NULL default '' COMMENT 'РјРµСЃС‚Рѕ СЂР°Р±РѕС‚С‹',
  `dolgnost` int(1) NOT NULL default '0' COMMENT 'ID РґРѕР»Р¶РЅРѕСЃС‚Рё',
  `zvanie` int(1) NOT NULL default '0' COMMENT 'ID Р·РІР°РЅРёСЏ',
  `stepen` int(1) NOT NULL default '0' COMMENT 'ID СЃС‚РµРїРµРЅРё',
  `add_work` varchar(100) collate cp1251_bin NOT NULL default '' COMMENT 'РјРµСЃС‚Рѕ СЂР°Р±РѕС‚С‹',
  `tel_work` varchar(20) collate cp1251_bin NOT NULL default '' COMMENT 'С‚РµР»РµС„РѕРЅ СЂР°Р±РѕС‡РёР№',
  `add_home` varchar(100) collate cp1251_bin NOT NULL default '' COMMENT 'Р°РґСЂРµСЃ РґРѕРјР°С€РЅРёР№',
  `tel_home` varchar(20) collate cp1251_bin NOT NULL default '' COMMENT 'С‚РµР»РµС„РѕРЅ РґРѕРјР°С€РЅРёР№',
  `e_mail` varchar(50) collate cp1251_bin NOT NULL default '' COMMENT 'СЌР»РµРєС‚СЂРѕРЅРЅР°СЏ РїРѕС‡С‚Р°',
  `site` varchar(50) collate cp1251_bin NOT NULL default '' COMMENT 'РёРЅС‚РµСЂРЅРµС‚ СЃР°Р№С‚',
  `stag_ugatu` char(3) collate cp1251_bin NOT NULL default '' COMMENT 'СЃС‚Р°Р¶ РІ РЈР“РђРўРЈ',
  `stag_pps` char(3) collate cp1251_bin NOT NULL default '' COMMENT 'СЃС‚Р°Р¶ РџРџРЎ',
  `stag_itogo` char(3) collate cp1251_bin NOT NULL default '' COMMENT 'СЃС‚Р°Р¶ РѕР±С‰РёР№',
  `din_nauch_kar` text collate cp1251_bin NOT NULL COMMENT 'РґРёРЅР°РјРёРєР° РЅР°СѓС‡РЅРѕР№ РєР°СЂСЊРµСЂС‹',
  `ekspert_spec` varchar(150) collate cp1251_bin NOT NULL default '' COMMENT 'СЌРєСЃРїРµСЂС‚РЅР°СЏ РѕР±Р»Р°СЃС‚СЊ',
  `ekspert_kluch_slova` text collate cp1251_bin NOT NULL COMMENT 'РєР»СЋС‡РµРІС‹Рµ СЃР»РѕРІР°',
  `nauch_eksper` text collate cp1251_bin NOT NULL COMMENT 'РѕРїС‹С‚ РЅР°СѓС‡РЅРѕР№ СЌРєСЃРїРµСЂС‚РёР·С‹',
  `prepod_rabota` text collate cp1251_bin NOT NULL COMMENT 'РѕРїС‹С‚ РїСЂРµРїРѕРґР°РІР°С‚РµР»СЊСЃРєРѕР№ СЂР°Р±РѕС‚С‹',
  `nagradi` varchar(150) collate cp1251_bin NOT NULL default '' COMMENT 'РЅР°СѓС‡РЅС‹Рµ РЅР°РіСЂР°РґС‹',
  `primech` varchar(100) collate cp1251_bin NOT NULL default '' COMMENT 'РїСЂРёРјРµС‡Р°РЅРёРµ',
  `child_cnt` int(4) NOT NULL COMMENT 'С‡РёСЃР»Рѕ РґРµС‚РµР№',
  `person_type` int(4) NOT NULL COMMENT 'С‚РёРї СѓС‡Р°СЃС‚РёСЏ РЅР° РєР°С„. (СЂРµС†РµРЅР·РµРЅС‚, РџРџРЎ, РЈР’Рџ)',
  PRIMARY KEY  (`id`),
  UNIQUE KEY `fio` (`fio`)
) ENGINE=MyISAM  DEFAULT CHARSET=cp1251 COLLATE=cp1251_bin COMMENT='РІСЃРµ_СЃРѕС‚СЂСѓРґРЅРёРєРё' AUTO_INCREMENT=202 ;

--
-- Р”Р°РјРї РґР°РЅРЅС‹С… С‚Р°Р±Р»РёС†С‹ `kadri`
--

INSERT INTO `kadri` (`id`, `photo`, `fio`, `fio_short`, `pol`, `passp_seria`, `passp_nomer`, `passp_place`, `passp_date`, `date_rogd`, `INN`, `insurance_num`, `language1`, `language2`, `work_place`, `dolgnost`, `zvanie`, `stepen`, `add_work`, `tel_work`, `add_home`, `tel_home`, `e_mail`, `site`, `stag_ugatu`, `stag_pps`, `stag_itogo`, `din_nauch_kar`, `ekspert_spec`, `ekspert_kluch_slova`, `nauch_eksper`, `prepod_rabota`, `nagradi`, `primech`, `child_cnt`, `person_type`) VALUES
(1, '', 'РРІР°РЅРѕРІ РРІР°РЅ РРІР°РЅРѕРІРёС‡', 'РРІР°РЅРѕРІ Рё.Р.', 1, '', '', '', '', '', '', '', 4, 0, '', 7, 2, 2, '450000, РЈС„Р°-С†РµРЅС‚СЂ, 450000, Рљ.РњР°СЂРєСЃР°, 12', '', '', '', '', '', '', '', '', '', '', '', '', '', '', '', 0, 1),
(2, '', 'РџРµС‚СЂРѕРІ РџРµС‚СЂ РџРµС‚СЂРѕРІРёС‡', 'РџРµС‚СЂРѕРІ Рџ.Рџ.', 1, '', '', '', '', '', '', '', 4, 0, '', 6, 1, 1, '', '', '', '', '', '', '', '', '', '', '', '', '', '', '', '', 0, 1),
(3, '', 'РЎРёРґРѕСЂРѕРІ РЎРёРґСЂ РЎРёРґРѕСЂРѕРІРёС‡', 'РЎРёРґРѕСЂРѕРІ РЎ.РЎ.', 1, '', '', '', '', '', '', '', 4, 0, '', 6, 1, 1, '450000, РЈС„Р°-С†РµРЅС‚СЂ, Рљ.РњР°СЂРєСЃР°, 12', '', '', '', '', '', '', '', '', '', '', '', '', '', '', '', 0, 1);

-- --------------------------------------------------------

--
-- РЎС‚СЂСѓРєС‚СѓСЂР° С‚Р°Р±Р»РёС†С‹ `language`
--

CREATE TABLE IF NOT EXISTS `language` (
  `id` int(11) NOT NULL auto_increment,
  `name` varchar(20) collate cp1251_bin NOT NULL default '',
  `comment` varchar(150) collate cp1251_bin NOT NULL,
  PRIMARY KEY  (`id`)
) ENGINE=MyISAM  DEFAULT CHARSET=cp1251 COLLATE=cp1251_bin COMMENT='РёРЅ_СЏР·С‹РєРё' AUTO_INCREMENT=7 ;

--
-- Р”Р°РјРї РґР°РЅРЅС‹С… С‚Р°Р±Р»РёС†С‹ `language`
--

INSERT INTO `language` (`id`, `name`, `comment`) VALUES
(4, 'РЅРµС‚ РґР°РЅРЅС‹С…', ''),
(1, 'Р°РЅРіР»РёР№СЃРєРёР№', ''),
(2, 'РЅРµРјРµС†РєРёР№', ''),
(3, 'С„СЂР°РЅС†СѓР·СЃРєРёР№', '');

-- --------------------------------------------------------

--
-- РЎС‚СЂСѓРєС‚СѓСЂР° С‚Р°Р±Р»РёС†С‹ `levels`
--

CREATE TABLE IF NOT EXISTS `levels` (
  `id` int(11) NOT NULL auto_increment,
  `name` varchar(100) collate cp1251_bin NOT NULL default '',
  `comment` varchar(200) collate cp1251_bin NOT NULL default '',
  PRIMARY KEY  (`id`)
) ENGINE=MyISAM  DEFAULT CHARSET=cp1251 COLLATE=cp1251_bin AUTO_INCREMENT=12 ;

--
-- Р”Р°РјРї РґР°РЅРЅС‹С… С‚Р°Р±Р»РёС†С‹ `levels`
--

INSERT INTO `levels` (`id`, `name`, `comment`) VALUES
(1, '3', ''),
(2, '4', ''),
(3, '5', ''),
(4, 'РјР°РіРёСЃС‚СЂС‹ 1- РіРѕРґ', ''),
(5, 'РјР°РіРёСЃС‚СЂС‹ 2-Р№ РіРѕРґ', ''),
(6, '2', ''),
(7, '1', ''),
(11, '0', '');

-- --------------------------------------------------------

--
-- РЎС‚СЂСѓРєС‚СѓСЂР° С‚Р°Р±Р»РёС†С‹ `orders_dep_type`
--

CREATE TABLE IF NOT EXISTS `orders_dep_type` (
  `id` int(11) NOT NULL auto_increment COMMENT 'ID С‚РёРїР° РїСЂРёРєР°Р·Р°',
  `name` varchar(100) collate cp1251_bin NOT NULL default '' COMMENT 'РЅР°РёРјРµРЅРѕРІР°РЅРёРµ С‚РёРїР°',
  `comment` varchar(200) collate cp1251_bin NOT NULL default '' COMMENT 'РєРѕРјРјРµРЅС‚Р°СЂРёР№ С‚РёРїР°',
  PRIMARY KEY  (`id`)
) ENGINE=MyISAM  DEFAULT CHARSET=cp1251 COLLATE=cp1251_bin COMMENT='С‚РёРї РїСЂРёРєР°Р·Р° РїРѕ РєР°С„РµРґСЂРµ\\РІСѓР·Сѓ' AUTO_INCREMENT=10 ;

--
-- Р”Р°РјРї РґР°РЅРЅС‹С… С‚Р°Р±Р»РёС†С‹ `orders_dep_type`
--

INSERT INTO `orders_dep_type` (`id`, `name`, `comment`) VALUES
(1, 'Р¤РЎРќ', ''),
(2, 'Рћ', ''),
(3, 'Рђ', ''),
(4, 'РЎРў', ''),
(5, 'Рќ', ''),
(6, 'Рљ', ''),
(7, 'Рџ', ''),
(8, 'СЂР°СЃРїРѕСЂСЏР¶РµРЅРёРµ', ''),
(9, 'Рљ ( РЈР’Рџ )', '');

-- --------------------------------------------------------

--
-- РЎС‚СЂСѓРєС‚СѓСЂР° С‚Р°Р±Р»РёС†С‹ `order_type`
--

CREATE TABLE IF NOT EXISTS `order_type` (
  `id` int(11) NOT NULL auto_increment,
  `name` varchar(20) collate cp1251_bin NOT NULL default '' COMMENT 'РЅР°РёРјРµРЅРѕРІР°РЅРёРµ',
  `comment` varchar(100) collate cp1251_bin NOT NULL default '' COMMENT 'РєРѕРјРјРµРЅС‚Р°СЂРёР№',
  PRIMARY KEY  (`id`)
) ENGINE=MyISAM  DEFAULT CHARSET=cp1251 COLLATE=cp1251_bin COMMENT='С‚РёРї_РїСЂРёРєР°Р·Р°_РћРљ' AUTO_INCREMENT=4 ;

--
-- Р”Р°РјРї РґР°РЅРЅС‹С… С‚Р°Р±Р»РёС†С‹ `order_type`
--

INSERT INTO `order_type` (`id`, `name`, `comment`) VALUES
(1, 'РЅРµС‚ РґР°РЅРЅС‹С…', ''),
(2, 'РѕСЃРЅРѕРІРЅРѕР№', ''),
(3, 'СЃРѕРІРјРµСЃС‚РёС‚РµР»СЊСЃС‚РІРѕ', '');

-- --------------------------------------------------------

--
-- РЎС‚СЂСѓРєС‚СѓСЂР° С‚Р°Р±Р»РёС†С‹ `order_type_money`
--

CREATE TABLE IF NOT EXISTS `order_type_money` (
  `id` int(11) NOT NULL auto_increment,
  `name` varchar(20) collate cp1251_bin NOT NULL default '' COMMENT 'РЅР°РёРјРµРЅРѕРІР°РЅРёРµ',
  `comment` varchar(100) collate cp1251_bin NOT NULL default '' COMMENT 'РєРѕРјРјРµРЅС‚Р°СЂРёР№',
  PRIMARY KEY  (`id`)
) ENGINE=MyISAM  DEFAULT CHARSET=cp1251 COLLATE=cp1251_bin COMMENT='С‚РёРї_СЃСЂРµРґСЃС‚РІ_РїСЂРёРєР°Р·Р°_РћРљ' AUTO_INCREMENT=5 ;

--
-- Р”Р°РјРї РґР°РЅРЅС‹С… С‚Р°Р±Р»РёС†С‹ `order_type_money`
--

INSERT INTO `order_type_money` (`id`, `name`, `comment`) VALUES
(2, 'Р±СЋРґР¶РµС‚РЅС‹Рµ', 'Р±СЋРґР¶РµС‚РЅС‹Рµ СЃСЂРµРґСЃС‚РІР° Р¤РћРў'),
(3, 'РІРЅРµР±СЋРґР¶РµС‚РЅС‹Рµ', 'РІРЅРµР±СЋРґР¶РµС‚РЅС‹Рµ СЃСЂРµРґСЃС‚РІР° Р¤РћРў'),
(1, 'РЅРµС‚ РґР°РЅРЅС‹С…', 'РЅРµС‚ РґР°РЅРЅС‹С…'),
(4, 'РґРѕРїРѕР»РЅРёС‚РµР»СЊРЅРѕ', 'РґРѕРїРѕР»РЅРёС‚РµР»СЊРЅРѕ');

-- --------------------------------------------------------

--
-- РЎС‚СЂСѓРєС‚СѓСЂР° С‚Р°Р±Р»РёС†С‹ `person_types`
--

CREATE TABLE IF NOT EXISTS `person_types` (
  `id` int(4) NOT NULL auto_increment,
  `name` varchar(255) character set cp1251 collate cp1251_bin NOT NULL,
  `name_short` varchar(150) character set cp1251 collate cp1251_bin NOT NULL,
  `comment` varchar(255) character set cp1251 collate cp1251_bin NOT NULL,
  PRIMARY KEY  (`id`)
) ENGINE=MyISAM  DEFAULT CHARSET=utf8 COLLATE=utf8_unicode_ci COMMENT='С‚РёРї СѓС‡Р°СЃС‚РёСЏ РЅР° РєР°С„. (СЂРµС†РµРЅР·РµРЅС‚, РџРџРЎ, РЈР’Рџ)' AUTO_INCREMENT=11 ;

--
-- Р”Р°РјРї РґР°РЅРЅС‹С… С‚Р°Р±Р»РёС†С‹ `person_types`
--

INSERT INTO `person_types` (`id`, `name`, `name_short`, `comment`) VALUES
(1, 'РїСЂРѕС„РµСЃСЃРѕСЂСЃРєРѕ-РїСЂРµРїРѕРґР°РІР°С‚РµР»СЊСЃРєРёР№ СЃРѕСЃС‚Р°РІ', 'РџРџРЎ', ''),
(2, 'СЂРµС†РµРЅР·РµРЅС‚', 'СЂРµС†РµРЅР·РµРЅС‚', ''),
(3, 'СѓС‡РµР±РЅРѕ-РІСЃРїРѕРјРѕРіР°С‚РµР»СЊРЅС‹Р№ РїРµСЂСЃРѕРЅР°Р»', 'РЈР’Рџ', ''),
(4, 'РїСЂРѕС‡РµРµ', 'РїСЂРѕС‡РµРµ', ''),
(5, 'СЂРµС†РµРЅР·РµРЅС‚-РїСЂРµРїРѕРґР°РІР°С‚РµР»СЊ', 'СЂРµС†РµРЅР·РµРЅС‚-РџРџРЎ', ''),
(6, 'Р°СЃРїРёСЂР°РЅС‚', 'Р°СЃРїРёСЂР°РЅС‚', ''),
(7, 'Р°СЃРїРёСЂР°РЅС‚-РџРџРЎ', 'Р°СЃРїРёСЂР°РЅС‚-РџРџРЎ', ''),
(9, 'СЂСѓРєРѕРІРѕРґРёС‚РµР»СЊ РґРёРїР»РѕРјР° РЅРµ СЃ РєР°С„РµРґСЂС‹ РђРЎРЈ', 'СЂСѓРєРѕРІРѕРґРёС‚РµР»СЊ РґРёРїР»РѕРјР°', '');

-- --------------------------------------------------------

--
-- РЎС‚СЂСѓРєС‚СѓСЂР° С‚Р°Р±Р»РёС†С‹ `pol`
--

CREATE TABLE IF NOT EXISTS `pol` (
  `id` int(1) NOT NULL auto_increment,
  `name` varchar(10) character set koi8r collate koi8r_bin NOT NULL default '',
  `comment` varchar(150) NOT NULL,
  PRIMARY KEY  (`id`)
) ENGINE=MyISAM  DEFAULT CHARSET=latin1 COMMENT='РїРѕР»' AUTO_INCREMENT=5 ;

--
-- Р”Р°РјРї РґР°РЅРЅС‹С… С‚Р°Р±Р»РёС†С‹ `pol`
--

INSERT INTO `pol` (`id`, `name`, `comment`) VALUES
(1, 'РјСѓР¶СЃРєРѕР№', ''),
(2, 'Р¶РµРЅСЃРєРёР№', '');

-- --------------------------------------------------------

--
-- РЎС‚СЂСѓРєС‚СѓСЂР° С‚Р°Р±Р»РёС†С‹ `pract_places`
--

CREATE TABLE IF NOT EXISTS `pract_places` (
  `id` int(4) NOT NULL auto_increment,
  `name` varchar(150) collate utf8_unicode_ci NOT NULL COMMENT 'РЅР°Р·РІР°РЅРёРµ РїСЂРµРґРїСЂРёСЏС‚РёСЏ РєСЂР°С‚РєРѕ',
  `name_short` varchar(150) collate utf8_unicode_ci NOT NULL COMMENT 'РЅР°Р·РІР°РЅРёРµ РїСЂРµРґРїСЂРёСЏС‚РёСЏ РїРѕР»РЅРѕ',
  `town_id` int(4) NOT NULL COMMENT 'РіРѕСЂРѕРґ РїСЂР°РєС‚РёРєРё',
  `comment` varchar(150) collate utf8_unicode_ci NOT NULL,
  PRIMARY KEY  (`id`)
) ENGINE=MyISAM  DEFAULT CHARSET=utf8 COLLATE=utf8_unicode_ci COMMENT='Р±Р°Р·С‹ РїСЂР°РєС‚РёРєРё' AUTO_INCREMENT=235 ;

--
-- Р”Р°РјРї РґР°РЅРЅС‹С… С‚Р°Р±Р»РёС†С‹ `pract_places`
--

INSERT INTO `pract_places` (`id`, `name`, `name_short`, `town_id`, `comment`) VALUES
(5, '"РРЅР¶РµРЅРµСЂРЅРѕ-С‚РµС…РЅРёС‡РµСЃРєРёР№ С†РµРЅС‚СЂ Р°РІС‚РѕРјР°С‚РёР·Р°С†РёРё"', '', 0, '1'),
(6, '"РљРѕРјРїР°РЅРёСЏ "РђР№РўРё"', '', 0, '1'),
(230, 'РњРЈР— "Р•СЂРјРѕР»Р°РµРІСЃРєР°СЏ СЂР°Р№РѕРЅРЅР°СЏ Р±РѕР»СЊРЅРёС†Р°"', '', 1, ''),
(231, 'РћРћРћ "Р Р“РЎ-РђРєРєРѕСЂРґ"', '', 1, ''),
(232, 'РћРЎР‘ в„–7722 ', '', 1, ''),
(233, 'Р¤Р“РЈРџ "РљСѓРјРђРџРџ"', '', 1, ''),
(234, 'Р•РЎР’Рљ РћРђРћ "Р‘Р°С€СЃРїРёСЂС‚"', '', 1, '');

-- --------------------------------------------------------

--
-- РЎС‚СЂСѓРєС‚СѓСЂР° С‚Р°Р±Р»РёС†С‹ `protocol_opinions`
--

CREATE TABLE IF NOT EXISTS `protocol_opinions` (
  `id` int(11) NOT NULL auto_increment,
  `name` text character set utf8 collate utf8_unicode_ci NOT NULL COMMENT 'РЅР°РёРјРµРЅРѕРІР°РЅРёРµ',
  `comment` text collate cp1251_bin NOT NULL COMMENT 'РїСЂРёРјРµС‡Р°РЅРёРµ',
  `name_short` varchar(100) collate cp1251_bin NOT NULL default '' COMMENT 'РєСЂР°С‚РєРѕРµ РЅР°РёРјРµРЅРѕРІР°РЅРёРµ',
  PRIMARY KEY  (`id`)
) ENGINE=MyISAM  DEFAULT CHARSET=cp1251 COLLATE=cp1251_bin COMMENT='СЂРµС€РµРЅРёСЏ РїРѕ РїСЂРѕС‚РѕРєРѕР»Р°Рј РєР°С„РµРґСЂС‹' AUTO_INCREMENT=88 ;

--
-- Р”Р°РјРї РґР°РЅРЅС‹С… С‚Р°Р±Р»РёС†С‹ `protocol_opinions`
--

INSERT INTO `protocol_opinions` (`id`, `name`, `comment`, `name_short`) VALUES
(1, 'РїСЂРёРЅСЏС‚СЊ Рє СЃРІРµРґРµРЅРёСЋ', '', ''),
(2, 'СЂРµРєРѕРјРµРЅРґРѕРІР°С‚СЊ', '', ''),
(3, 'СЂРµРєРѕРјРµРЅРґРѕРІР°С‚СЊ Рє РѕС„РѕСЂРјР»РµРЅРёСЋ СЃРѕРёСЃРєР°С‚РµР»РµРј СѓС‡РµРЅРѕР№ СЃС‚РµРїРµРЅРё Рє.С‚.РЅ.', '', 'СЂРµРє.Рє РѕС„РѕСЂ.Рє.С‚.РЅ.'),
(4, 'СЂРµРєРѕРјРµРЅРґРѕРІР°С‚СЊ РјРµС‚РѕРґРёС‡РµСЃРєРѕРµ СѓРєР°Р·Р°РЅРёРµ Рє РѕРїСѓР±Р»РёРєРѕРІР°РЅРёСЋ', '', 'СЂРµРє.Рє РѕРїСѓР±Р»РёРє.'),
(5, 'РЅР°Р·РЅР°С‡РёС‚СЊ', '', ''),
(6, 'СѓС‚РІРµСЂРґРёС‚СЊ', '', ''),
(7, 'Р РµРєРѕРјРµРЅРґРѕРІР°С‚СЊ Рє РёР·РґР°РЅРёСЋ', '', ''),
(8, 'РїСЂРёРіР»Р°СЃРёС‚СЊ РљРѕРЅРµРІР° СЃ РѕС‚С‡РµС‚РѕРј РЅР° Р·Р°СЃРµРґР°РЅРёРµ РєР°С„РµРґСЂС‹', '', ''),
(9, 'РґР°С‚СЊ СЂР°Р·СЂРµС€РµРЅРёРµ Рѕ РїРµСЂРµРІРѕРґРµ', '', ''),
(10, 'РґР°С‚СЊ СЂР°Р·СЂРµС€РµРЅРёРµ Рѕ РїРµСЂРµРІРѕРґРµ', '', ''),
(11, 'РїСЂРёРіР»Р°СЃРёС‚СЊ РљРѕРЅРµРІР° СЃ РѕС‚С‡РµС‚РѕРј РЅР° Р·Р°СЃРµРґР°РЅРёРµ РєР°С„РµРґСЂС‹', '', ''),
(12, 'Р РµРєРѕРјРµРЅРґРѕРІР°С‚СЊ Рє РёР·РґР°РЅРёСЋ', '', ''),
(13, 'РёР·Р±СЂР°С‚СЊ РЅР° РєРѕРЅС„РµСЂРµРЅС†РёСЋ РЈР“РђРўРЈ 20.12.2001 СЃР»РµРґСѓСЋС‰РёС… РїСЂРµРґСЃС‚Р°РІРёС‚РµР»РµР№. 1.Р§Р°РїРєРѕРІРёС‡Р° Рђ.Рђ., 2.РљРѕР»РїР°РєРѕРІР° Р•,Р•,', '', ''),
(14, 'Р°С‚С‚РµСЃС‚РѕРІР°С‚СЊ Р°СЃРїРёСЂР°РЅС‚Р° 1РіРѕ РіРѕРґР° РѕР±СѓС‡РµРЅРёСЏ РљРѕРЅРµРІР°', '', ''),
(15, 'РђС‚С‚РµСЃС‚РѕРІР°С‚СЊ', '', ''),
(16, 'РђС‚С‚РµСЃС‚РѕРІР°С‚СЊ Р°СЃРїРёСЂР°РЅС‚Р°', '', ''),
(17, 'СЃРѕР·РґР°С‚СЊ РєРѕРјРёСЃСЃРёСЋ', '', ''),
(18, 'СЂРµРєРѕРјРµРЅРґРѕРІР°С‚СЊ РљСѓР»РёРєРѕРІР°Р“.Р“. РЅР° РґРѕР»Р¶РЅРѕСЃС‚СЊ Р·Р°РІ.РєР°С„РµРґСЂРѕР№', '', ''),
(19, 'РґР°С‚СЊ СЂРµРєРѕРјРµРЅРґР°С†РёСЋ РЅР° СЂСѓРєРѕРІРѕРґСЃС‚РІРѕ Р°СЃРїРёСЂР°РЅС‚Р°РјРё', '', ''),
(20, 'СЂРµРєРѕРјРµРЅРґРѕРІР°С‚СЊ Р“РёРЅРґСѓР»Р»РёРЅСѓРў.Рљ. Рє РёР·Р±СЂР°РЅРёСЋ РЅР° РґРѕР»Р¶РЅРѕСЃС‚СЊ РґРѕС†РµРЅС‚Р°', '', ''),
(21, 'СЂРµРєРѕРјРµРЅРґРѕРІР°С‚СЊ Рє РёР·Р±СЂР°РЅРёСЋ', '', ''),
(22, 'Р РµС€РёС‚СЊ РІ СЂР°Р±РѕС‡РµРј РїРѕСЂСЏРґРєРµ', '', ''),
(23, 'СЂР°СЃРїРѕСЂСЏР¶РµРЅРёРµ РїРѕРґРїРёСЃР°РЅРѕ', '', ''),
(24, 'Р РµРєРѕРјРµРЅРґРѕРІР°С‚СЊ СЂР°Р±РѕС‚Сѓ Рє Р·Р°С‰РёС‚Рµ', '', ''),
(25, 'Р РµРєРѕРјРµРЅРґРѕРІР°С‚СЊ РЅР° РґРѕР»Р¶РЅРѕСЃС‚СЊ РґРѕС†РµРЅС‚Р°', '', ''),
(26, 'РІРѕСЃСЃС‚Р°РЅРѕРІРёС‚СЊ РџРѕРіРѕСЂРµР»РѕРІР° Р“.Р. РІ Р°СЃРїРёСЂР°РЅС‚СѓСЂСѓ Рё РЅР°Р·РЅР°С‡РёС‚СЊ РґРѕРїРѕР»РЅ. РєРѕРЅСЃСѓР»СЊС‚Р°РЅС‚РѕРј РђСЂСЊРєРѕРІР° Р’.Р®.', '', ''),
(27, 'РїРѕРґРґРµСЂР¶Р°С‚СЊ', '', ''),
(28, 'С…РѕРґ РґРёРїР»РѕРјР° РЅРѕСЂРјР°Р»СЊРЅС‹Р№', '', ''),
(29, 'РЅР°Р·РЅР°С‡РёС‚СЊ Р“РёРЅРґСѓР»Р»РёРЅСѓРў.Рљ.', '', ''),
(30, 'РѕС‚С‡РёСЃР»РёС‚СЊ', '', ''),
(31, 'РџРѕРґРіРѕС‚РѕРІРёС‚СЊ СЃР»СѓР¶РµР±РЅСѓСЋ Р·Р°РїРёСЃРєСѓ РЅР° РёРјСЏ Р‘СѓС‚РєРёРЅР° Рѕ РїРµСЂРµРЅРѕСЃРµ СЃСЂРѕРєР° СЃРґР°С‡Рё СЌРєР·Р°РјРµРЅР° СЃ СѓРєР°Р·Р°РЅРёРµРј РїСЂРёС‡РёРЅС‹.РљР°С„', '', ''),
(32, 'СЂРµРєРѕРјРµРЅРґРѕРІР°С‚СЊ РђР»РёРјР±РµРєРѕРІР° Рђ.Р›. РІ РѕС‡РЅСѓСЋ Р°СЃРїРёСЂР°РЅС‚СѓСЂСѓ. ', '', ''),
(33, 'СЂРµРєРѕРјРµРЅРґРѕРІР°С‚СЊ РІ РѕС‡РЅСѓСЋ Р°СЃРїРёСЂР°РЅС‚СѓСЂСѓ РїРµСЂРµС‡РёСЃР»РµРЅРЅС‹С…', '', ''),
(34, 'СЂРµРєРѕРјРµРЅРґРѕРІР°С‚СЊ РЁР°СЂР°С„РµРµРІР° Рђ.РҐ. РІ РѕС‡РЅСѓСЋ Р°СЃРїРёСЂР°РЅС‚СѓСЂСѓ.', '', ''),
(35, 'СЂРµРєРѕРјРµРЅРґРѕРІР°С‚СЊ Р“РѕСЂСЋС…РёРЅР° Р’.Р’.Рё Р“Р»СѓС‰РµРЅРєРѕ Р®.Р’. РІ РѕС‡РЅСѓСЋ ', '', ''),
(36, 'СЂРµРєРѕРјРµРЅРґРѕРІР°С‚СЊ Рє РѕРїСѓР±Р»РёРєРѕРІР°РЅРёСЋ РґР°РЅРЅРѕРµ РјРµС‚.СѓРєР°Р·Р°РЅРёРµ.', '', ''),
(37, 'РєР°С„РµРґСЂР° СЂРµС€РёР»Р° РїРµСЂРµРЅРµСЃС‚Рё СЌС‚РѕС‚ РІРѕРїСЂРѕСЃ РЅР° СЃР»РµРґСѓСЋС‰РµРµ  ', '', ''),
(38, 'РєР°С„РµРґСЂР° СЂРµС€РёР»Р° РїРµСЂРµРЅРµСЃС‚Рё СЌС‚РѕС‚ РІРѕРїСЂРѕСЃ РЅР° СЃР»РµРґСѓСЋС‰РµРµ  ', '', ''),
(39, 'РїСЂРёРЅСЏС‚СЊ Рє СЃРІРµРґРµРЅРёСЋ Рё СЌС‚Рё РїСЂР°РІРёР»Р° СѓС‚РІРµСЂРґРёС‚СЊ.', '', ''),
(40, 'РёР·Р±СЂР°С‚СЊ РїСЂРѕС„РѕСЂРіРѕРј РєР°С„РµРґСЂС‹ Рє.С‚.РЅ., РґРѕС†РµРЅС‚Р° Р‘Р°Р±Р°РєР° РЎ.Р¤.', '', ''),
(41, 'Р·Р° РІС‹РґРІРёРЅСѓС‚С‹Рµ РєР°РЅРґРёРґР°С‚СѓСЂС‹ РїСЂРѕРіРѕР»РѕСЃРѕРІР°Р»Рё РІСЃРµ В«Р·Р°В» ', '', ''),
(42, 'СЂРµРєРѕРјРµРЅРґРѕРІР°С‚СЊ РњСѓСЃРёРЅР° Рў.Рќ. РЅР° РґРѕР»Р¶РЅРѕСЃС‚СЊ РґРѕС†РµРЅС‚Р°,', '', ''),
(43, 'СЂРµРєРѕРјРµРЅРґРѕРІР°С‚СЊ РЅР° РґРѕР»Р¶РЅРѕСЃС‚СЊ Р°СЃСЃ. РЁР°РІР°Р»РµРµРІСѓ Р®.Р.,  РЅР°  ', '', ''),
(44, 'СЂРµРєРѕРјРµРЅРґРѕРІР°С‚СЊ РљРѕРЅРµРІР° Рљ.Рђ. РЅР° РґРѕР»Р¶РЅРѕСЃС‚СЊ Р°СЃСЃРёСЃС‚РµРЅС‚Р°,', '', ''),
(45, 'СѓС‚РІРµСЂРґРёС‚СЊ РґР°РЅРЅС‹Рµ СЃРїРµС†РёР°Р»РёР·Р°С†РёРё', '', ''),
(46, 'РїРµСЂРµС‡РёСЃР»РµРЅРЅС‹Рµ РґРёСЃС†РёРїР»РёРЅС‹ СѓС‚РІРµСЂРґРёС‚СЊ.', '', ''),
(47, 'РїСЂРёРЅСЏС‚СЊ Рє СЃРІРµРґРµРЅРёСЋ Рё  РїСЂРѕРІРµСЃС‚Рё Р°РЅРєРµС‚РёСЂРѕРІР°РЅРёРµ,', '', ''),
(48, 'РќР°РїРёСЃР°С‚СЊ РѕР±СЉСЏСЃРЅРёС‚РµР»СЊРЅСѓСЋ', '', ''),
(49, 'Р»РµРєС†РёРё С‡РёС‚Р°РµС‚ вЂ“ Р’РёСЃСЃР°СЂРёРѕРЅРѕРІ Р’.РЎ. Р»Р°Р±.СЂР°Р±РѕС‚С‹ вЂ“ Р°СЃРїРёСЂР°РЅС‚С‹', '', ''),
(50, 'РїСЂРµРґР»РѕР¶РµРЅРёРµ РїСЂРёРЅСЏС‚СЊ, РґР°РЅРЅС‹Рµ РєР°РЅРґРёРґР°С‚СѓСЂС‹ СѓС‚РІРµСЂРґРёС‚СЊ', '', ''),
(51, 'РїСЂРµРґР»РѕР¶РµРЅРёРµ РїРѕРґРґРµСЂР¶Р°С‚СЊ', '', ''),
(52, 'РїСЂРёРіР»Р°СЃРёС‚СЊ РЅР° СЃР»РµРґСѓСЋС‰РµРµ Р·Р°СЃ. РєР°С„РµРґСЂС‹ Рє.С‚.РЅ., РґРѕС†РµРЅС‚Р°', '', ''),
(53, 'СЂРµРєРѕРјРµРЅРґРѕРІР°С‚СЊ РЅР° РґРѕР»Р¶РЅРѕСЃС‚СЊ Р°СЃСЃРёСЃС‚РµРЅС‚Р°', '', ''),
(54, 'РґРѕСЂР°Р±РѕС‚Р°С‚СЊ', '', ''),
(55, '1. Р”РёСЃСЃРµСЂС‚Р°С†РёРѕРЅРЅР°СЏ СЂР°Р±РѕС‚Р° РҐР°Р±РёР±СѓР»Р»РёРЅР° Р¤.Р . В«РРЅСЃС‚СЂСѓРјРµРЅС‚Р°Р»СЊ-', '', ''),
(56, 'РЅР°Р·РЅР°С‡РёС‚СЊ РѕС‚РІРµС‚СЃС‚РІРµРЅРЅС‹РјРё РїРѕ СЂРµР№С‚РёРЅРіСѓ РєР°С„РµРґСЂС‹: РђСЂСЊРєРѕРІР° Р’.Р®.,  РћР»РµР№РЅРёРєР° РЇ.Рђ., РЎСѓРІРѕСЂРѕРІСѓ Р’.Рђ., РЎС‚Р°СЂС†РµРІР° Р“.Р’.', '', ''),
(57, 'РѕС‚С‡РµС‚ РїРѕ Р±СЋРґР¶РµС‚Сѓ СѓС‚РІРµСЂРґРёС‚СЊ', '', ''),
(58, 'РєРѕРЅСЃСѓР»СЊС‚Р°С†РёРё РїСЂРѕРІРµСЃС‚Рё С†РµРЅС‚СЂР°Р»РёР·РѕРІР°РЅРЅРѕ РґР»СЏ СЃС‚СѓРґ. РєР°С„РµРґСЂС‹ Рё С„РёР»РёР°Р»РѕРІ РЅР° 5-РѕР№ РЅРµРґРµР»Рµ, РјРµР¶РґРёСЃС†РёРїР»РёРЅР°СЂРЅС‹Р№ СЌРєР·Р°РјРµРЅ РЅР° 6-РѕР№ РЅРµРґРµР»Рµ (СЃ 20 РїРѕ 26 РјР°СЂС‚Р°).', '', ''),
(59, 'РєРѕРЅСЃСѓР»СЊС‚Р°С†РёРё РїСЂРѕРІРµСЃС‚Рё С†РµРЅС‚СЂР°Р»РёР·РѕРІР°РЅРЅРѕ РґР»СЏ СЃС‚СѓРґ. РєР°С„РµРґСЂС‹ Рё С„РёР»РёР°Р»РѕРІ РЅР° 5-РѕР№ РЅРµРґРµР»Рµ, РјРµР¶РґРёСЃС†РёРїР»РёРЅР°СЂРЅС‹Р№ СЌРєР·Р°РјРµРЅ РЅР° 6-РѕР№ РЅРµРґРµР»Рµ (СЃ 20 РїРѕ 26 РјР°СЂС‚Р°).', '', ''),
(60, 'РїСЂРµРґР»РѕР¶РµРЅРёРµ РїСЂРёРЅСЏС‚СЊ, РѕС‚РІРµС‚СЃС‚РІРµРЅРЅРѕРјСѓ Р·Р° РЎР°Р№С‚ РєР°С„РµРґСЂС‹ Р‘Р°РґС‹РєС€РёРЅСѓ РђР№РЅСѓСЂСѓ РїСЂРёРЅСЏС‚СЊ Рє СЃРІРµРґРµРЅРёСЋ ', '', ''),
(61, 'СѓС‚РІРµСЂРґРёС‚СЊ С‚РµРјС‹', '', ''),
(62, 'СѓС‚РІРµСЂРґРёС‚СЊ Р±СЋРґР¶РµС‚ РЅР° 2006 РіРѕРґ.', '', ''),
(63, 'РїСЂРѕРіСЂР°РјРјСѓ РѕРґРѕР±СЂРёС‚СЊ', '', ''),
(64, 'РїСЂРµРґР»РѕР¶РµРЅРёРµ РїСЂРёРЅСЏС‚СЊ', '', ''),
(65, 'РЅР°Р·РЅР°С‡РёС‚ РЎСѓР»РµР№РјР°РЅРѕРІСѓ Рђ.Рњ. Р·Р°Рј.Р·Р°РІ.РєР°С„. РїРѕ СЌРєРѕРЅ. РІРѕРїСЂРѕСЃР°Рј', '', ''),
(66, 'РІС‹РґРІРёРЅСѓС‚СЊ СЃР»РµРґСѓСЋС‰РёС… РґРµР»РµРіР°С‚РѕРІ РѕС‚ РєР°С„РµРґСЂС‹: 1. РџРџРЎ вЂ“ Рє.С‚.РЅ., РґРѕС†. Р‘Р°Р±Р°РєР° РЎ.Р¤., 2. РЈР’Рџ вЂ“ РёРЅР¶. Р Р°С‰РµРїРёРЅР° РЎ.Р’. ', '', ''),
(67, 'РїСЂРёРЅСЏС‚СЊ Рє СЃРІРµРґРµРЅРёСЋ Рё СѓС‚РІРµСЂРґРёС‚СЊ СЂР°Р±РѕС‚Сѓ РїРѕ РјРµР¶.СЌРєР·-РЅСѓ.', '', ''),
(68, 'РєРѕРЅСЃСѓР»СЊС‚Р°С†РёРё РїСЂРѕРІРµСЃС‚Рё 29 РјР°СЂС‚Р°, РІ 16.00, РІ 6-203.', '', ''),
(69, 'РїСЂРѕРІРµСЃС‚Рё СЃРѕР±РµСЃРµРґРѕРІР°РЅРёРµ СЃРѕ СЃС‚СѓРґ. РњР°РєР°СЂРѕРІС‹Рј РІ СЂР°Р±РѕС‡РµРј РїРѕСЂСЏРґРєРµ.', '', ''),
(70, 'РЎСЂРѕС‡РЅРѕ Р·Р°РїРѕР»РЅРёС‚СЊ РёРЅРґРёРІРёРґСѓР°Р»СЊРЅС‹Рµ РїР»Р°РЅС‹ РґРѕ 10 СЃРµРЅС‚СЏР±СЂСЏ', '', ''),
(71, 'РќР°Р·РЅР°С‡РёС‚СЊ РєСѓСЂР°С‚РѕСЂР°РјРё: РџРР­-118 - РґРѕС†.РЇСЂС†РµРІ, РџРР­-119 - СЃС‚.РїСЂРµРї. Р”РµРјС‡РµРЅРєРѕ, РђРЎРћР-135 - РїСЂРµРї.СЃС‚Р°Р¶РµСЂ РЎРёРЅР°РіР°С‚СѓР»Р»РёРЅР° Р­.Рџ., РђРЎРћР-136 - РґРѕС†. РЎС‚Р°СЂС†РµРІСѓ Р•.Р‘., РџРР­-215 - РґРѕС†. Р‘Р°Р±Р°Рє, РџРР­-216 - РїСЂРµРї.СЃС‚Р°Р¶РµСЂ РЁРёСЂРёРЅСѓ Рњ.Рђ., РџРР­-217 -Рє.С‚.РЅ.,РґРѕС†. РљРѕРЅРµРІР° Рљ.Рђ., РђРЎРћР-233 - Рє.С‚.РЅ. РґРѕС†. Р“РѕР»РѕРІРєРёРЅ Р®.Р‘., РђРЎРћР-234 - РґРѕС†. РђР»С‹РїРѕРІ Р®.Р•.', '', ''),
(72, 'РќР°Р·РЅР°С‡РёС‚СЊ РїСЂРѕС„РѕСЂРіРѕРј РєР°С„РµРґСЂС‹ РџРѕРїРєРѕРІСѓ Р•.Р•., РїСЂРѕРіРѕР»РѕСЃРѕРІР°Р»Рё РІСЃРµ - Р·Р° ', '', ''),
(73, 'РЎСЂРѕС‡РЅРѕ Р·Р°РїРѕР»РЅРёС‚СЊ Рё СЃРґР°С‚СЊ РёРЅРґРёРІРёРґСѓР°Р»СЊРЅС‹Рµ РїР»Р°РЅС‹ РґРѕ 28 СЃРµРЅС‚СЏР±СЂСЏ', '', ''),
(74, 'Р’ СЂР°Р±РѕС‡РµРј РїРѕСЂСЏРґРєРµ СЂРµС€РёС‚СЊ СЌС‚РѕС‚ РІРѕРїСЂРѕСЃ  Рё РІС‹РЅРµСЃС‚Рё РЅР° СЃР»РµРґСѓСЋС‰РёРµ Р·Р°СЃРµРґР°РЅРёРµ РєР°С„РµРґСЂС‹', '', ''),
(75, 'РќР°Р·РЅР°С‡РёС‚СЊ РљРѕРЅРµРІР° Рљ.Рђ. Р·Р°Рј.Р·Р°РІ. РєР°С„РµРґСЂС‹ РїРѕ СЃРїРµС†РёР°Р»СЊРЅРѕСЃС‚Рё РџРР­, РїСЂРѕРіРѕР»РѕСЃРѕРІР°Р»Рё РІСЃРµ - Р·Р°. РџРѕРґРіРѕС‚РѕРІРёС‚СЊ СЂР°СЃРїРѕСЂСЏР¶РµРЅРёРµ РїРѕ РєР°С„РµРґСЂРµ', '', ''),
(76, 'РќР°Р·РЅР°С‡РёС‚СЊ РѕС‚РІРµС‚СЃС‚РІРµРЅРЅРѕРіРѕ РїРѕ РјР°РіРёСЃС‚СЂР°С‚СѓСЂРµ Рє.С‚.РЅ.,РґРѕС†. РћР»РµР№РЅРёРє РЇ.Рђ.', '', ''),
(77, 'РѕСЃС‚Р°РІРёС‚СЊ СЌС‚РѕС‚ РІРѕРїСЂРѕСЃ РІ СЂРµР¶РёРјРµ РѕР±СЃСѓР¶РґРµРЅРёСЏ', '', ''),
(78, 'РќР°Р·РЅР°С‡РёС‚СЊ Р·Р°Рј.Р·Р°РІ.РєР°С„РµРґСЂС‹ РїРѕ Р±СЋРґР¶РµС‚Сѓ Р•РЅРёРєРµРµРІР° Р .Р . РџРґРіРѕС‚РѕРІРёС‚СЊ СЂР°СЃРїРѕСЂСЏР¶РµРЅРёРµ РїРѕ РєР°С„РµРґСЂРµ.', '', ''),
(79, 'Р’ С‚РµС‡РµРЅРёРµ РЅРµРґРµР»Рё РґРѕРєСѓРјРµРЅС‚Р°Р»СЊРЅРѕ РѕС„РѕСЂРјРёС‚СЊ РІСЃРµ РєСѓСЂСЃРѕРІС‹Рµ РїСЂРѕРµРєС‚С‹ Рё РєСѓСЂСЃРѕРІС‹Рµ СЂР°Р±РѕС‚С‹. РџРѕРґРіРѕС‚РѕРІРёС‚СЊ СЂР°СЃРїРѕСЂСЏР¶РµРЅРёРµ РїРѕ РєР°С„РµРґСЂРµ Рѕ РїСЂРѕРІРµРґРµРЅРёРё РєСѓСЂСЃРѕРІС‹С… РїСЂРѕРµРєС‚РѕРІ Рѕ СЃРѕР·РґР°РЅРёРё РєРѕРјРёСЃСЃРёРё.', '', ''),
(80, 'Рє СЃР»РµРґСѓСЋС‰РµРµРјСѓ Р·Р°СЃРµРґР°РЅРёСЋ РѕРїСЂРµРґРµР»РёС‚СЊСЃСЏ', '', ''),
(81, 'Р РµРіСѓР»СЏСЂРЅРѕ РїСЂРѕРІРѕРґРёС‚СЊ СЃРµРјРёРЅР°СЂС‹.', '', ''),
(82, 'РїСЂРёРЅСЏС‚СЊ Рє СЃРІРµРґРµРЅРёСЋ Рё РїРѕРѕС‰СЂРёС‚СЊ Р»Р°Р±.РєР°С„РµРґСЂС‹ РђРЎРЈ РњР°РєР°СЂРѕРІСѓ Р•.РЎ.', '', ''),
(83, 'РїРµСЂРµРЅРµСЃС‚Рё СЌС‚РѕС‚ РІРѕРїСЂРѕСЃ РЅР° СЃР»РµРґ.Р·Р°СЃРµРґР°РЅРёРµ РєР°С„РµРґСЂС‹', '', ''),
(84, 'РџСЂРµРґР»РѕР¶РµРЅРёРµ РїСЂРёРЅСЏС‚СЊ, РїСЂРѕРіРѕР»РѕСЃРѕРІР°Р»Рё РІСЃРµ-Р·Р°. 1С‡РµР»-РІРѕР·РґРµСЂР¶Р°Р»СЃСЏ, 22 С‡РµР»РѕРІРµРєР°.', '', ''),
(85, 'С‚РµРјС‹ СѓС‚РІРµСЂРґРёС‚СЊ, СЃРїРёСЃРѕРє С‚РµРј РїСЂРёР»Р°РіР°РµС‚СЃСЏ', '', ''),
(86, 'Р’ Р±Р»РёР¶Р°Р№С€СѓСЋ РЅРµРґРµР»СЋ РїСЂРµРґСЃС‚Р°РІРёС‚СЊ РёРЅРґРёРІРёРґСѓР°Р»СЊРЅС‹Рµ РїР»Р°РЅС‹', '', ''),
(87, 'РѕРґРѕР±СЂРёС‚СЊ', '', '');

-- --------------------------------------------------------

--
-- РЎС‚СЂСѓРєС‚СѓСЂР° С‚Р°Р±Р»РёС†С‹ `pub_rate`
--

CREATE TABLE IF NOT EXISTS `pub_rate` (
  `id` int(11) NOT NULL auto_increment,
  `name_short` varchar(30) collate utf8_unicode_ci NOT NULL default '',
  `name` varchar(30) collate utf8_unicode_ci NOT NULL default '',
  `rate` double NOT NULL,
  PRIMARY KEY  (`id`)
) ENGINE=MyISAM  DEFAULT CHARSET=utf8 COLLATE=utf8_unicode_ci ROW_FORMAT=DYNAMIC COMMENT='СЂРµР№С‚РёРЅРі РёР·РґР°РЅРёР№' AUTO_INCREMENT=7 ;

--
-- Р”Р°РјРї РґР°РЅРЅС‹С… С‚Р°Р±Р»РёС†С‹ `pub_rate`
--

INSERT INTO `pub_rate` (`id`, `name_short`, `name`, `rate`) VALUES
(1, 'РџРњРЈ', 'РїРѕСЃРѕР±РёСЏ,РјРѕРЅРѕРіСЂР°С„РёСЏ', 0.5),
(2, 'РџРёРЈ РЈРњРћ', 'РїРѕСЃРѕР±РёРµ РёР»Рё СѓС‡РµР±РЅРёРє', 1),
(3, 'РЎС‚Р°С‚', 'РЎС‚Р°С‚СЊРё', 0.02),
(4, 'РЎС‚Р°С‚ Р’РђРљ', 'РЎС‚Р°С‚СЊРё Р’РђРљ', 0.1),
(5, 'РњРµС‚', 'РњРµС‚РѕРґРёС‡РµСЃРєРёРµ СѓРєР°Р·Р°РЅРёСЏ', 0.01),
(6, 'РЎРѕРћР Рџ', 'СЃРІРёРґРµС‚РµР»СЊСЃС‚РІРѕ Рѕ СЂРµРіРёСЃС‚СЂР°С†РёРё РїСЂ', 0.03);

-- --------------------------------------------------------

--
-- РЎС‚СЂСѓРєС‚СѓСЂР° С‚Р°Р±Р»РёС†С‹ `settings`
--

CREATE TABLE IF NOT EXISTS `settings` (
  `id` int(4) NOT NULL auto_increment,
  `year_id` int(4) NOT NULL default '0',
  `part_id` int(4) NOT NULL default '0',
  `comment` varchar(100) collate cp1251_bin NOT NULL default '0',
  `type_list` int(4) NOT NULL default '0',
  PRIMARY KEY  (`id`)
) ENGINE=MyISAM  DEFAULT CHARSET=cp1251 COLLATE=cp1251_bin COMMENT='РЅР°Р№СЃС‚СЂРѕР№РєРё РїРѕ СѓРјРѕР»С‡Р°РЅРёСЋ' AUTO_INCREMENT=3 ;

--
-- Р”Р°РјРї РґР°РЅРЅС‹С… С‚Р°Р±Р»РёС†С‹ `settings`
--

INSERT INTO `settings` (`id`, `year_id`, `part_id`, `comment`, `type_list`) VALUES
(1, 3, 2, 'РІР»РёСЏРµС‚ РЅРµ С‚РѕР»СЊРєРѕ РЅР° Р°РЅРєРµС‚Сѓ, РЅРѕ Рё РЅР° РѕС‚РѕР±СЂР°Р¶РµРЅРёРµ РІРЅРµС€РЅРµРіРѕ СЂР°СЃРїРёСЃР°РЅРёСЏ РїСЂРµРїРѕРґР°РІР°С‚РµР»РµР№', 0);

-- --------------------------------------------------------

--
-- РЎС‚СЂСѓРєС‚СѓСЂР° С‚Р°Р±Р»РёС†С‹ `specialities`
--

CREATE TABLE IF NOT EXISTS `specialities` (
  `id` int(11) NOT NULL auto_increment,
  `name` varchar(100) collate cp1251_bin NOT NULL default '',
  `comment` varchar(200) collate cp1251_bin NOT NULL default '',
  PRIMARY KEY  (`id`)
) ENGINE=MyISAM  DEFAULT CHARSET=cp1251 COLLATE=cp1251_bin COMMENT='СЃРїРµС†РёР°Р»СЊРЅРѕСЃС‚Рё' AUTO_INCREMENT=60 ;

--
-- Р”Р°РјРї РґР°РЅРЅС‹С… С‚Р°Р±Р»РёС†С‹ `specialities`
--

INSERT INTO `specialities` (`id`, `name`, `comment`) VALUES
(1, 'РђРЎРћРРЈ', ''),
(2, 'РџРР­', ''),
(3, 'Рў28', ''),
(4, 'РРЎРў', ''),
(5, 'РЎРњ', ''),
(6, 'РџРР­Рќ', ''),
(7, 'РџРР­Р', ''),
(8, 'РџРР­Рљ', ''),
(9, 'РџРР­РІ', ''),
(10, 'РџРР­Р·', ''),
(11, 'РЎРђРџР ', ''),
(12, 'Р’Рњ', ''),
(13, 'РњРР­Р·', ''),
(14, 'РњРР­', ''),
(15, 'Р‘РњРЎ', ''),
(16, 'РџРћ', ''),
(26, 'РџР‘', ''),
(24, 'РР”Рњ', ''),
(25, 'РџРР­Р‘С†', ''),
(23, 'Р‘Р', ''),
(27, 'Рњ5Р·', ''),
(28, 'РџР‘Р·', ''),
(29, 'РџР‘Р¦Р·', ''),
(30, 'РџРР­Р·Р‘С†', ''),
(31, 'РџРР­РўР·', ''),
(32, 'Рў28Рњ', ''),
(33, '05.13.01', ''),
(34, '05.13.06', ''),
(35, '05.13.10', ''),
(36, '05.13.11', ''),
(37, 'СѓРј/СЂ', ''),
(38, 'Рў10', ''),
(39, 'РРЎРўРІ', ''),
(40, 'РњРҐР·', ''),
(41, 'РћР”Р·', ''),
(42, 'РўРњР·', ''),
(44, 'РњРћРІ', ''),
(45, 'РџРР­РР·', ''),
(46, 'РђСЃРї', ''),
(47, 'РњРћ', ''),
(48, 'Р¤Рљ', ''),
(49, 'Рљ', ''),
(50, 'РџРћ4', ''),
(51, 'РџРњ', ''),
(52, 'РџРР­Рќ4РІ', ''),
(53, 'Р¤Р”Рћ', ''),
(54, 'Рў02РњС‚Рє', ''),
(55, 'Р’РњС‚', ''),
(56, 'Р¤Р”РћР·', ''),
(57, 'РџРР­ Р·Р‘С†', ''),
(58, 'РЈР', ''),
(59, '05.13.12', '');

-- --------------------------------------------------------

--
-- РЎС‚СЂСѓРєС‚СѓСЂР° С‚Р°Р±Р»РёС†С‹ `specialities_science`
--

CREATE TABLE IF NOT EXISTS `specialities_science` (
  `id` int(4) NOT NULL auto_increment,
  `name` varchar(250) collate cp1251_bin NOT NULL default '',
  `name_short` varchar(50) collate cp1251_bin NOT NULL default '' COMMENT 'РєРѕРґ СЃРїРµС†-С‚Рё РїРѕ Р’РђРљ',
  `comment` varchar(250) collate cp1251_bin NOT NULL default '',
  PRIMARY KEY  (`id`)
) ENGINE=MyISAM  DEFAULT CHARSET=cp1251 COLLATE=cp1251_bin COMMENT='РЅР°СѓС‡РЅС‹Рµ СЃРїРµС†РёР°Р»СЊРЅРѕСЃС‚Рё' AUTO_INCREMENT=5 ;

--
-- Р”Р°РјРї РґР°РЅРЅС‹С… С‚Р°Р±Р»РёС†С‹ `specialities_science`
--

INSERT INTO `specialities_science` (`id`, `name`, `name_short`, `comment`) VALUES
(1, 'РЎРёСЃС‚РµРјРЅС‹Р№ Р°РЅР°Р»РёР·, СѓРїСЂР°РІР»РµРЅРёРµ Рё РѕР±СЂР°Р±РѕС‚РєР° РёРЅС„РѕСЂРјР°С†РёРё', '05.13.01', ''),
(2, 'РђРІС‚РѕРјР°С‚РёР·Р°С†РёСЏ Рё СѓРїСЂР°РІР»РµРЅРёРµ С‚РµС…РЅРѕР»РѕРіРёС‡РµСЃРєРёРјРё РїСЂРѕС†РµСЃСЃР°РјРё Рё РїСЂРѕРёР·РІРѕРґСЃС‚РІР°РјРё', '05.13.06', ''),
(3, 'РЈРїСЂР°РІР»РµРЅРёРµ РІ СЃРѕС†РёР°Р»СЊРЅС‹С… Рё СЌРєРѕРЅРѕРјРёС‡РµСЃРєРёС… СЃРёСЃС‚РµРјР°С…', '05.13.10', ''),
(4, ' ', '05.13.12', '');

-- --------------------------------------------------------

--
-- РЎС‚СЂСѓРєС‚СѓСЂР° С‚Р°Р±Р»РёС†С‹ `sprav_in_tasks`
--

CREATE TABLE IF NOT EXISTS `sprav_in_tasks` (
  `id` int(4) NOT NULL auto_increment,
  `sprav_id` int(4) NOT NULL,
  `task_id` int(4) NOT NULL,
  `comment` varchar(150) collate utf8_unicode_ci NOT NULL,
  PRIMARY KEY  (`id`)
) ENGINE=MyISAM DEFAULT CHARSET=utf8 COLLATE=utf8_unicode_ci COMMENT='РїСЂРёРЅР°РґР»РµР¶РЅРѕСЃС‚СЊ СЃРїСЂР°РІРѕС‡РЅРёРєР°Рј Рє Р·Р°РґР°С‡Р°Рј' AUTO_INCREMENT=1 ;

--
-- Р”Р°РјРї РґР°РЅРЅС‹С… С‚Р°Р±Р»РёС†С‹ `sprav_in_tasks`
--


-- --------------------------------------------------------

--
-- РЎС‚СЂСѓРєС‚СѓСЂР° С‚Р°Р±Р»РёС†С‹ `sprav_links`
--

CREATE TABLE IF NOT EXISTS `sprav_links` (
  `id` int(4) NOT NULL auto_increment,
  `sprav_main_id` int(4) NOT NULL default '0' COMMENT 'РіСЂСѓРїРїР° СЃРїСЂР°РІРѕС‡РЅРёРєРѕРІ',
  `sprav_name` varchar(150) collate cp1251_bin NOT NULL default '' COMMENT 'РёРјСЏ СЃРїСЂР°РІРѕС‡РЅРёРєР°',
  `comment` varchar(150) collate cp1251_bin NOT NULL default '',
  `task_id` int(4) NOT NULL,
  PRIMARY KEY  (`id`)
) ENGINE=MyISAM  DEFAULT CHARSET=cp1251 COLLATE=cp1251_bin COMMENT='СЂР°СЃРїСЂРµРґРµР»РµРЅРёРµ СЃРїСЂР°РІРѕС‡РЅРёРєРѕРІ РїРѕ Рі?' AUTO_INCREMENT=27 ;

--
-- Р”Р°РјРї РґР°РЅРЅС‹С… С‚Р°Р±Р»РёС†С‹ `sprav_links`
--

INSERT INTO `sprav_links` (`id`, `sprav_main_id`, `sprav_name`, `comment`, `task_id`) VALUES
(1, 1, 'pol', 'РїРѕР»', 0),
(2, 1, 'language', 'РёРЅРѕСЃС‚СЂР°РЅРЅС‹Р№ СЏР·С‹Рє', 0),
(3, 1, 'dolgnost', 'РґРѕР»Р¶РЅРѕСЃС‚СЊ', 0),
(4, 1, 'zvanie', 'Р·РІР°РЅРёРµ', 0),
(5, 1, 'stepen', 'СѓС‡РµРЅР°СЏ СЃС‚РµРїРµРЅСЊ', 0),
(6, 1, 'person_types', 'С‚РёРї СѓС‡Р°СЃС‚РёСЏ РЅР° РєР°С„.', 0),
(7, 3, 'study_groups', 'СѓС‡РµР±РЅР°СЏ РіСЂСѓРїРїР°', 54),
(8, 3, 'levels', 'РєСѓСЂСЃ', 0),
(9, 3, 'specialities', 'СЃРїРµС†РёР°Р»СЊРЅРѕСЃС‚СЊ', 0),
(10, 3, 'subjects', 'РґРёСЃС†РёРїР»РёРЅР°', 0),
(11, 3, 'study_forms', 'С„РѕСЂРјС‹ РѕР±СѓС‡РµРЅРёСЏ', 0),
(12, 3, 'specialities_science', 'РЅР°СѓС‡РЅС‹Рµ СЃРїРµС†РёР°Р»СЊРЅРѕСЃС‚Рё', 0),
(13, 3, 'time_kind', 'РІРёРґ Р·Р°РЅСЏС‚РёСЏ', 0),
(14, 2, 'order_type_money', 'С‚РёРї СЃСЂРµРґСЃС‚РІ Р¤РћРў РћРљ', 0),
(15, 2, 'order_type', 'С‚РёРї РїСЂРёРєР°Р·Р° РћРљ', 0),
(16, 2, 'orders_dep_type', 'С‚РёРї РїСЂРёРєР°Р·Р° РїРѕ РєР°С„\\РІСѓР·Сѓ', 0),
(17, 0, 'time_intervals', 'РіРѕРґ', 61),
(18, 0, 'time_parts', 'СЃРµРјРµСЃС‚СЂ', 0),
(19, 0, 'protocol_opinions', 'СЂРµС€РµРЅРёРµ РІ РїСЂРѕС‚РѕРєРѕР»Рµ РєР°С„.', 0),
(20, 0, 'izdan_type', 'С‚РёРїС‹ РёР·РґР°РЅРёР№', 0),
(21, 0, 'filial_actions', 'РґРµР№СЃС‚РІРёСЏ РІ РєРѕРјР°РЅРґРёСЂРѕРІРєРµ', 0),
(22, 0, 'transport', 'С‚РёРї РїСЂРѕРµР·РґР° С‚СЂР°РЅСЃРїРѕСЂС‚РѕРј', 0),
(23, 0, 'filials', 'С„РёР»РёР°Р»С‹', 0),
(24, 0, 'towns', 'РіРѕСЂРѕРґ', 0),
(25, 3, 'study_marks', 'РѕС†РµРЅРєР°', 0),
(26, 3, 'study_act', 'РІРёРґ РєРѕРЅС‚СЂРѕР»СЏ', 0);

-- --------------------------------------------------------

--
-- РЎС‚СЂСѓРєС‚СѓСЂР° С‚Р°Р±Р»РёС†С‹ `sprav_main`
--

CREATE TABLE IF NOT EXISTS `sprav_main` (
  `id` int(11) NOT NULL auto_increment,
  `name` varchar(150) collate cp1251_bin NOT NULL default '',
  `name_short` varchar(100) collate cp1251_bin NOT NULL default '',
  `comment` varchar(150) collate cp1251_bin NOT NULL default '',
  PRIMARY KEY  (`id`)
) ENGINE=MyISAM  DEFAULT CHARSET=cp1251 COLLATE=cp1251_bin COMMENT='С‚РёРїС‹ СЃРїСЂР°РІРѕС‡РЅРёРєРѕРІ' AUTO_INCREMENT=4 ;

--
-- Р”Р°РјРї РґР°РЅРЅС‹С… С‚Р°Р±Р»РёС†С‹ `sprav_main`
--

INSERT INTO `sprav_main` (`id`, `name`, `name_short`, `comment`) VALUES
(1, 'СЃРѕС‚СЂСѓРґРЅРёРєРё', 'СЃРѕС‚СЂСѓРґРЅРёРєРё', ''),
(2, 'РїСЂРёРєР°Р·С‹', 'РїСЂРёРєР°Р·С‹', ''),
(3, 'СѓС‡РµР±Р°', 'СѓС‡РµР±Р°', '');

-- --------------------------------------------------------

--
-- РЎС‚СЂСѓРєС‚СѓСЂР° С‚Р°Р±Р»РёС†С‹ `stepen`
--

CREATE TABLE IF NOT EXISTS `stepen` (
  `id` int(2) NOT NULL auto_increment,
  `name` varchar(60) collate cp1251_bin NOT NULL default '',
  `comment` varchar(150) collate cp1251_bin NOT NULL,
  PRIMARY KEY  (`id`)
) ENGINE=MyISAM  DEFAULT CHARSET=cp1251 COLLATE=cp1251_bin COMMENT='СѓС‡_СЃС‚РµРїРµРЅСЊ' AUTO_INCREMENT=9 ;

--
-- Р”Р°РјРї РґР°РЅРЅС‹С… С‚Р°Р±Р»РёС†С‹ `stepen`
--

INSERT INTO `stepen` (`id`, `name`, `comment`) VALUES
(3, 'РЅРµС‚ РґР°РЅРЅС‹С…', ''),
(1, 'РєР°РЅРґРёРґР°С‚ С‚РµС…РЅРёС‡РµСЃРєРёС… РЅР°СѓРє', ''),
(2, 'РґРѕРєС‚РѕСЂ С‚РµС…РЅРёС‡РµСЃРєРёС… РЅР°СѓРє', ''),
(4, 'РґРѕРєС‚РѕСЂ СЌРєРѕРЅРѕРјРёС‡РµСЃРєРёС… РЅР°СѓРє', ''),
(5, 'РєР°РЅРґРёРґР°С‚ СЌРєРѕРЅРѕРјРёС‡РµСЃРєРёС… РЅР°СѓРє', '');

-- --------------------------------------------------------

--
-- РЎС‚СЂСѓРєС‚СѓСЂР° С‚Р°Р±Р»РёС†С‹ `students`
--

CREATE TABLE IF NOT EXISTS `students` (
  `id` int(4) NOT NULL auto_increment,
  `fio` varchar(200) character set cp1251 NOT NULL,
  `group_id` int(4) NOT NULL default '0',
  `comment` text collate cp1251_bin NOT NULL,
  `telephone` varchar(100) collate cp1251_bin NOT NULL default '',
  `bud_contract` int(4) NOT NULL default '0',
  `prev_group_ids` text collate cp1251_bin NOT NULL COMMENT 'РёСЃС‚РѕСЂРёСЏ СЃРјРµРЅС‹ РіСЂСѓРїРї',
  `stud_num` varchar(20) collate cp1251_bin NOT NULL COMMENT 'РЅРѕРјРµСЂ Р·Р°С‡РµС‚РЅРѕР№ РєРЅРёР¶РєРё',
  PRIMARY KEY  (`id`),
  UNIQUE KEY `fio` (`fio`,`group_id`)
) ENGINE=MyISAM  DEFAULT CHARSET=cp1251 COLLATE=cp1251_bin AUTO_INCREMENT=5 ;

--
-- Р”Р°РјРї РґР°РЅРЅС‹С… С‚Р°Р±Р»РёС†С‹ `students`
--

INSERT INTO `students` (`id`, `fio`, `group_id`, `comment`, `telephone`, `bud_contract`, `prev_group_ids`, `stud_num`) VALUES
(1, 'РќРёРєРёС‚РёРЅ РћР»РµРі Р’Р»Р°РґРёРјРёСЂРѕРІРёС‡', 1, '', '123456789', 0, '', '12345'),
(2, 'РЎР°С„РёРЅРѕРІ РџРµС‚СЂ РЎРµСЂРіРµРµРІРёС‡', 1, '', '', 0, '', ''),
(3, 'РђР»РµРєСЃР°РЅРґСЂРѕРІР° РџРѕР»РёРЅР° РЎРµСЂРіРµРµРІРЅР°', 3, '', '', 0, '', ''),
(4, 'РџРѕР»РёРєР°СЂРїРѕРІСЃРєР°СЏ РђРЅР¶РµР»Р° РћРЅРµРіРёРЅРѕРІРЅР°', 2, '', '', 0, '', '');

-- --------------------------------------------------------

--
-- РЎС‚СЂСѓРєС‚СѓСЂР° С‚Р°Р±Р»РёС†С‹ `study_act`
--

CREATE TABLE IF NOT EXISTS `study_act` (
  `id` int(4) NOT NULL auto_increment,
  `name` varchar(50) collate utf8_unicode_ci NOT NULL,
  `name_short` varchar(50) collate utf8_unicode_ci NOT NULL,
  `comment` varchar(150) collate utf8_unicode_ci NOT NULL,
  PRIMARY KEY  (`id`)
) ENGINE=MyISAM  DEFAULT CHARSET=utf8 COLLATE=utf8_unicode_ci AUTO_INCREMENT=16 ;

--
-- Р”Р°РјРї РґР°РЅРЅС‹С… С‚Р°Р±Р»РёС†С‹ `study_act`
--

INSERT INTO `study_act` (`id`, `name`, `name_short`, `comment`) VALUES
(1, 'СЌРєР·Р°РјРµРЅ', 'СЌРєР·', ''),
(2, 'Р·Р°С‡РµС‚', 'Р·Р°С‡', ''),
(3, 'С‚РµСЃС‚РёСЂРѕРІР°РЅРёРµ РїРѕ РґРёСЃС†РёРїР»РёРЅРµ', 'С‚РµСЃС‚', ''),
(4, 'РєРѕР»Р»РѕРєРІРёСѓРј', 'РєРѕР»Р»-Рј', ''),
(5, 'СЂР°Р·РЅРѕРµ', 'СЂР°Р·РЅРѕРµ', 'СѓСЃРїРµРІР°РµРјРѕСЃС‚СЊ РІ СЂР°РјРєР°С… Р·Р°РЅСЏС‚РёР№'),
(6, 'Р›Р°Р±РѕСЂР°С‚РѕСЂРЅР°СЏ СЂР°Р±РѕС‚Р° в„–1', 'Р›/СЂ в„–1', ''),
(7, 'Р›Р°Р±РѕСЂР°С‚РѕСЂРЅР°СЏ СЂР°Р±РѕС‚Р° в„–2', 'Р›/СЂ в„–2', ''),
(8, 'Р›Р°Р±РѕСЂР°С‚РѕСЂРЅР°СЏ СЂР°Р±РѕС‚Р° в„–3', 'Р›/СЂ  в„–3', ''),
(9, 'Р›Р°Р±РѕСЂР°С‚РѕСЂРЅР°СЏ СЂР°Р±РѕС‚Р° в„–4', 'Р›/СЂ  в„–4', ''),
(10, 'Р›Р°Р±РѕСЂР°С‚РѕСЂРЅР°СЏ СЂР°Р±РѕС‚Р° в„–5', 'Р›/СЂ  в„–5', ''),
(11, 'Р›Р°Р±РѕСЂР°С‚РѕСЂРЅР°СЏ СЂР°Р±РѕС‚Р° в„–6', 'Р›/СЂ  в„–6', ''),
(12, 'СЌРєР·Р°РјРµРЅ (РїРµСЂРІР°СЏ С‡Р°СЃС‚СЊ)', 'СЌРєР·. (РїРµСЂ. С‡Р°СЃС‚СЊ)', 'Р”Р»СЏ РґРёСЃС†РёРїР»РёРЅ РјР°С‚РµРјР°С‚РёС‡РµСЃРєРѕРіРѕ С†РёРєР»Р° Рё "РРЅС„РѕСЂРј. Рё РїСЂРѕРіСЂ.", СЃРґР°РІР°РµРјС‹С… 2 СЂР°Р·Р°'),
(14, 'СЌРєР·Р°РјРµРЅ (РІС‚РѕСЂР°СЏ С‡Р°СЃС‚СЊ)', 'СЌРєР·. (РІС‚РѕСЂ. С‡Р°СЃС‚СЊ)', 'Р”Р»СЏ РґРёСЃС†РёРїР»РёРЅ РјР°С‚РµРјР°С‚РёС‡РµСЃРєРѕРіРѕ С†РёРєР»Р° Рё "РРЅС„РѕСЂРј. Рё РїСЂРѕРіСЂ.", СЃРґР°РІР°РµРјС‹С… 2 СЂР°Р·Р°'),
(15, 'РїРµСЂРµСЃРґР°С‡Р°', 'Рї/СЃРґР°С‡Р°', '');

-- --------------------------------------------------------

--
-- РЎС‚СЂСѓРєС‚СѓСЂР° С‚Р°Р±Р»РёС†С‹ `study_forms`
--

CREATE TABLE IF NOT EXISTS `study_forms` (
  `id` int(4) NOT NULL auto_increment,
  `name` varchar(100) collate cp1251_bin NOT NULL,
  `name_short` varchar(50) collate cp1251_bin NOT NULL,
  `comment` varchar(100) collate cp1251_bin NOT NULL,
  PRIMARY KEY  (`id`)
) ENGINE=MyISAM  DEFAULT CHARSET=cp1251 COLLATE=cp1251_bin COMMENT='С„РѕСЂРјС‹ РѕР±СѓС‡РµРЅРёСЏ' AUTO_INCREMENT=4 ;

--
-- Р”Р°РјРї РґР°РЅРЅС‹С… С‚Р°Р±Р»РёС†С‹ `study_forms`
--

INSERT INTO `study_forms` (`id`, `name`, `name_short`, `comment`) VALUES
(1, 'РѕС‡РЅР°СЏ', 'РѕС‡.', ''),
(2, 'Р·Р°РѕС‡РЅР°СЏ', 'Р·Р°РѕС‡.', ''),
(3, 'РѕС‡РЅРѕ-Р·Р°РѕС‡РЅР°СЏ', 'РІРµС‡.', '');

-- --------------------------------------------------------

--
-- РЎС‚СЂСѓРєС‚СѓСЂР° С‚Р°Р±Р»РёС†С‹ `study_groups`
--

CREATE TABLE IF NOT EXISTS `study_groups` (
  `id` int(11) NOT NULL auto_increment,
  `name` varchar(100) character set cp1251 NOT NULL,
  `comment` varchar(200) character set cp1251 NOT NULL,
  `man_cnt` varchar(10) collate cp1251_bin NOT NULL default '',
  `speciality_id` int(4) default NULL COMMENT 'СЃРїРµС†РёР°Р»СЊРЅРѕСЃС‚СЊ',
  `head_student_id` int(4) NOT NULL default '0' COMMENT 'СЃС‚Р°СЂРѕСЃС‚Р° РіСЂСѓРїРїС‹',
  `year_id` int(4) NOT NULL default '0' COMMENT 'СѓС‡РµР±РЅС‹Р№ РіРѕРґ',
  PRIMARY KEY  (`id`)
) ENGINE=MyISAM  DEFAULT CHARSET=cp1251 COLLATE=cp1251_bin COMMENT='СѓС‡_РіСЂСѓРїРїС‹' AUTO_INCREMENT=52 ;

--
-- Р”Р°РјРї РґР°РЅРЅС‹С… С‚Р°Р±Р»РёС†С‹ `study_groups`
--

INSERT INTO `study_groups` (`id`, `name`, `comment`, `man_cnt`, `speciality_id`, `head_student_id`, `year_id`) VALUES
(1, 'РџРћ-223', '', '', NULL, 0, 3),
(2, 'РџРР­ 1 РєСѓСЂСЃ', '', '', 2, 0, 3),
(3, 'РџРР­Рќ 2 РєСѓСЂСЃ', '', '', 2, 0, 3);

-- --------------------------------------------------------

--
-- РЎС‚СЂСѓРєС‚СѓСЂР° С‚Р°Р±Р»РёС†С‹ `study_marks`
--

CREATE TABLE IF NOT EXISTS `study_marks` (
  `id` int(11) NOT NULL auto_increment,
  `name` varchar(100) collate cp1251_bin NOT NULL default '',
  `name_short` varchar(100) collate cp1251_bin NOT NULL default '',
  `comment` varchar(100) collate cp1251_bin NOT NULL default '',
  PRIMARY KEY  (`id`)
) ENGINE=MyISAM  DEFAULT CHARSET=cp1251 COLLATE=cp1251_bin AUTO_INCREMENT=11 ;

--
-- Р”Р°РјРї РґР°РЅРЅС‹С… С‚Р°Р±Р»РёС†С‹ `study_marks`
--

INSERT INTO `study_marks` (`id`, `name`, `name_short`, `comment`) VALUES
(1, 'РѕС‚Р»РёС‡РЅРѕ', '5', ''),
(2, 'С…РѕСЂРѕС€Рѕ', '4', ''),
(3, 'СѓРґРѕРІР»РµС‚РІРѕСЂРёС‚РµР»СЊРЅРѕ', '3', ''),
(4, 'РЅРµСѓРґРѕРІР»РµС‚РІРѕСЂРёС‚РµР»СЊРЅРѕ', '2', ''),
(5, 'Р·Р°С‡РµС‚', 'Р·Р°С‡', ''),
(6, 'РЅРµ Р·Р°С‡РµС‚', 'РЅРµ Р·Р°С‡.', ''),
(7, 'РїСЂРёСЃСѓС‚СЃС‚РІРёРµ', 'РїСЂРёСЃСѓС‚СЃС‚РІРёРµ', ''),
(8, 'РѕС‚СЃСѓС‚СЃС‚РІРёРµ', 'РѕС‚СЃСѓС‚СЃС‚РІРёРµ', ''),
(9, 'РІС‹РїРѕР»РЅРµРЅРѕ', 'РІС‹РїРѕР»РЅРµРЅРѕ', ''),
(10, 'РЅРµ РІС‹РїРѕР»РЅРµРЅРѕ', 'РЅРµ РІС‹РїРѕР»РЅРµРЅРѕ', '');

-- --------------------------------------------------------

--
-- РЎС‚СЂСѓРєС‚СѓСЂР° С‚Р°Р±Р»РёС†С‹ `subjects`
--

CREATE TABLE IF NOT EXISTS `subjects` (
  `id` int(4) NOT NULL auto_increment,
  `name` varchar(200) collate cp1251_bin NOT NULL default '0',
  `name_short` varchar(50) collate cp1251_bin NOT NULL default '',
  `comment` varchar(200) collate cp1251_bin NOT NULL default '',
  PRIMARY KEY  (`id`)
) ENGINE=MyISAM  DEFAULT CHARSET=cp1251 COLLATE=cp1251_bin COMMENT='РґРёСЃС†РёРїР»РёРЅС‹' AUTO_INCREMENT=144 ;

--
-- Р”Р°РјРї РґР°РЅРЅС‹С… С‚Р°Р±Р»РёС†С‹ `subjects`
--

INSERT INTO `subjects` (`id`, `name`, `name_short`, `comment`) VALUES
(114, 'РђРІС‚РѕРјР°С‚РёР·РёСЂРѕРІР°РЅРЅР°СЏ РїРѕРґРґРµСЂР¶РєР° СЂРµС€РµРЅРёР№ РІ РРЈРЎ', '', ''),
(2, 'РђРІС‚РѕРјР°С‚РёР·РёСЂРѕРІР°РЅРЅРѕРµ СѓРїСЂР°РІР»РµРЅРёРµ РїСЂРµРґРїСЂРёСЏС‚РёРµРј', 'РђРЈРџ', ''),
(3, 'РђРІС‚РѕРјР°С‚РёР·РёСЂРѕРІР°РЅРЅС‹Рµ СЃРёСЃС‚РµРјС‹ СѓРїСЂР°РІР»РµРЅРёСЏ Рё СЃРІСЏР·СЊ', 'РђРЎРЈ Рё СЃРІСЏР·СЊ', ''),
(4, 'РђРРЎ РІ РїСЂРѕРёР·РІРѕРґСЃС‚РІРµ', 'РђРРЎ РІ РїСЂРѕРёР·РІ.', ''),
(5, 'РђРРЎ РІ СЌРєРѕРЅРѕРјРёРєРµ', 'РђРРЎ РІ СЌРє-РєРµ', ''),
(6, 'РђРЅР°Р»РёР· Рё РјРµРЅРµРґР¶РјРµРЅС‚ СЌРєРѕРЅРѕРј.РґРµСЏС‚РµР»СЊРЅРѕСЃС‚Рё', 'РђРёРњР­Р”', ''),
(7, 'РђСЃРїРёСЂР°РЅС‚С‹', 'РђСЃРї.', '1'),
(8, 'Р‘Р°Р·С‹ РґР°РЅРЅС‹С… Рё Р·РЅР°РЅРёР№', 'Р‘Р”РёР—', ''),
(9, 'Р’СЃС‚СѓРїРёС‚РµР»СЊРЅС‹Рµ СЌРєР·Р°РјРµРЅС‹ РІ Р°СЃРїРёСЂР°РЅС‚СѓСЂСѓ', 'Р’СЃС‚СѓРїРёС‚РµР»СЊРЅС‹Рµ СЌРєР·Р°РјРµРЅС‹ РІ Р°СЃРїРёСЂР°РЅС‚СѓСЂСѓ', '1'),
(10, 'Р’С‹СЃРѕРєРѕСѓСЂРѕРІРЅРµРІС‹Рµ РјРµС‚РѕРґС‹ РёРЅС„РѕСЂРјР°С‚РёРєРё Рё РїСЂРѕРіСЂР°РјРјРёСЂРѕРІР°РЅРёСЏ', 'Р’РњРРџ', ''),
(11, 'Р’С‹С‡РёСЃР»РёС‚РµР»СЊРЅС‹Рµ СЃРµС‚Рё Рё СЃРёСЃС‚РµРјС‹  С‚РµР»РµРєРѕРјРјСѓРЅРёРєР°С†РёРё', 'Р’РЎРёРЎРўРљ', ''),
(12, 'Р“РђРљ', 'Р“РђРљ', '1'),
(13, 'Р“СЂР°С„РёС‡РµСЃРєРёРµ СЃСЂРµРґСЃС‚РІР° РІ РђРРЎ', 'Р“РЎ РІ РђРРЎ', ''),
(14, 'Р“Р­Рљ', 'Р“Р­Рљ', '1'),
(15, 'Р”РёРїР»РѕРјРЅРѕРµ РїСЂРѕРµРєС‚РёСЂРѕРІР°РЅРёРµ', 'Р”Рџ', '1'),
(16, 'Р”РёСЃСЃРµСЂС‚Р°С†РёРѕРЅРЅС‹Р№ РЎРѕРІРµС‚', 'Р”РёСЃСЃРµСЂС‚. РЎРѕРІРµС‚', '1'),
(17, 'Р·Р°РјРµСЃС‚РёС‚РµР»СЊ Р·Р°РІРµРґСѓСЋС‰РµРіРѕ РєР°С„РµРґСЂРѕР№', 'Р·Р°Рј Р·Р°РІ РєР°С„', '1'),
(18, 'Р·Р°РјРµСЃС‚РёС‚РµР»СЊ РґРµРєР°РЅР°', 'Р·Р°Рј.РґРµРєР°РЅР°', '1'),
(19, 'РРјРёС‚Р°С†РёРѕРЅРЅРѕРµ РјРѕРґРµР»РёСЂРѕРІР°РЅРёРµ СЌРєРѕРЅРѕРјРёС‡РµСЃРєРёС… РїСЂРѕС†РµСЃСЃРѕРІ', 'РРњР­Рџ', ''),
(20, 'РРЅС‚РµР»Р»РµРєС‚СѓР°Р»СЊРЅС‹Рµ РёРЅС„РѕСЂРјР°С†РёРѕРЅРЅС‹Рµ СЃРёСЃС‚РµРјС‹', 'РРРЎ', ''),
(21, 'РРЅС‚РµР»Р»РµРєС‚СѓР°Р»СЊРЅС‹Рµ РјРµС‚РѕРґС‹ РІ Р РђРЎРЈ Р°РІС‚РѕРјР°С‚РёР·РёСЂРѕРІР°РЅРЅР°СЏ РїРѕРґ СЂРµС€ РІ Р РђРЎРЈ', 'РРњ РІ Р РђРЎРЈ', ''),
(22, 'РРЅС„РѕСЂРјР°С†РёРѕРЅРЅС‹Рµ СЃРёСЃС‚РµРјС‹ СѓРїСЂР°РІР»РµРЅРёСЏ РґРѕРєСѓРјРµРЅС‚РѕРѕР±РѕСЂРѕС‚РѕРј РІ Р­РЎ', 'РРЎРЈР”', ''),
(23, 'РРЅС„РѕСЂРјР°С‚РёРєР° Рё РїСЂРѕРіСЂР°РјРјРёСЂРѕРІР°РЅРёРµ', 'РРёРџ', ''),
(24, 'РРЅС„РѕСЂРјР°С†РёРѕРЅРЅР°СЏ Р±РµР·РѕРїР°СЃРЅРѕСЃС‚СЊ', 'РР‘', ''),
(25, 'РРЅС„РѕСЂРјР°С†РёРѕРЅРЅС‹Рµ СЃРёСЃС‚РµРјС‹', 'РРЎ', ''),
(26, 'РРЅС„РѕСЂРјР°С†РёРѕРЅРЅС‹Рµ С‚РµС…РЅРѕР»РѕРіРёРё', 'РРў', ''),
(27, 'РРЅС„РѕСЂРјР°С†РёРѕРЅРЅС‹Рµ СѓРїСЂР°РІР»СЏСЋС‰РёРµ СЃРёСЃС‚РµРјС‹', 'РРЈРЎ', ''),
(28, 'РРЅС„РѕСЂРјР°С†РёРѕРЅРЅС‹Р№ РјРµРЅРµРґР¶РјРµРЅС‚', 'РРњ', ''),
(29, 'РРЎРЈ РґРѕРєСѓРјРµРЅС‚РѕРѕР±РѕСЂРѕС‚РѕРј РІ СЌРєРѕРЅРѕРјРёС‡РµСЃРєРёС… СЃРёСЃС‚РµРјР°С…', 'РРЎРЈР”', ''),
(30, 'РСЃСЃР»РµРґРѕРІР°РЅРёРµ СЃРёСЃС‚РµРј СѓРїСЂР°РІР»РµРЅРёСЏ', 'РСЃРЎРЈ', ''),
(31, 'РљР°С‚РµРіРѕСЂРЅС‹Р№ Р°РЅР°Р»РёР· Р»РѕРіРёРєРё', 'РљРђРЅР›', ''),
(32, 'РљРРЎ СѓРїСЂР°РІР»РµРЅРёСЏ РїСЂРµРґРїСЂРёСЏС‚РёРµРј', 'РљРРЎРЈРџ', ''),
(33, 'РљРѕРјРїСЊСЋС‚РµСЂРЅР°СЏ РіСЂР°С„РёРєР°', 'РљР“', ''),
(34, 'РљРѕСЂРїРѕСЂР°С‚РёРІРЅС‹Рµ Рё РіР»РѕР±Р°Р»СЊРЅС‹Рµ СЃРµС‚Рё РІ РРЈРЎ', 'РљРёР“РЎ РІ РРЈРЎ', ''),
(35, 'Р›Р’РЎ Рё СЂР°СЃРїСЂРµРґРµР»РµРЅРЅР°СЏ РѕР±СЂР°Р±РѕС‚РєР° РёРЅС„РѕСЂРјР°С†РёРё', 'Р›Р’РЎРёР РћР', ''),
(36, 'РњР°СЂРєРµС‚РёРЅРі', 'РњР°СЂРє-Рі', ''),
(37, 'РњР°С‚РµРјР°С‚РёС‡РµСЃРєР°СЏ СЌРєРѕРЅРѕРјРёРєР°', 'РњР°С‚.СЌРє-РєР°', ''),
(38, 'РњРµР¶РґРёСЃС†РёРїР»РёРЅР°СЂРЅС‹Р№ СЌРєР·Р°РјРµРЅ', 'РњРµР¶.РґРёСЃ.', ''),
(39, 'РњРµС‚РѕРґС‹ РќРўРў', 'РњРµС‚РѕРґС‹ РќРўРў', ''),
(40, 'РњРµС‚СЂРѕР»РѕРіРёСЏ, СЃС‚Р°РЅРґР°СЂС‚РёР·Р°С†РёСЏ, СЃРµСЂС‚РёС„РёРєР°С†РёСЏ', 'РњРЎРЎ', ''),
(41, 'РњРёРєСЂРѕРїСЂРѕС†РµСЃСЃРѕСЂРЅС‹Рµ СЃРёСЃС‚РµРјС‹ СѓРїСЂР°РІР»РµРЅРёСЏ', 'РњРЎРЈ', ''),
(42, 'РњРёСЂРѕРІС‹Рµ РёРЅС„РѕСЂРјР°С†РёРѕРЅРЅС‹Рµ СЂРµСЃСѓСЂСЃС‹', 'РњРР ', ''),
(43, 'РњРёСЂРѕРІС‹Рµ РёРЅС„РѕСЂРјР°С†РёРѕРЅРЅС‹Рµ СЃРёСЃС‚РµРјС‹', 'РњРР ', ''),
(44, 'РњРѕРґРµР»РёСЂРѕРІР°РЅРёРµ РѕРїРµСЂР°С†РёР№ Р°РЅР°Р»РёС‚РёС‡РµСЃРєРѕР№ РґРµСЏС‚РµР»СЊРЅРѕСЃС‚Рё', 'РњРћРђР”', ''),
(45, 'РњРѕРґРµР»РёСЂРѕРІР°РЅРёРµ СЃРёСЃС‚РµРј', 'РњРЎ', ''),
(46, 'РњСѓР»СЊС‚РёРјРµРґРёР№РЅС‹Рµ С‚РµС…РЅРѕР»РѕРіРёРё РІ internet', 'РњРў РІ internet', ''),
(47, 'РќР°РґРµР¶РЅРѕСЃС‚СЊ, СЌСЂРіРѕРЅРѕРјРёРєР°, РєР°С‡РµСЃС‚РІРѕ РђРЎРћРРЈ', 'РќР­Рљ РђРЎРћРРЈ', ''),
(48, 'РќР°Р»РѕРіРѕРѕР±Р»РѕР¶РµРЅРёРµ', 'РќР°Р»РѕРіРѕРѕР±Р».', ''),
(49, 'РќРѕСЂРјРѕРєРѕРЅС‚СЂРѕР»СЊ', 'РќРѕСЂРјРѕРєРѕРЅС‚СЂРѕР»СЊ', ''),
(50, 'РћР±СЉРµРєС‚РЅРѕ-РѕСЂРёРµРЅС‚РёСЂРѕРІР°РЅРЅС‹Р№ Р°РЅР°Р»РёР·', 'РћРћРђ', ''),
(51, 'РћРїРµСЂР°С†РёРѕРЅРЅС‹Рµ СЃРёСЃС‚РµРјС‹, СЃСЂРµРґС‹ Рё РѕР±РѕР»РѕС‡РєРё', 'РћРЎРЎРћ', ''),
(52, 'РћСЂРіР°РЅРёР·Р°С†РёСЏ Рё РїР»Р°РЅРёСЂРѕРІР°РЅРёРµ РїСЂРѕРёР·РІРѕРґСЃС‚РІР° РЅР° РїСЂРµРґРїСЂРёСЏС‚РёРё', 'РћРџРџРџ', ''),
(53, 'РћСЂРіР°РЅРёР·Р°С†РёСЏ Р­Р’Рњ Рё СЃРёСЃС‚РµРј', 'РћСЂРі. Р­Р’Рњ Рё СЃРёСЃС‚.', ''),
(54, 'РћСЃРЅРѕРІС‹ Р±РёР·РЅРµСЃР°', 'РћР‘', ''),
(55, 'РћСЃРЅРѕРІС‹ РїРѕСЃС‚СЂРѕРµРЅРёСЏ РРЎРђРЈ Рё РђРЎРџР ', 'РћРџ РРЎРђРЈ Рё РђРЎРџР ', ''),
(56, 'РћСЃРЅРѕРІС‹ С‚РµРѕСЂРёРё Р±РёРѕС‚РµС…РЅРёС‡РµСЃРєРёС… СЃРёСЃС‚РµРј', 'РћРўР‘РЎ', ''),
(57, 'РћСЃРЅРѕРІС‹ С‚РµРѕСЂРёРё СѓРїСЂР°РІР»РµРЅРёСЏ', 'РћРўРЈ', ''),
(58, 'РћСЃРЅРѕРІС‹ С‚РµС…РЅРѕР»РѕРіРёР№ РёРЅС„РѕСЂРјР°С†РёРѕРЅРЅРѕР№ РїРѕРґРґРµСЂР¶РєРё СЃРёСЃС‚ РјРµРЅРµРґР¶ РєР°С‡РµСЃС‚РІР°', 'РћРўРРџ', ''),
(59, 'РџСЂР°РІРѕРІС‹Рµ РёРЅС„РѕСЂРјР°С†РёРѕРЅРЅРѕ-СЃРїСЂР°РІРѕС‡РЅС‹Рµ СЃРёСЃС‚РµРјС‹', 'РџРРЎРЎ', ''),
(60, 'РџСЂРµРґРґРёРїР»РѕРјРЅР°СЏ РїСЂР°РєС‚РёРєР°', 'РџРџ', '1'),
(61, 'РџСЂРµРґРјРµС‚РЅРѕ-РѕСЂРёРµРЅС‚РёСЂРѕРІР°РЅРЅС‹Рµ СЌРєРѕРЅРѕРјРёС‡РµСЃРєРёРµ РёРЅС„РѕСЂРјР°С†РёРѕРЅРЅС‹Рµ СЃРёСЃС‚РµРјС‹', 'РџРћР­РРЎ', ''),
(62, 'РџСЂРёРµРј РєР°РЅРґРёРґР°С‚СЃРєРёС… СЌРєР·Р°РјРµРЅРѕРІ', 'РџРљР­', '1'),
(63, 'РџСЂРѕРµРєС‚РёСЂРѕРІР°РЅРёРµ РђРЎРћРРЈ', 'РџСЂРѕРµРєС‚РёСЂ. РђРЎРћРРЈ', ''),
(64, 'РџСЂРѕРµРєС‚РёСЂРѕРІР°РЅРёРµ РђРЎРЈ РўРџ', 'РџСЂРѕРµРєС‚РёСЂ. РђРЎРЈ РўРџ', ''),
(65, 'РџСЂРѕРµРєС‚РёСЂРѕРІР°РЅРёРµ РёРЅС„РѕСЂРјР°С†РёРѕРЅРЅС‹С… СЃРёСЃС‚РµРј РІ СЌРєРѕРЅРѕРјРёРєРµ', 'РџРРЎ', ''),
(66, 'РџСЂРѕРёР·РІРѕРґСЃС‚РІРµРЅРЅР°СЏ РїСЂР°РєС‚РёРєР°', 'РџСЂРѕРёР·РІ. РїСЂР°РєС‚.', '1'),
(67, 'РџСЃРёС…РѕР»РѕРіРёСЏ РѕР±С‰РµРЅРёСЏ', 'РџСЃРёС…РѕР»РѕРіРёСЏ РѕР±С‰РµРЅРёСЏ', ''),
(68, 'РџСЃРёС…РѕР»РѕРіРёСЏ СѓРїСЂР°РІР»РµРЅРёСЏ', 'РџСЃРёС…РѕР»РѕРіРёСЏ СѓРїСЂР°РІР»РµРЅРёСЏ', ''),
(69, 'Р Р°Р·СЂР°Р±РѕС‚РєР° Рё СЃС‚Р°РЅРґР°СЂС‚РёР·Р°С†РёСЏ РџРЎ РРў', 'Р РЎ РџРЎ РРў', ''),
(70, 'Р СѓРєРѕРІРѕРґСЃС‚РІРѕ Р°СЃРїРёСЂР°РЅС‚Р°РјРё', 'Р СѓРє-РІРѕ Р°СЃРїРёСЂР°РЅС‚Р°РјРё', '1'),
(71, 'Р СѓРєРѕРІРѕРґСЃС‚РІРѕ РєР°С„РµРґСЂРѕР№', 'Р СѓРє-РІРѕ РєР°С„.', '1'),
(72, 'Р СѓРєРѕРІРѕРґСЃС‚РІРѕ РјР°РіРёСЃС‚СЂР°РЅС‚Р°РјРё', 'Р СѓРє-РІРѕ РјР°РіРёСЃС‚СЂР°РјРё', '1'),
(73, 'РЎРµС‚РµРІР°СЏ СЌРєРѕРЅРѕРјРёРєР°', 'РЎР­', ''),
(74, 'РЎРµС‚РµРІС‹Рµ С‚РµС…РЅРѕР»РѕРіРёРё', 'РЎРў', ''),
(75, 'РЎРµС‚Рё Р­Р’Рњ Рё С‚РµР»РµРєРѕРјРјСѓРЅРёРєР°С†РёРё', 'РЎРµС‚Рё Р­Р’Рњ Рё С‚РµР»РµРєРѕРј-С†РёРё', ''),
(76, 'РЎРёСЃС‚РµРјС‹ РёСЃРєСѓСЃСЃС‚РІРµРЅРЅРѕРіРѕ РёРЅС‚РµР»Р»РµРєС‚Р°', 'РЎРР', ''),
(77, 'РЎРёСЃС‚РµРјС‹ СѓРїСЂР°РІР»РµРЅРёСЏ РєР°С‡РµСЃС‚РІРѕРј РІ РїСЂРѕРёР·РІРѕРґСЃС‚РІРµ', 'РЎРёСЃС‚.РЈРљ РІ РїСЂРѕРёР·-РІРµ', ''),
(78, 'РЎРёСЃС‚РµРјРЅРѕРµ РјРѕРґРµР»РёСЂРѕРІР°РЅРёРµ Рё CASE-С‚РµС…РЅРѕР»РѕРіРёРё', 'РЎРњ Рё CASE-С‚РµС…РЅ.', ''),
(79, 'РЎРёСЃС‚РµРјРЅРѕРµ РїСЂРѕРіСЂР°РјРјРЅРѕРµ РѕР±РµСЃРїРµС‡РµРЅРёРµ', 'РЎРџРћ', ''),
(80, 'РЎРёСЃС‚РµРјРЅС‹Р№ Р°РЅР°Р»РёР· Рё РёСЃСЃР»РµРґРѕРІР°РЅРёРµ РѕРїРµСЂР°С†РёР№', 'РЎРђРРћ', ''),
(81, 'РЎРёСЃС‚РµРјС‹ СЂРµР°Р»СЊРЅРѕРіРѕ РІСЂРµРјРµРЅРё', 'РЎР Р’', ''),
(82, 'РЎРёСЃС‚РµРјС‹ СѓРїСЂР°РІР»РµРЅРёСЏ РєР°С‡РµСЃС‚РІРѕРј РІ РїСЂРѕРёР·РІРѕРґСЃС‚РІРµ', 'РЎРёСЃС‚. РЈРљ РІ РїСЂРѕРёР·-РІРµ', ''),
(83, 'РЎРѕРІСЂРµРјРµРЅРЅС‹Рµ РїСЂРѕР±Р»РµРјС‹ РёРЅС„РѕСЂРј Рё РІС‹С‡РёСЃР»РёС‚РµР»СЊРЅРѕР№ С‚РµС…РЅРёРєРё', 'РЎРџРРёР’Рў', ''),
(84, 'РЎС‚Р°С‚РёСЃС‚РёРєР°', 'РЎС‚Р°С‚РёСЃС‚РёРєР°', ''),
(85, 'РЎРЈР‘Р” Рё РёС… РїСЂРёРјРµРЅРµРЅРёРµ РІ РРЈРЎ', 'РЎРЈР‘Р” Рё РёС… РїСЂРёРј. РІ РРЈРЎ', ''),
(86, 'РЎС…РµРјРѕС‚РµС…РЅРёРєР° Р­Р’Рњ', 'РЎС…РµРјРѕС‚РµС…РЅРёРєР° Р­Р’Рњ', ''),
(87, 'РўРµРѕСЂРёС‚РёС‡РµСЃРєРёРµ РѕСЃРЅРѕРІС‹ Р°РІС‚РѕРјР°С‚РёР·РёСЂРѕРІР°РЅРЅРѕРіРѕ СѓРїСЂР°РІР»РµРЅРёСЏ', 'РўРћРђРЈ', ''),
(88, 'РўРµРѕСЂРёСЏ Р±РёРѕС‚РµС…РЅРёС‡РµСЃРєРёС… СЃРёСЃС‚РµРј', 'РўР‘РЎ', ''),
(89, 'РўРµРѕСЂРёСЏ РѕРїС‚РёРјР°Р»СЊРЅРѕРіРѕ СѓРїСЂР°РІР»РµРЅРёСЏ', 'РўРћРџ', ''),
(90, 'РўРµРѕСЂРёСЏ РїСЂРёРЅСЏС‚РёСЏ СЂРµС€РµРЅРёР№', 'РўРџР ', ''),
(91, 'РўРµРѕСЂРёСЏ СЃРёСЃС‚РµРј Рё СЃРёСЃС‚РµРјРЅС‹Р№ Р°РЅР°Р»РёР·', 'РўРЎРёРЎРђ', ''),
(92, 'РўРµРѕСЂРёСЏ СЌРєРѕРЅРѕРјРёС‡РµСЃРєРёС… РёРЅС„РѕСЂРјР°С†РёРѕРЅРЅС‹С… СЃРёСЃС‚РµРј', 'РўР­РРЎ', ''),
(93, 'РўРµС…РЅРѕР»РѕРіРёРё С…СЂР°РЅРёР»РёС‰ РґР°РЅРЅС‹С… РјРЅРѕРіРѕРјРµСЂРЅРѕРіРѕ OLAP-Р°РЅР°Р»РёР·Р°', 'РўРҐР”Рњ OLAP-Р°РЅ-Р·Р°', ''),
(94, 'РўРµРѕСЂРµС‚РёС‡РµСЃРєРёРµ РѕСЃРЅРѕРІС‹ РёРЅС„РѕСЂРјР°С†РёРѕРЅРЅС‹С… РїСЂРѕС†РµСЃСЃРѕРІ', 'РўРћРРџ', ''),
(95, 'РўРµС…РЅРёРєРѕ-СЌРєРѕРЅРѕРјРёС‡РµСЃРєРё Р°РЅР°Р»РёР· РґРµСЏС‚РµР»СЊРЅРѕСЃС‚Рё РїСЂРµРґРїСЂРёСЏС‚РёСЏ', 'РўР­Рђ РґРµСЏС‚ РїСЂРµРґРїСЂ.', ''),
(96, 'РЈРїСЂР°РІР»РµРЅРёРµ РІ Р±РёРѕР»РѕРіРёС‡РµСЃРєРёС… Рё РјРµРґРёС†РёРЅСЃРєРёС… СЃРёСЃС‚РµРјР°С…', 'РЈРїСЂ. РІ Р±РёРѕР»РѕРі. Рё РјРµРґ. СЃРёСЃС‚.', ''),
(97, 'РЈРїСЂР°РІР»РµРЅРёРµ РїСЂРѕРµРєС‚Р°РјРё', 'РЈРџ', ''),
(98, 'РЈРїСЂР°РІР»РµРЅРёРµ РїСЂРѕРјС‹С€Р»РµРЅРЅРѕСЃС‚СЊСЋ СЂРµРіРёРѕРЅР°', 'РЈРџР ', ''),
(99, 'РЈРїСЂР°РІР»РµРЅРёРµ СЌРєРѕРЅРѕРјРёРєРѕР№ СЂРµРіРёРѕРЅР°', 'РЈР­Р ', ''),
(100, 'РЈРїСЂР°РІР»РµРЅС‡РµСЃРєРёРµ СЂРµС€РµРЅРёСЏ', 'РЈР ', ''),
(101, 'Р§РёСЃР»РµРЅРЅС‹Рµ РјРµС‚РѕРґС‹ СЂРµС€РµРЅРёСЏ РёРЅР¶РµРЅРµСЂРЅС‹С… Р·Р°РґР°С‡', 'Р§РњР РР—', ''),
(102, 'Р­РєРѕРЅРѕРјРµС‚СЂРёРєР°', 'Р­РєРѕРЅРѕРјРµС‚СЂРёРєР°', ''),
(103, 'Р­РєРѕРЅРѕРјРёРєРѕ-РјР°С‚РµРјР°С‚РёС‡РµСЃРєРёРµ РјРµС‚РѕРґС‹ Р°РЅР°Р»РёР·Р° С…РѕР·. РґРµСЏС‚РµР»СЊРЅРѕСЃС‚Рё', 'Р­РњРњРђРҐР”', ''),
(108, 'РЎРёСЃС‚РµРјС‹ СЂРµР°Р»СЊРЅРѕРіРѕ РІСЂРµРјРµРЅРё РІ СЌРєРѕРЅРѕРјРёРєРµ', 'РЎР Р’ РІ СЌРєРѕРЅРѕРјРёРєРµ', ''),
(109, 'РћРїРµСЂР°С†РёРѕРЅРЅС‹Рµ СЃРёСЃС‚РµРјС‹', 'РћРЎ', ''),
(110, 'Р‘Р°Р·С‹ РґР°РЅРЅС‹С…', 'Р‘Р”', ''),
(111, 'РЈРїСЂР°РІР»РµРЅРёРµ РєР°С‡РµСЃС‚РІРѕРј', 'РЈРљ', ''),
(112, 'CASE-С‚РµС…РЅРѕР»РѕРіРёРё РїСЂРѕРµРєС‚РёСЂРѕРІР°РЅРёСЏ РРЈРЎ', '', ''),
(113, 'РРЅС‚РµР»Р»РµРєС‚СѓР°Р»СЊРЅС‹Рµ РјРµС‚РѕРґС‹ РІ РРЈРЎ', '', ''),
(116, 'РњРµРЅРµРґР¶РјРµРЅС‚ РёРЅРЅРѕРІР°С†РёР№', 'РњР', ''),
(117, 'Р¤Р°РєСѓР»СЊС‚Р°С‚РёРІ', '', ''),
(118, 'РљРѕРЅСЃР°Р»С‚РёРЅРі РїСЂРё Р°РІС‚РѕРјР°С‚РёР·Р°С†РёРё РїСЂРµРґРїСЂРёСЏС‚РёСЏ', 'РљРђРџ', ''),
(119, 'РРЅС„РѕСЂРјР°С†РёРѕРЅРЅС‹Рµ С‚РµС…РЅРѕР»РѕРіРёРё РІ РѕР±СѓС‡РµРЅРёРё', 'РРў РІ РѕР±СѓС‡', ''),
(120, 'РљРѕРјРїСЊСЋС‚РµСЂРЅС‹Рµ С‚РµС…РЅРѕР»РѕРіРёРё РІ РѕР±СѓС‡РµРЅРёРё', 'РљРў РІ РѕР±СѓС‡', ''),
(121, 'РљРѕРјРїСЊСЋС‚РµСЂРЅС‹Рµ С‚РµС…РЅРѕР»РѕРіРёРё РѕР±СѓС‡РµРЅРёСЏ', 'РљРўРћ', ''),
(122, 'РРЅС„РѕСЂРјР°С†РёРѕРЅРЅС‹Рµ С‚РµС…РЅРѕР»РѕРіРёРё РѕР±СѓС‡РµРЅРёСЏ', 'РРўРћ', ''),
(123, 'РџСЂРѕРіСЂР°РјРјРёСЂРѕРІР°РЅРёРµ', 'РџСЂРѕРіСЂР°РјРјРёСЂРѕРІР°РЅРёРµ', ''),
(124, 'РРЅС„РѕСЂРјР°С†РёРѕРЅРЅС‹Рµ СЃРёСЃС‚РµРјС‹ РІ Р±Р°РЅРєРѕРІСЃРєРѕР№ РґРµСЏС‚РµР»СЊРЅРѕСЃС‚Рё', 'РРЎ РІ Р±Р°РЅРє. РґРµСЏС‚-С‚Рё', ''),
(125, 'РћР±С‰Р°СЏ С‚РµРѕСЂРёСЏ СЃРёСЃС‚РµРј', 'РћРўРЎ', ''),
(126, 'РРЅС„РѕСЂРјР°С‚РёРєР°', 'РРЅС„РѕСЂРјР°С‚РёРєР°', ''),
(127, 'РЎРѕРІСЂРµРјРµРЅРЅС‹Рµ РїСЂРѕР±Р»РµРјС‹ РЅР°СѓРєРё Рё РїСЂРѕРёР·РІРѕРґСЃС‚РІР°', 'РЎРџРќРџ', ''),
(128, 'Р­Р»РµРєС‚СЂРѕРЅРёРєР°', 'Р­Р»РµРєС‚СЂРѕРЅРёРєР°', ''),
(129, 'РРЅС„РѕСЂРјР°С†РёРѕРЅРЅС‹Рµ СЃРёСЃС‚РµРјС‹ СѓРїСЂР°РІР»РµРЅРёСЏ РґРѕРєСѓРјРµРЅС‚РѕРѕР±РѕСЂРѕС‚РѕРј', 'РРЎРЈР”', ''),
(130, 'РРЅР¶РµРЅРµСЂРЅР°СЏ Рё РєРѕРјРїСЊСЋС‚РµСЂРЅР°СЏ РіСЂР°С„РёРєР°', 'РРљР“', ''),
(131, 'РРЅР¶РµРЅРµСЂРЅР°СЏ Рё РєРѕРјРїСЊСЋС‚РµСЂРЅР°СЏ РіСЂР°С„РёРєР°', 'РРљР“', ''),
(132, 'РРЅС‚РµР»Р»РµРєС‚СѓР°Р»СЊРЅС‹Р№ РёРЅС‚РµСЂС„РµР№СЃ С‡РµР»РѕРІРµРє-РјР°С€РёРЅР°', 'РРР§Рњ', ''),
(133, 'РќР°РґС‘Р¶РЅРѕСЃС‚СЊ РёРЅС„РѕСЂРјР°С†РёРѕРЅРЅС‹С… СЃРёСЃС‚РµРј', 'РќРРЎ', ''),
(134, 'Р”РµР»РѕРІРѕРµ РѕР±С‰РµРЅРёРµ', 'Р”Рћ', ''),
(135, 'РљРРЎ РІ Р±Р°РЅРєР°С…', 'РљРРЎ РІ Р±Р°РЅРєР°С…', ''),
(136, 'РўРµРѕСЂРёСЏ РјРЅРѕР¶РµСЃС‚РІ Рё РјР°С‚. Р»РѕРіРёРєР°', 'РўРњРњР›', ''),
(137, 'РРЅС„РѕСЂРјР°С†РёРѕРЅРЅС‹Рµ СЃРёСЃС‚РµРјС‹ РІ СЌРєРѕРЅРѕРјРёРєРµ', 'РРЎР­', ''),
(138, 'РЎРЈР‘Р” Рё РёС… РїСЂРёРјРµРЅРµРЅРёРµ', 'РЎРЈР‘Р” Рё РёС… РїСЂРёРј.', ''),
(139, 'CASE-С‚РµС…РЅРѕР»РѕРіРёРё Рё РїСЂРѕРµРєС‚РёСЂРѕРІР°РЅРёРµ Р±Р°Р· РґР°РЅРЅС‹С…', 'CASE-С‚РµС…РЅ. Рё РїСЂРѕРµРєС‚. Р‘Р”', ''),
(140, 'РўРµРѕСЂРёСЏ Рё РјРµС‚РѕРґРѕР»РѕРіРёСЏ Р‘Р”', 'РўРњР‘Р”', ''),
(141, 'OLAP-С‚РµС…РЅРѕР»РѕРіРёРё Рё С…СЂР°РЅРёР»РёС‰Р° РґР°РЅРЅС‹С…', 'OLAP-С‚РµС…РЅ. Рё РҐР”', ''),
(142, 'РРЅС‚РµСЂРЅРµС‚-С‚РµС…РЅРѕР»РѕРіРёСЏ РІ Р‘Р” РЅР° РѕСЃРЅРѕРІРµ ASP', 'РРЅС‚РµСЂРЅРµС‚-С‚РµС…РЅ. РІ Р‘Р” РЅР° РѕСЃРЅ. ASP', ''),
(143, 'РћРїРёРјРёР·Р°С†РёСЏ РїСЂРѕРёР·РІРѕРґРёС‚РµР»СЊРЅРѕСЃС‚Рё Рё Р°РґРј. Р‘Р”', 'РћРїРёРјРёР·. РїСЂРѕРёР·РІ. Рё Р°РґРј. Р‘Р”', '');

-- --------------------------------------------------------

--
-- РЎС‚СЂСѓРєС‚СѓСЂР° С‚Р°Р±Р»РёС†С‹ `time_intervals`
--

CREATE TABLE IF NOT EXISTS `time_intervals` (
  `id` int(11) NOT NULL auto_increment,
  `name` varchar(100) collate cp1251_bin NOT NULL default '',
  `comment` varchar(200) collate cp1251_bin NOT NULL default '',
  `date_start` datetime default NULL,
  `date_end` datetime default NULL,
  PRIMARY KEY  (`id`)
) ENGINE=MyISAM  DEFAULT CHARSET=cp1251 COLLATE=cp1251_bin COMMENT='РіРѕРґР° РґР»СЏ СѓС‡РµС‚Р°' AUTO_INCREMENT=11 ;

--
-- Р”Р°РјРї РґР°РЅРЅС‹С… С‚Р°Р±Р»РёС†С‹ `time_intervals`
--

INSERT INTO `time_intervals` (`id`, `name`, `comment`, `date_start`, `date_end`) VALUES
(1, '2006-2007', '', '2006-09-01 00:00:00', '2007-08-31 23:59:59'),
(2, '2007-2008', '', '2007-09-01 00:00:00', '2008-08-31 23:59:59'),
(3, '2008-2009', '', '2008-09-01 00:00:00', '2009-08-31 23:59:59'),
(4, '2005-2006', '', NULL, NULL),
(5, '2004-2005', '', NULL, NULL),
(6, '2003-2004', '', NULL, NULL),
(7, '2002-2003', '', NULL, NULL),
(8, '2001-2002', '', NULL, NULL),
(9, '2000-2001', '', NULL, NULL),
(10, '2009-2010', '', NULL, NULL);

-- --------------------------------------------------------

--
-- РЎС‚СЂСѓРєС‚СѓСЂР° С‚Р°Р±Р»РёС†С‹ `time_kind`
--

CREATE TABLE IF NOT EXISTS `time_kind` (
  `id` int(4) NOT NULL auto_increment,
  `name` varchar(20) character set cp1251 collate cp1251_bin NOT NULL default '',
  `comment` varchar(100) character set cp1251 collate cp1251_bin NOT NULL default '',
  PRIMARY KEY  (`id`)
) ENGINE=MyISAM  DEFAULT CHARSET=latin1 COMMENT='РІРёРґ_Р·Р°РЅСЏС‚РёСЏ' AUTO_INCREMENT=9 ;

--
-- Р”Р°РјРї РґР°РЅРЅС‹С… С‚Р°Р±Р»РёС†С‹ `time_kind`
--

INSERT INTO `time_kind` (`id`, `name`, `comment`) VALUES
(1, 'Р»/СЂ', 'Р»Р°Р±Р°'),
(2, 'Р»', 'Р»РµРєС†РёСЏ'),
(3, 'РїСЂ', 'РїСЂР°РєС‚РёРєР°'),
(4, 'РїСЂРѕРµРєС‚', 'РїСЂРѕРµРєС‚РёСЂРѕРІР°РЅРёРµ'),
(6, 'СЌРєР·', 'СЌРєР·Р°РјРµРЅ'),
(7, 'Р·Р°С‡', 'Р·Р°С‡РµС‚'),
(8, 'РєРѕРЅСЃ', 'РєРѕРЅСЃ');

-- --------------------------------------------------------

--
-- РЎС‚СЂСѓРєС‚СѓСЂР° С‚Р°Р±Р»РёС†С‹ `time_parts`
--

CREATE TABLE IF NOT EXISTS `time_parts` (
  `id` int(11) NOT NULL auto_increment,
  `name` varchar(100) collate cp1251_bin NOT NULL default '',
  `comment` varchar(200) collate cp1251_bin NOT NULL default '',
  PRIMARY KEY  (`id`)
) ENGINE=MyISAM  DEFAULT CHARSET=cp1251 COLLATE=cp1251_bin COMMENT='СЃРµРјРµСЃС‚СЂ' AUTO_INCREMENT=3 ;

--
-- Р”Р°РјРї РґР°РЅРЅС‹С… С‚Р°Р±Р»РёС†С‹ `time_parts`
--

INSERT INTO `time_parts` (`id`, `name`, `comment`) VALUES
(1, 'РѕСЃРµРЅРЅРёР№', ''),
(2, 'РІРµСЃРµРЅРЅРёР№', '');

-- --------------------------------------------------------

--
-- РЎС‚СЂСѓРєС‚СѓСЂР° С‚Р°Р±Р»РёС†С‹ `towns`
--

CREATE TABLE IF NOT EXISTS `towns` (
  `id` int(11) NOT NULL auto_increment,
  `name` varchar(150) collate cp1251_bin NOT NULL default '',
  `comment` varchar(150) collate cp1251_bin NOT NULL default '',
  PRIMARY KEY  (`id`)
) ENGINE=MyISAM  DEFAULT CHARSET=cp1251 COLLATE=cp1251_bin COMMENT='РіРѕСЂРѕРґР°' AUTO_INCREMENT=13 ;

--
-- Р”Р°РјРї РґР°РЅРЅС‹С… С‚Р°Р±Р»РёС†С‹ `towns`
--

INSERT INTO `towns` (`id`, `name`, `comment`) VALUES
(1, 'РљСѓРјРµСЂС‚Р°Сѓ', ''),
(2, 'РЈС„Р°', ''),
(3, 'Р‘Р°Р»Р°С€РёС…Р°', ''),
(4, 'РЎС‚РµСЂР»РёС‚Р°РјР°Рє', ''),
(5, 'РЎСѓСЂРіСѓС‚', ''),
(6, 'РС€РёРјР±Р°Р№', ''),
(7, 'Р‘РµР»РѕСЂРµС†Рє', ''),
(8, 'РўСѓР№РјР°Р·С‹', ''),
(9, 'РњРѕСЃРєРІР°', ''),
(10, 'РљРѕРіР°Р»С‹Рј', ''),
(11, 'РќРµС„С‚РµРєР°РјСЃРє', ''),
(12, 'РўРѕР»Р±Р°Р·С‹', '');

-- --------------------------------------------------------

--
-- РЎС‚СЂСѓРєС‚СѓСЂР° С‚Р°Р±Р»РёС†С‹ `transport`
--

CREATE TABLE IF NOT EXISTS `transport` (
  `id` int(4) NOT NULL auto_increment,
  `name` varchar(150) collate utf8_unicode_ci default NULL,
  `name_short` varchar(50) collate utf8_unicode_ci default NULL,
  `comment` varchar(150) collate utf8_unicode_ci NOT NULL,
  PRIMARY KEY  (`id`)
) ENGINE=MyISAM  DEFAULT CHARSET=utf8 COLLATE=utf8_unicode_ci COMMENT='С‚РёРї РїСЂРѕРµР·РґР° С‚СЂР°РЅСЃРїРѕСЂС‚РѕРј' AUTO_INCREMENT=6 ;

--
-- Р”Р°РјРї РґР°РЅРЅС‹С… С‚Р°Р±Р»РёС†С‹ `transport`
--

INSERT INTO `transport` (`id`, `name`, `name_short`, `comment`) VALUES
(1, 'РїРѕРµР·Рґ', 'РїРѕРµР·Рґ', ''),
(2, 'Р°РІС‚РѕР±СѓСЃ', 'Р°РІС‚РѕР±СѓСЃ', ''),
(3, 'СЃР°РјРѕР»РµС‚', '', ''),
(4, 'РїРѕРµР·Рґ, Р°РІС‚РѕР±СѓСЃ', '', ''),
(5, 'Р°РІС‚РѕРјРѕР±РёР»СЊ', '', '');

-- --------------------------------------------------------

--
-- РЎС‚СЂСѓРєС‚СѓСЂР° С‚Р°Р±Р»РёС†С‹ `users`
--

CREATE TABLE IF NOT EXISTS `users` (
  `id` int(11) NOT NULL auto_increment,
  `FIO` varchar(100) character set cp1251 collate cp1251_bin NOT NULL default '',
  `FIO_short` varchar(100) character set cp1251 collate cp1251_bin NOT NULL default '',
  `FIO_trans` varchar(100) NOT NULL default '',
  `login` varchar(50) NOT NULL default '',
  `password` varchar(50) NOT NULL default '',
  `status` varchar(20) character set cp1251 collate cp1251_bin NOT NULL default '',
  `status_eng` varchar(10) NOT NULL default '',
  `DATA` varchar(20) NOT NULL default '',
  `TIME` varchar(20) NOT NULL default '',
  `kadri_id` int(11) NOT NULL default '0',
  `role` varchar(100) NOT NULL default '',
  `last_datetime` datetime default NULL,
  `last_page` varchar(100) character set utf8 collate utf8_unicode_ci default NULL,
  `date_time` datetime NOT NULL default '0000-00-00 00:00:00' COMMENT 'РґР°С‚Р°-РІСЂРµРјСЏ Р°РІС‚РѕСЂРёР·Р°С†РёРё',
  PRIMARY KEY  (`id`),
  UNIQUE KEY `id` (`login`)
) ENGINE=MyISAM  DEFAULT CHARSET=latin1 COMMENT='РїРѕР»СЊР·РѕРІР°С‚РµР»Рё_РїРѕСЂС‚Р°Р»Р°' AUTO_INCREMENT=116 ;

--
-- Р”Р°РјРї РґР°РЅРЅС‹С… С‚Р°Р±Р»РёС†С‹ `users`
--

INSERT INTO `users` (`id`, `FIO`, `FIO_short`, `FIO_trans`, `login`, `password`, `status`, `status_eng`, `DATA`, `TIME`, `kadri_id`, `role`, `last_datetime`, `last_page`, `date_time`) VALUES
(1, 'РРІР°РЅРѕРІ РРІР°РЅ РРІР°РЅРѕРІРёС‡', 'РРІР°РЅРѕРІ Р.Р.', '!3?-1$ $!.''05+0 [.?''$+:', 'ivanov', '962fad49ecd47ba18f82832dc2637657', 'РїСЂРµРїРѕРґР°РІР°С‚РµР»СЊ', 'lect', '', '', 1, '', '0000-00-00 00:00:00', '', '0000-00-00 00:00:00'),
(2, 'РђРґРјРёРЅРёСЃС‚СЂР°С‚РѕСЂ', 'РђРґРјРёРЅРёСЃС‚СЂР°С‚РѕСЂ', '!05101$ &/+53+, $]:''4.!$1$+:', 'admin', '49d26be4d7b23b72bacd4db1cb00fa41', 'Р°РґРјРёРЅРёСЃС‚СЂР°С‚РѕСЂ', 'admin', '', '', 0, '', '0000-00-00 00:00:00', '', '0000-00-00 00:00:00'),
(3, 'РЎРёРґРѕСЂРѕРІ РЎРёРґСЂ РЎРёРґРѕСЂРѕРІРёС‡', 'РЎРёРґРѕСЂРѕРІ РЎ.РЎ.', '.]09''$ 1.''% &/+53+''$+:', 'sidorov', '8e7a824a93196945b07f9687caff4c56', 'РїСЂРµРїРѕРґР°РІР°С‚РµР»СЊ', 'lect', '', '', 3, '', '0000-00-00 00:00:00', '', '0000-00-00 00:00:00'),
(4, 'РџРµС‚СЂРѕРІ РџРµС‚СЂ РџРµС‚СЂРѕРІРёС‡', 'РџРµС‚СЂРѕРІ Рџ.Рџ.', '46.'',/!01$! !..! /!3!51$0!', 'petrov', '754fac5b23ee7b0dd5b31ac7e85cd759', 'РїСЂРµРїРѕРґР°РІР°С‚РµР»СЊ', 'lect', '', '', 2, '', '0000-00-00 00:00:00', '', '0000-00-00 00:00:00');

-- --------------------------------------------------------

--
-- РЎС‚СЂСѓРєС‚СѓСЂР° С‚Р°Р±Р»РёС†С‹ `zvanie`
--

CREATE TABLE IF NOT EXISTS `zvanie` (
  `id` int(2) NOT NULL auto_increment,
  `name` varchar(60) character set cp1251 collate cp1251_bin NOT NULL default '',
  `comment` varchar(150) NOT NULL,
  PRIMARY KEY  (`id`)
) ENGINE=MyISAM  DEFAULT CHARSET=latin1 COMMENT='Р·РІР°РЅРёРµ' AUTO_INCREMENT=7 ;

--
-- Р”Р°РјРї РґР°РЅРЅС‹С… С‚Р°Р±Р»РёС†С‹ `zvanie`
--

INSERT INTO `zvanie` (`id`, `name`, `comment`) VALUES
(3, 'РЅРµС‚ РґР°РЅРЅС‹С…', ''),
(1, 'РґРѕС†РµРЅС‚', ''),
(2, 'РїСЂРѕС„РµСЃСЃРѕСЂ', '');
