-- phpMyAdmin SQL Dump
-- version 2.6.1
-- http://www.phpmyadmin.net
-- 
-- РҐРѕСЃС‚: localhost
-- Р’СЂРµРјСЏ СЃРѕР·РґР°РЅРёСЏ: Р¤РµРІ 04 2010 Рі., 13:58
-- Р’РµСЂСЃРёСЏ СЃРµСЂРІРµСЂР°: 5.0.45
-- Р’РµСЂСЃРёСЏ PHP: 5.2.4
-- 
-- Р‘Р”: `asu_demo`
-- 

-- 
-- Р”Р°РјРї РґР°РЅРЅС‹С… С‚Р°Р±Р»РёС†С‹ `_hours_kind`
-- 


-- 
-- Р”Р°РјРї РґР°РЅРЅС‹С… С‚Р°Р±Р»РёС†С‹ `chairs`
-- 


-- 
-- Р”Р°РјРї РґР°РЅРЅС‹С… С‚Р°Р±Р»РёС†С‹ `corriculums`
-- 


-- 
-- Р”Р°РјРї РґР°РЅРЅС‹С… С‚Р°Р±Р»РёС†С‹ `cycles`
-- 


-- 
-- Р”Р°РјРї РґР°РЅРЅС‹С… С‚Р°Р±Р»РёС†С‹ `disciplines`
-- 


-- 
-- Р”Р°РјРї РґР°РЅРЅС‹С… С‚Р°Р±Р»РёС†С‹ `fact`
-- 


-- 
-- Р”Р°РјРї РґР°РЅРЅС‹С… С‚Р°Р±Р»РёС†С‹ `forms`
-- 


-- 
-- Р”Р°РјРї РґР°РЅРЅС‹С… С‚Р°Р±Р»РёС†С‹ `holidays`
-- 

INSERT INTO holidays (id, date_hol, name_hol, type_hol, comment) VALUES (1, '01.01', 0xe4e5edfc20efe0ecfff2e820e1fbebe8ededeee3ee20e1eee3e0f2fbf0ff20c8ebfce820ccf3f0eeecf6e0, '', '');
INSERT INTO holidays (id, date_hol, name_hol, type_hol, comment) VALUES (2, '01.01.1874', 0xcce0ede8f4e5f1f220ee20e2e2e5e4e5ede8e820e2f1e5eee1f9e5e920e2eee8edf1eaeee920efeee2e8ededeef1f2e820e820d3f1f2e0e220e2eee8edf1eaeee920efeee2e8ededeef1f2e8, '', '');
INSERT INTO holidays (id, date_hol, name_hol, type_hol, comment) VALUES (3, '01.01.1983', 0xcff0eef2eeeaeeeb205443502f495020e2fbe1f0e0ed20e5e4e8edf1f2e2e5ededfbec20eff0eef2eeeaebeeec20e4ebff20c8edf2e5f0ede5f2e0, '', '');
INSERT INTO holidays (id, date_hol, name_hol, type_hol, comment) VALUES (4, '02.01', 0xe220dfefeeede8e820e4e5edfc20ede0f7e0ebe020f0e0e1eef2fb2e20cff0e0e7e4ede8ea2027d8e8e3eef2ee20d5e0e4e6e8ece5272e20cee1fcffe2ebe5ed20ede5f0e0e1eef7e8ec20e4ede5ec, '', '');
INSERT INTO holidays (id, date_hol, name_hol, type_hol, comment) VALUES (5, '02.01.1969', 0xcbf3edeef5eee42027cbf3ede02d312720f1eee2e5f0f8e8eb20efeef1e0e4eaf320ede020cbf3edf3, '', '');
INSERT INTO holidays (id, date_hol, name_hol, type_hol, comment) VALUES (6, '03.01', 0xe220dfefeeede8e820e2fbf5eee4edeee920e4e5edfc, '', '');
INSERT INTO holidays (id, date_hol, name_hol, type_hol, comment) VALUES (8, '06.01', 0xd0eee6e4e5f1f2e2e5edf1eae8e920f1eef7e5ebfcede8ea, '', '');
INSERT INTO holidays (id, date_hol, name_hol, type_hol, comment) VALUES (9, '06.01', 0xe220c0ede4eef0f0e520c1eee3eeffe2ebe5ede8e52e, '', '');
INSERT INTO holidays (id, date_hol, name_hol, type_hol, comment) VALUES (10, '06.01', 0xe220c3f0e5f6e8e820c1eee3eeffe2ebe5ede8e52e, '', '');
INSERT INTO holidays (id, date_hol, name_hol, type_hol, comment) VALUES (11, '07.01', 0xd0eee6e4e5f1f2e2ee20d5f0e8f1f2eee2ee2028eff0e0e2eef1ebe0e2edeee529, '', '');
INSERT INTO holidays (id, date_hol, name_hol, type_hol, comment) VALUES (12, '07.01.1610', 0xcef2eaf0fbf2e8e520deefe8f2e5f0e020c32ec3e0ebe8ebe5e5ec, '', '');
INSERT INTO holidays (id, date_hol, name_hol, type_hol, comment) VALUES (13, '07.01.1904', 0xc8ece5ededee20e220fdf2eef220e4e5edfc20eaeeecefe0ede8e5e920c32e20cce0f0eaeeede820e1fbeb20eff0e5e4ebeee6e5ed20f0e0e4e8eef1e8e3ede0eb2c20eee7ede0f7e0fef9e8e920eff0e8e7fbe220ee20efeeeceef9e83a204351442e20d1eff3f1f2ff20e4e2e020e3eee4e020e220f6e5ebfff520e1fbf1f2f0eef2fb20efe5f0e5e4e0f7e820e820f3e4eee1f1f2e2e020eeed20e1fbeb20e7e0ece5ede5ed20e8f1efeeebfce7f3e5ecfbec20efee20f1e5e920e4e5edfc20f1e8e3ede0ebee, '', '');
INSERT INTO holidays (id, date_hol, name_hol, type_hol, comment) VALUES (14, '07.01.1977', 0xc2f1e520eff0eee3f0e0ececfb20d6e5edf2f0e0ebfcedeee3ee20f2e5ebe5e2e8e4e5ede8ff20f1f2e0ebe820efe5f0e5e4e0e2e0f2fcf1ff20e220f6e2e5f2e5, '', '');
INSERT INTO holidays (id, date_hol, name_hol, type_hol, comment) VALUES (15, '08.01', 0xd0e0ece0e7e0ed2de1e0e9f0e0ec2028dde9e420e0ebfc2dd4e8f2f0292e20cff0e0e7e4edf3e5f2f1ff20e220d2d0d1ca2028d2f3f0e5f6eae0ff20d0e5f1eff3e1ebe8eae020d1e5e2e5f0edeee3ee20cae8eff0e029, '', '');
INSERT INTO holidays (id, date_hol, name_hol, type_hol, comment) VALUES (16, '09.01.1664', 0xd3eaf0e0e8ede020e2eef1f1eee5e4e8ede8ebe0f1fc20f120d0eef1f1e8e5e9, '', '');
INSERT INTO holidays (id, date_hol, name_hol, type_hol, comment) VALUES (17, '09.01.1905', 0xcaf0eee2e0e2eee520e2eef1eaf0e5f1e5edfce52e20cde0f7e0ebee20efe5f0e2eee920f0eef1f1e8e9f1eaeee920f0e5e2eeebfef6e8e8, '', '');
INSERT INTO holidays (id, date_hol, name_hol, type_hol, comment) VALUES (18, '10.01', 0xcff0e0e7e4ede8ea20c2f3e4f320e220c1e5ede8ede5, '', '');
INSERT INTO holidays (id, date_hol, name_hol, type_hol, comment) VALUES (19, '10.01.2002', 0xd3f2e2e5f0e6e4e5ed20eff0e5e7e8e4e5edf2eeec20d0d420e7e0eaeeed2027cee120fdebe5eaf2f0eeededeee920f6e8f4f0eee2eee920efeee4efe8f1e827, '', '');
INSERT INTO holidays (id, date_hol, name_hol, type_hol, comment) VALUES (20, '11.01', 0xc2f1e5ece8f0edfbe920e4e5edfc2027f1efe0f1e8e1ee27, '', '');
INSERT INTO holidays (id, date_hol, name_hol, type_hol, comment) VALUES (21, '11.01', 0xe4e5edfc20e7e0efeee2e5e4ede8eaeee2, '', '');
INSERT INTO holidays (id, date_hol, name_hol, type_hol, comment) VALUES (22, '11.01.1935', 0xc2efe5f0e2fbe520eceef1eaeee2f1eae8e520f0e0e4e8eef1f2e0edf6e8e820f2f0e0edf1ebe8f0eee2e0ebe820eaeeedf6e5f0f220e8e720d1d8c02e20c7e0f2e5ec20f1eef1f2eeffebf1ff20eef2e2e5f2edfbe920f0e0e4e8eeeaeeedf6e5f0f220e8e720cceef1eae2fb2c20eaeef2eef0fbe920f2f0e0edf1ebe8f0eee2e0ebf1ff20393020f0e0e4e8eef1f2e0edf6e8ffece820d1d8c0, '', '');
INSERT INTO holidays (id, date_hol, name_hol, type_hol, comment) VALUES (23, '11.01.1963', 0xcef2eaf0fbf2e8e52720576869736b657920412d476f2d476f2720efe5f0e2eee920e4e8f1eaeef2e5eae820e220cbeef12dc0ede6e5ebe5f1e52e, '', '');
INSERT INTO holidays (id, date_hol, name_hol, type_hol, comment) VALUES (24, '11.01.1994', 0xcfe5f0e2eee520e7e0f1e5e4e0ede8e520d1eee2e5f2e020d4e5e4e5f0e0f6e8e820e820c3eef1f3e4e0f0f1f2e2e5ededeee920c4f3ecfb20d0eef1f1e8e8, '', '');
INSERT INTO holidays (id, date_hol, name_hol, type_hol, comment) VALUES (25, '12.01.1722', 0xe4e5edfc20f0e0e1eef2ede8eae020eff0eeeaf3f0e0f2f3f0fb20d0eef1f1e8e9f1eaeee920d4e5e4e5f0e0f6e8e8, '', '');
INSERT INTO holidays (id, date_hol, name_hol, type_hol, comment) VALUES (26, '12.01.1918', 0xc4e5eaebe0f0e0f6e8ff20eff0e0e220f2f0f3e4fff9e8f5f1ff20e820fdeaf1efebf3e0f2e8f0f3e5eceee3ee20ede0f0eee4e0, '', '');
INSERT INTO holidays (id, date_hol, name_hol, type_hol, comment) VALUES (27, '12.01.1943', 0xcff0eef0e2e0ede020e1ebeeeae0e4e020cbe5ede8ede3f0e0e4e0, '', '');
INSERT INTO holidays (id, date_hol, name_hol, type_hol, comment) VALUES (28, '12.01.1970', 0x4c502027416262657920726f61642720426561746c657320e7e0ede8ece0e5f220e220c0ede3ebe8e820efe5f0e2eee520ece5f1f2ee2e, '', '');
INSERT INTO holidays (id, date_hol, name_hol, type_hol, comment) VALUES (29, '13.01', 0xe4e5edfc20f0eef1f1e8e9f1eaeee920efe5f7e0f2e8, '', '');
INSERT INTO holidays (id, date_hol, name_hol, type_hol, comment) VALUES (30, '14.01', 0xd1f2e0f0fbe920cdeee2fbe920e3eee4, '', '');
INSERT INTO holidays (id, date_hol, name_hol, type_hol, comment) VALUES (31, '17.01', 0xe2f1e5ece8f0edfbe920e4e5edfc20efe5f7e0f2e8, '', '');
INSERT INTO holidays (id, date_hol, name_hol, type_hol, comment) VALUES (32, '17.01', 0xe4e5edfc20c7eef1e8ecfb2028efeef1ebe5e4ede8e520f1e2fff2eef7edfbe520e3e0e4e0ede8ff29, '', '');
INSERT INTO holidays (id, date_hol, name_hol, type_hol, comment) VALUES (33, '18.01', 0xcaf0e5f9e5edf1eae8e920f1eef7e5ebfcede8ea, '', '');
INSERT INTO holidays (id, date_hol, name_hol, type_hol, comment) VALUES (34, '19.01', 0xd1e2fff2eee520e1eee3eeffe2ebe5ede8e52e20caf0e5f9e5ede8e520c3eef1efeee4ede5, '', '');
INSERT INTO holidays (id, date_hol, name_hol, type_hol, comment) VALUES (35, '20.01', 0xe4e5edfc20c8eee0edede020caf0e5f1f2e8f2e5ebff, '', '');
INSERT INTO holidays (id, date_hol, name_hol, type_hol, comment) VALUES (36, '20.01.1965', 0xd3ece5f020c0ebe0ed20d4f0e8e4202c20efeee4e0f0e8e2f8e8e920ece8f0f320f2e5f0ece8ed2027526f636b2d696e2d726f6c6c272e, '', '');
INSERT INTO holidays (id, date_hol, name_hol, type_hol, comment) VALUES (37, '21.01', 0xe4e5edfc20e8ede6e5ede5f0edfbf520e2eee9f1ea, '', '');
INSERT INTO holidays (id, date_hol, name_hol, type_hol, comment) VALUES (38, '21.01.1924', 0xd3ece5f020c22ec82e20cbe5ede8ed, '', '');
INSERT INTO holidays (id, date_hol, name_hol, type_hol, comment) VALUES (39, '24.01.1722', 0xd2e0e1e5ebfc20ee20f0e0ede3e0f520e2f1e5f520f7e8edeee220e2eee8edf1eae8f52c20f1f2e0f2f1eae8f520e820eff0e8e4e2eef0edfbf5, '', '');
INSERT INTO holidays (id, date_hol, name_hol, type_hol, comment) VALUES (40, '25.01', 0xd2e0f2fcffede8ed20e4e5edfc, '', '');
INSERT INTO holidays (id, date_hol, name_hol, type_hol, comment) VALUES (41, '25.01', 0xe4e5edfc20d0eef1f1e8e9f1eaeee3ee20f1f2f3e4e5edf7e5f1f2e2e0, '', '');
INSERT INTO holidays (id, date_hol, name_hol, type_hol, comment) VALUES (42, '27.01', 0xe2f1e5ece8f0edfbe920e4e5edfc20f2e0eceee6e5edede8eae0, '', '');
INSERT INTO holidays (id, date_hol, name_hol, type_hol, comment) VALUES (43, '27.01.1944', 0xe4e5edfc20e2eee8edf1eaeee920f1ebe0e2fb20d0eef1f1e8e82e20c4e5edfc20f1edfff2e8ff20e1ebeeeae0e4fb20e3eef0eee4e020cbe5ede8ede3f0e0e4e0, '', '');
INSERT INTO holidays (id, date_hol, name_hol, type_hol, comment) VALUES (44, '28.01', 0xcce5e6e4f3ede0f0eee4edfbe920e4e5edfc20eceee1e8ebe8e7e0f6e8e820eff0eef2e8e220ffe4e5f0edeee920e2eee9edfb, '', '');
INSERT INTO holidays (id, date_hol, name_hol, type_hol, comment) VALUES (45, '28.01.1820', 0xcef2eaf0fbf2e8e520c0edf2e0f0eaf2e8e4fb2028d42ed42e20c1e5ebebe8edf1e3e0f3e7e5ed20e820cc2ecf2e20cbe0e7e0f0e5e229, '', '');
INSERT INTO holidays (id, date_hol, name_hol, type_hol, comment) VALUES (46, '28.01.1921', 0xcfeee4efe8f1e0ed20e4e5eaf0e5f220d1cdca20ee20f1f2f0eee8f2e5ebfcf1f2e2e520e220d1d1d1d020f1e5f2e820f0e0e4e8eef2e5ebe5f4eeededfbf520f1f2e0edf6e8e920f0e0e4e8eee2e5f9e0ede8ff2e, '', '');
INSERT INTO holidays (id, date_hol, name_hol, type_hol, comment) VALUES (47, '28.01.1986', 0xcae0f2e0f1f2f0eef4e020eaeef1ece8f7e5f1eaeee3ee20eaeef0e0e1ebff2027d7e5ebebe5ede4e6e5f027, '', '');
INSERT INTO holidays (id, date_hol, name_hol, type_hol, comment) VALUES (48, '29.01', 0xe4e5edfc20e8e7eee1f0e5f2e5ede8ff20e0e2f2eeeceee1e8ebff, '', '');
INSERT INTO holidays (id, date_hol, name_hol, type_hol, comment) VALUES (49, '30.01', 0xe2f1e5ece8f0edfbe920e4e5edfc20efeeeceef9e820e1eeebfcedfbec20eff0eeeae0e7eee9, '', '');
INSERT INTO holidays (id, date_hol, name_hol, type_hol, comment) VALUES (50, '31.01.1939', 0xcef1edeee2e0ede020eaeeecefe0ede8ff204865776c6574742d5061636b617264, '', '');
INSERT INTO holidays (id, date_hol, name_hol, type_hol, comment) VALUES (51, '01.02.1949', 0x52434120e2fbeff3f1eae0e5f220efebe0f1f2e8edeaf320ede020343520eee1eef0eef2eee22e, '', '');
INSERT INTO holidays (id, date_hol, name_hol, type_hol, comment) VALUES (52, '02.02', 0xe4e5edfc20d1f3f0eae0, '', '');
INSERT INTO holidays (id, date_hol, name_hol, type_hol, comment) VALUES (53, '02.02.1943', 0xe4e5edfc20e2eee8edf1eaeee920f1ebe0e2fb20d0eef1f1e8e82e20c4e5edfc20f0e0e7e3f0eeece020f1eee2e5f2f1eae8ece820e2eee9f1eae0ece820ede5ece5f6eaee2df4e0f8e8f1f2f1eae8f520e2eee9f1ea20e220d1f2e0ebe8ede3f0e0e4f1eaeee920e1e8f2e2e5, '', '');
INSERT INTO holidays (id, date_hol, name_hol, type_hol, comment) VALUES (54, '04.02', 0xece5e6e4f3ede0f0eee4edfbe920e4e5edfc20e7e0eff0e5f2e020effbf2eeea, '', '');
INSERT INTO holidays (id, date_hol, name_hol, type_hol, comment) VALUES (55, '04.02.1948', 0xc220c4e5f2f0eee9f2e520f0eee4e8ebf1ff20c2e8edf1e5edf220d4e5f0ede5f02028416c69636520436f6f706572292e, '', '');
INSERT INTO holidays (id, date_hol, name_hol, type_hol, comment) VALUES (56, '05.02', 0xece5e6e4f3ede0f0eee4edfbe920e4e5edfc20e1eee9f1eae0f3f2eee2, '', '');
INSERT INTO holidays (id, date_hol, name_hol, type_hol, comment) VALUES (57, '05.02.1722', 0xd3f1f2e0e220ee20eff0e5f1f2eeebeeede0f1ebe5e4e8e8, '', '');
INSERT INTO holidays (id, date_hol, name_hol, type_hol, comment) VALUES (58, '06.02.1906', 0xce20e2fbe1eef0e0f520e220e3eef1f3e4e0f0f1f2e2e5ededf3fe20e4f3ecf32028cdeee2eee520efeeebeee6e5ede8e529, '', '');
INSERT INTO holidays (id, date_hol, name_hol, type_hol, comment) VALUES (59, '06.02.1970', 0x56656e7573e220e8f1efeeebede5ede8e8202753686f636b696e6720426c75652720e7e0ede8ece0e5f220efe5f0e2eee520ece5f2ee20e220f5e8f22defe0f0e0e4e52e, '', '');
INSERT INTO holidays (id, date_hol, name_hol, type_hol, comment) VALUES (60, '08.02', 0xe4e5edfc20c0fdf0eef4ebeef2e0, '', '');
INSERT INTO holidays (id, date_hol, name_hol, type_hol, comment) VALUES (61, '08.02', 0xe4e5edfc20f0eef1f1e8e9f1eaeee920ede0f3eae8, '', '');
INSERT INTO holidays (id, date_hol, name_hol, type_hol, comment) VALUES (62, '09.02.1837', 0xe220fdf2eef220e4e5edfc20e1fbeb20f1ece5f0f2e5ebfcedee20f0e0ede5ed20c02ed12e20cff3f8eae8ed, '', '');
INSERT INTO holidays (id, date_hol, name_hol, type_hol, comment) VALUES (63, '09.02.1923', 0xe4e5edfc20f1eee7e4e0ede8ff20c3f0e0e6e4e0edf1eaeee920e0e2e8e0f6e8e8, '', '');
INSERT INTO holidays (id, date_hol, name_hol, type_hol, comment) VALUES (64, '09.02.1964', 0x426561746c657320eff0e8ede8ece0e5f220f3f7e0f1f2e8e520e220f2e5ebe5f8eef32027dde420d1e5ebe8e2e0ed20d8eef3272e, '', '');
INSERT INTO holidays (id, date_hol, name_hol, type_hol, comment) VALUES (65, '10.02', 0xe4e5edfc20efe0ecfff2e820c02ed12e20cff3f8eae8ede0, '', '');
INSERT INTO holidays (id, date_hol, name_hol, type_hol, comment) VALUES (66, '11.02', 0xe2f1e5ece8f0edfbe920e4e5edfc20e1eeebfcedeee3ee2e20cef2ece5f7e0e5f2f1ff20eae0f2eeebe8eae0ece820e220e4e5edfc20cbf3f0e4f1eaeee920c1eee3eeece0f2e5f0e82e, '', '');
INSERT INTO holidays (id, date_hol, name_hol, type_hol, comment) VALUES (67, '11.02', 0xe220dfefeeede8e820e4e5edfc20eee1f0e0e7eee2e0ede8ff20ede0f6e8e82e20cfeef1e2fff9e5ed20eee1f0e0e7eee2e0ede8fe20ffefeeedf1eaeee3ee20e3eef1f3e4e0f0f1f2e2e020efe5f0e2fbec20e8ecefe5f0e0f2eef0eeec20e22036363020e3eee4f320e4ee20ed2efd2e, '', '');
INSERT INTO holidays (id, date_hol, name_hol, type_hol, comment) VALUES (68, '13.02.1973', 0xe0ebfce1eeec20274c69766520436f6e636572742720c1e0f0e1e0f0fb20d1f2f0e5e9e7e0ede420f1f2e0eb20e7eeebeef2fbec2e, '', '');
INSERT INTO holidays (id, date_hol, name_hol, type_hol, comment) VALUES (69, '14.02', 0xe4e5edfc20d1e2fff2eee3ee20c2e0ebe5edf2e8ede02028c2e0ebe5edf2e0e9ed3b20e4e5edfc20e2f1e5f520e2ebfee1ebe5ededfbf529, '', '');
INSERT INTO holidays (id, date_hol, name_hol, type_hol, comment) VALUES (70, '15.02', 0xd1f0e5f2e5ede8e520c3eef1efeee4ede5, '', '');
INSERT INTO holidays (id, date_hol, name_hol, type_hol, comment) VALUES (71, '15.02', 0xe4e5edfc20efe0ecfff2e820e2eee8edeee22de8edf2e5f0ede0f6e8eeede0ebe8f1f2eee220e220d0eef1f1e8e8, '', '');
INSERT INTO holidays (id, date_hol, name_hol, type_hol, comment) VALUES (72, '15.02.1989', 0xc4e5edfc20e2fbe2eee4e020e2eee9f1ea20e8e720c0f4e3e0ede8f1f2e0ede0, '', '');
INSERT INTO holidays (id, date_hol, name_hol, type_hol, comment) VALUES (73, '16.02', 0xe4e5edfc20eff0e5e7e8e4e5edf2eee220e220d1d8c0, '', '');
INSERT INTO holidays (id, date_hol, name_hol, type_hol, comment) VALUES (74, '16.02', 0xd1e0ebe0e3e0ed202d20cdeee2fbe920e3eee420e4ebff20e1f3e4e4e8f1f2eee220efee20e2eef1f2eef7edeeecf320ebf3ededeeecf320eae0ebe5ede4e0f0fe, '', '');
INSERT INTO holidays (id, date_hol, name_hol, type_hol, comment) VALUES (75, '17.02.1967', 0x426561746c657320e7e0efe8f1fbe2e0fef220efe5f1edfe202753747261776265727279204669656c647320466f7265766572272e, '', '');
INSERT INTO holidays (id, date_hol, name_hol, type_hol, comment) VALUES (76, '18.02.1762', 0xcce0ede8f4e5f1f220ee20e4e0f0eee2e0ede8e820e2eeebfcedeef1f2e820e820f1e2eee1eee4fb20f0eef1f1e8e9f1eaeeecf320e4e2eef0ffedf1f2e2f3, '', '');
INSERT INTO holidays (id, date_hol, name_hol, type_hol, comment) VALUES (77, '18.02.1968', 0x50696e6b20466c6f796420eff0e8ede8ece0e5f220e220f1e2eee820f0ffe4fb20c4fde2e8e4e020c3e8ebeceef0e02e, '', '');
INSERT INTO holidays (id, date_hol, name_hol, type_hol, comment) VALUES (78, '19.02.1861', 0xcce0ede8f4e5f1f220eee120eef1e2eee1eee6e4e5ede8e820eaf0e5f1f2fcffed20eef220eaf0e5efeef1f2edeee920efeee2e8ededeef1f2e8, '', '');
INSERT INTO holidays (id, date_hol, name_hol, type_hol, comment) VALUES (79, '19.02.1980', 0xd1ece5f0f2fc20c1eeede020d1eaeef2f2e02c20ebe5e3e5ede4e0f0edeee3ee20e2eeeae0ebe8f1f2e0202741432f4443272e, '', '');
INSERT INTO holidays (id, date_hol, name_hol, type_hol, comment) VALUES (80, '22.02', 0xece5e6e4f3ede0f0eee4edfbe920e4e5edfc20efeee4e4e5f0e6eae820e6e5f0f2e220eff0e5f1f2f3efebe5ede8e9, '', '');
INSERT INTO holidays (id, date_hol, name_hol, type_hol, comment) VALUES (81, '22.02.1711', 0xd3eae0e720eee120f3f7f0e5e6e4e5ede8e820cff0e0e2e8f2e5ebfcf1f2e2f3fef9e5e3ee20d1e5ede0f2e020e820ee20efe5f0f1eeede0ebfcedeeec20e5e3ee20f1eef1f2e0e2e5, '', '');
INSERT INTO holidays (id, date_hol, name_hol, type_hol, comment) VALUES (82, '22.02.1803', 0xd3eae0e720eee120eef2eff3f1eae520efeeece5f9e8eaeeec20f1e2eee8f520eaf0e5f1f2fcffed20ede020e2eeebfe20efee20e7e0eaebfef7e5ede8fe20f3f1ebeee2e8e920ede020eee1eefee4edeee520f1eee3ebe0f1e8e520ee20e2eeebfcedfbf520f5ebe5e1eeefe0f8f6e0f5, '', '');
INSERT INTO holidays (id, date_hol, name_hol, type_hol, comment) VALUES (83, '23.02.1918', 0xe4e5edfc20e2eee8edf1eaeee920f1ebe0e2fb20d0eef1f1e8e82e20c4e5edfc20efeee1e5e4fb20caf0e0f1edeee920c0f0ece8e820ede0e420eae0e9e7e5f0eee2f1eae8ece820e2eee9f1eae0ece820c3e5f0ece0ede8e8202d20e4e5edfc20e7e0f9e8f2ede8eaeee220cef2e5f7e5f1f2e2e0, '', '');
INSERT INTO holidays (id, date_hol, name_hol, type_hol, comment) VALUES (84, '24.02.1999', 0xc0e2e8e0f6e8ff20cdc0d2ce20ede0f7e0ebe020ede0ede5f1e5ede8e520e2eee7e4f3f8edfbf520f3e4e0f0eee220efee20d1eefee7edeee920d0e5f1eff3e1ebe8eae520dee3eef1ebe0e2e8e82e, '', '');
INSERT INTO holidays (id, date_hol, name_hol, type_hol, comment) VALUES (85, '25.02', 0xe4e5edfc20f2e5e7eee8ece5ede8f2f1f2e2e020d1e2fff2e5e9f8e5e3ee20efe0f2f0e8e0f0f5e020eceef1eaeee2f1eaeee3ee20e820e2f1e5ff20d0f3f1e820c0ebe5eaf1e8ff204949, '', '');
INSERT INTO holidays (id, date_hol, name_hol, type_hol, comment) VALUES (86, '26.02', 0xe4e5edfc20cce0f0f2e8ede8e0ede0202d20f3eaf0eef2e8f2e5ebff20f1f2f0e0f1f2e5e9, '', '');
INSERT INTO holidays (id, date_hol, name_hol, type_hol, comment) VALUES (87, '28.02', 0xe4e5edfc20cae0ebe5e2e0ebfb, '', '');
INSERT INTO holidays (id, date_hol, name_hol, type_hol, comment) VALUES (88, '01.03', 0xc2f1e5ece8f0edfbe920e4e5edfc20e3f0e0e6e4e0edf1eaeee920eee1eef0eeedfb, '', '');
INSERT INTO holidays (id, date_hol, name_hol, type_hol, comment) VALUES (89, '01.03', 0xece5e6e4f3ede0f0eee4edfbe920e4e5edfc20e1eef0fce1fb20f120ede0f0eaeeece0ede8e5e920e820ede0f0eaeee1e8e7ede5f1eeec, '', '');
INSERT INTO holidays (id, date_hol, name_hol, type_hol, comment) VALUES (90, '01.03.1919', 0xe4e5edfc20f1eee7e4e0ede8ff20eaf0e8ece8ede0ebe8f1f2e8f7e5f1eaeee920f1ebf3e6e1fb20e220d0eef1f1e8e8, '', '');
INSERT INTO holidays (id, date_hol, name_hol, type_hol, comment) VALUES (91, '01.03.1981', 0xc220ece0f0f2e520f4e8f0ece02033436f6d20eff0e5e4f1f2e0e2e8ebe020ece8f0f320efe5f0e2f3fe2045746865726e65742deae0f0f2f32e, '', '');
INSERT INTO holidays (id, date_hol, name_hol, type_hol, comment) VALUES (92, '02.03.1984', 0xe4e5edfc20f0eee6e4e5ede8ff20eaeeecefe0eaf22de4e8f1eae0, '', '');
INSERT INTO holidays (id, date_hol, name_hol, type_hol, comment) VALUES (93, '03.03', 0xece5e6e4f3ede0f0eee4edfbe920e4e5edfc20ece8f0e020e4ebff20efe8f1e0f2e5ebff, '', '');
INSERT INTO holidays (id, date_hol, name_hol, type_hol, comment) VALUES (94, '03.03.1880', 0xe220c1eeebe3e0f0e8e820e4e5edfc20eef1e2eee1eee6e4e5ede8ff20c1eeebe3e0f0e8e820eef220eef1ece0edf1eaeee3ee20e8e3e02e20c2efe5f0e2fbe5203320ece0f0f2e020e220c1eeebe3e0f0e8e820eff0e0e7e4edeee2e0ebeef1fc20e2203138383020e3eee4f320eae0ea20c4e5edfc20e2eef1f8e5f1f2e2e8ff20ede020eff0e5f1f2eeeb20e8ecefe5f0e0f2eef0e020c0ebe5eaf1e0ede4f0e0204949492e, '', '');
INSERT INTO holidays (id, date_hol, name_hol, type_hol, comment) VALUES (95, '15.03.1917', 0xcfe0e4e5ede8e520f1e0eceee4e5f0e6e0e2e8ff20ede020d0f3f1e8202d20eef2f0e5f7e5ede8e520eef220eff0e5f1f2eeebe020f6e0f0ff20cde8eaeeebe0ff204949, '', '');
INSERT INTO holidays (id, date_hol, name_hol, type_hol, comment) VALUES (96, '04.03.1938', 0xc1fbebe020eef0e3e0ede8e7eee2e0ede020f1ebf3e6e1e020ece5e42e20e2fbf2f0e5e7e2e8f2e5ebe5e9, '', '');
INSERT INTO holidays (id, date_hol, name_hol, type_hol, comment) VALUES (97, '05.03.1611', 0xcaf3e7fcece020cce8ede8ed20f1eee1e8f0e0e5f220e220cde8e6ede5ec20cdeee2e3eef0eee4e520efe5f0e2eee520ede0f0eee4edeee520eeefeeebf7e5ede8e5, '', '');
INSERT INTO holidays (id, date_hol, name_hol, type_hol, comment) VALUES (98, '05.03.1953', 0xd3ece5f020c8eef1e8f420d1f2e0ebe8ed, '', '');
INSERT INTO holidays (id, date_hol, name_hol, type_hol, comment) VALUES (99, '05.03.1960', 0xceeaeeedf7e0ede8e520e2eee8edf1eaeee920f1ebf3e6e1fb20ddebe2e8f1e020cff0e5f1ebe82e, '', '');
INSERT INTO holidays (id, date_hol, name_hol, type_hol, comment) VALUES (100, '05.03.1970', 0xc2f1f2f3efebe5ede8e520e220f1e8ebf320c4eee3eee2eef0e020ee20ede5f0e0f1eff0eef1f2f0e0ede5ede8e820ffe4e5f0edeee3ee20eef0f3e6e8ff, '', '');
INSERT INTO holidays (id, date_hol, name_hol, type_hol, comment) VALUES (101, '06.03', 0xcaf3f0e1e0ed2de1e0e9f0e0ec2028dde9e420e0ebfc2dc0e4f5e0292ed2d0d1ca2028d2f3f0e5f6eae0ff20d0e5f1eff3e1ebe8eae020d1e5e2e5f0edeee3ee20cae8eff0e029, '', '');
INSERT INTO holidays (id, date_hol, name_hol, type_hol, comment) VALUES (102, '08.03', 0xcce5e6e4f3ede0f0eee4edfbe920e6e5edf1eae8e920e4e5edfc, '', '');
INSERT INTO holidays (id, date_hol, name_hol, type_hol, comment) VALUES (103, '08.03', 0xe4e5edfc20f0e0e1eef2ede8eaeee220e3e5eee4e5e7e8e820e820eae0f0f2eee3f0e0f4e8e8, '', '');
INSERT INTO holidays (id, date_hol, name_hol, type_hol, comment) VALUES (104, '11.03.1972', 0xc1fbebe020e7e0eff3f9e5ede020ece5e6efebe0ede5f2ede0ff20f1f2e0edf6e8ff2050696f6e6565722031302c20f3e4e0ebe8e2f8e0fff1ff20eef220c7e5ecebe820e1eeebe5e520f7e5ec20ede0203134ecebf0e42eeaec2e20cfeef1ebe5e4ede8e920f0e0e720e5e520f1e8e3ede0eb20e1fbeb20efeee9ece0ed2032322e30312e323030332e, '', '');
INSERT INTO holidays (id, date_hol, name_hol, type_hol, comment) VALUES (105, '11.03.2003', 0xc22ecff3f2e8ed20f3eff0e0e7e4ede8eb20d4c0cfd1c82028d4e5e4e5f0e0ebfcedeee520c0e3e5edf2f1f2e2ee20cff0e0e2e8f2e5ebfcf1f2e2e5ededeee920d1e2ffe7e820e820c8edf4eef0ece0f6e8e829, '', '');
INSERT INTO holidays (id, date_hol, name_hol, type_hol, comment) VALUES (106, '12.03.1917', 0xd4e5e2f0e0ebfcf1eae0ff20e1f3f0e6f3e0e7edee2de4e5eceeeaf0e0f2e8f7e5f1eae0ff20f0e5e2eeebfef6e8ff20e220d0eef1f1e8e8, '', '');
INSERT INTO holidays (id, date_hol, name_hol, type_hol, comment) VALUES (107, '12.03', 0xeff0eef4e5f1f1e8eeede0ebfcedfbe920eff0e0e7e4ede8ea20f0e0e1eef2ede8eaeee220f3e3eeebeee2edee2de8f1efeeebede8f2e5ebfcedeee920f1e8f1f2e5ecfb20cce8eddef1f2e020d0eef1f1e8e8, '', '');
INSERT INTO holidays (id, date_hol, name_hol, type_hol, comment) VALUES (108, '14.03.1993', 0xe220c0ede4eef0f0e520e4e5edfc20eaeeedf1f2e8f2f3f6e8e82e20cee4e8ed20e8e720ede0e8e1eeebe5e520e2e0e6edfbf520eff0e0e7e4ede8eaeee23a20eaedffe6e5f1f2e2ee2c20f1f3f9e5f1f2e2eee2e0e2f8e5e520ecedeee3e8e520f1f2eeebe5f2e8ff2c20ebe8f8fc20e2203139393320e3eee4f320efeeebf3f7e8ebee20eaeeedf1f2e8f2f3f6e8fe2c20eaeef2eef0eee920e0ede4eef0f0f6fb20eef7e5edfc20e3eef0e4fff2f1ff2e, '', '');
INSERT INTO holidays (id, date_hol, name_hol, type_hol, comment) VALUES (109, '15.03', 0xc2f1e5ece8f0edfbe920e4e5edfc20efeef2f0e5e1e8f2e5ebff, '', '');
INSERT INTO holidays (id, date_hol, name_hol, type_hol, comment) VALUES (110, '15.03', 0xe4e5edfc20f0e0e1eef2ede8eaeee220f2eef0e3eee2ebe82c20e1fbf2eee2eee3ee20eee1f1ebf3e6e8e2e0ede8ff20ede0f1e5ebe5ede8ff20e820e6e8ebe8f9edee2deaeeececf3ede0ebfcedeee3ee20f5eee7ffe9f1f2e2e0, '', '');
INSERT INTO holidays (id, date_hol, name_hol, type_hol, comment) VALUES (111, '17.03', 0xe4e5edfc20f1e2fff2eee3ee20cfe0f2f0e8eae02c20efeeeaf0eee2e8f2e5ebff20c8f0ebe0ede4e8e82e20dfe2ebffe5f2f1ff20eef4e8f6e8e0ebfcedfbec20e2fbf5eee4edfbec20e4ede5ec20e220d1e5e2e5f0edeee920c8f0ebe0ede4e8e82e20cef2ece5f7e0e5f2f1ff20f2eeebfceaee20eae0f2eeebe8eae0ece82e20c1f3e4fcf2e520e2ede8ece0f2e5ebfcedfb2c20ede520efeee7e4f0e0e2fcf2e520eff0eef2e5f1f2e0edf2eee22e, '', '');
INSERT INTO holidays (id, date_hol, name_hol, type_hol, comment) VALUES (112, '18.03', 0xe4e5edfc20cfe0f0e8e6f1eaeee920eaeeececf3edfb, '', '');
INSERT INTO holidays (id, date_hol, name_hol, type_hol, comment) VALUES (113, '18.03', 0xe4e5edfc20ede0ebeee3eee2eee920efeeebe8f6e8e8, '', '');
INSERT INTO holidays (id, date_hol, name_hol, type_hol, comment) VALUES (114, '18.03.1965', 0xcfe5f0e2fbe920e2fbf5eee420f7e5ebeee2e5eae020e220eaeef1eceef12028c0ebe5eaf1e5e920cbe5eeedeee229, '', '');
INSERT INTO holidays (id, date_hol, name_hol, type_hol, comment) VALUES (115, '19.03', 0xe4e5edfc20eceef0ffeae02defeee4e2eee4ede8eae020d0eef1f1e8e8, '', '');
INSERT INTO holidays (id, date_hol, name_hol, type_hol, comment) VALUES (116, '20.03', 0xe220dfefeeede8e820e4e5edfc20e2e5f1e5edede5e3ee20f0e0e2edeee4e5edf1f2e2e8ff2e, '', '');
INSERT INTO holidays (id, date_hol, name_hol, type_hol, comment) VALUES (117, '20.03', 0xece5e6e4f3ede0f0eee4edfbe920e0f1f2f0eeebeee3e8f7e5f1eae8e920e4e5edfc, '', '');
INSERT INTO holidays (id, date_hol, name_hol, type_hol, comment) VALUES (118, '20.03.1931', 0xcef0e3e0ede8e7eee2e0ed20caf0e0f1edeefff0f1eae8e920f0e0e4e8eef6e5edf2f0, '', '');
INSERT INTO holidays (id, date_hol, name_hol, type_hol, comment) VALUES (119, '20.03.1969', 0xc1f0e0eaeef1eef7e5f2e0ede8e520c4e6eeede020cbe5ededeeede020e820c9eeeaee20ceedee2028c3e8e1f0e0ebf2e0f0292e, '', '');
INSERT INTO holidays (id, date_hol, name_hol, type_hol, comment) VALUES (120, '21.03', 0xc2f1e5ece8f0edfbe920e4e5edfc20e7e5ecebe8, '', '');
INSERT INTO holidays (id, date_hol, name_hol, type_hol, comment) VALUES (121, '21.03', 0xc2f1e5ece8f0edfbe920e4e5edfc20efeefde7e8e8, '', '');
INSERT INTO holidays (id, date_hol, name_hol, type_hol, comment) VALUES (122, '21.03', 0xe4e5edfc20c2e5f1e5edede5e3ee20f0e0e2edeee4e5edf1f2e2e8ff, '', '');
INSERT INTO holidays (id, date_hol, name_hol, type_hol, comment) VALUES (123, '21.03', 0xece5e6e4f3ede0f0eee4edfbe920e4e5edfc20e1eef0fce1fb20e7e020ebe8eae2e8e4e0f6e8fe20f0e0f1eee2eee920e4e8f1eaf0e8ece8ede0f6e8e82e, '', '');
INSERT INTO holidays (id, date_hol, name_hol, type_hol, comment) VALUES (124, '22.03', 0xc2f1e5ece8f0edfbe920e4e5edfc20e2eee4fb, '', '');
INSERT INTO holidays (id, date_hol, name_hol, type_hol, comment) VALUES (125, '23.03', 0xc2f1e5ece8f0edfbe920e4e5edfc20ece5f2e5eef0eeebeee3e0, '', '');
INSERT INTO holidays (id, date_hol, name_hol, type_hol, comment) VALUES (126, '23.03.1876', 0xdfe1ebeef7eaeee220e8e7eee1f0e5eb20efe5f0e2fbe920e8f1f2eef7ede8ea20f1e2e5f2e0, '', '');
INSERT INTO holidays (id, date_hol, name_hol, type_hol, comment) VALUES (127, '24.03', 0xc2f1e5ece8f0edfbe920e4e5edfc20e1eef0fce1fb20f120f2f3e1e5f0eaf3ebe5e7eeec, '', '');
INSERT INTO holidays (id, date_hol, name_hol, type_hol, comment) VALUES (128, '24.03.1999', 0xc2eee9f1eae020cdc0d2ce20ede0efe0ebe820ede020dee3eef1ebe0e2e8fe, '', '');
INSERT INTO holidays (id, date_hol, name_hol, type_hol, comment) VALUES (129, '24.03', 0xe4e5edfc20efebe0ede5f2e0f0e8e5e2, '', '');
INSERT INTO holidays (id, date_hol, name_hol, type_hol, comment) VALUES (130, '25.03', 0xc22030332e303020cfe5f0e5f5eee420ede020c5e2f0eeefe5e9f1eaeee520ebe5f2ede5e520e2f0e5ecff2028f7e0f1fb20efe5f0e5e2eee4fff2f1ff20ede0203120f7e0f120e2efe5f0e5e429, '', '');
INSERT INTO holidays (id, date_hol, name_hol, type_hol, comment) VALUES (131, '25.03', 0xc4e5edfc20ede5e7e0e2e8f1e8eceef1f2e820c3f0e5f6e8e82e20d0e5f1eff3e1ebe8eae020cae8eff0, '', '');
INSERT INTO holidays (id, date_hol, name_hol, type_hol, comment) VALUES (132, '25.03', 0xe220c3f0e5f6e8e820e4e5edfc20ede5e7e0e2e8f1e8eceef1f2e82e20c3ebe0e2edfbe920e3eef1f3e4e0f0f1f2e2e5ededfbe920eff0e0e7e4ede8ea20f1f2f0e0edfb2e20cef2ece5f7e0e5f2f1ff20e220f7e5f1f2fc20e2fbf5eee4e020c3f0e5f6e8e820e8e720f1eef1f2e0e2e020cef1ece0edf1eaeee920e8ecefe5f0e8e820e820eff0eee2eee7e3ebe0f8e5ede8ff20ede5e7e0e2e8f1e8eceee920c3f0e5f6e8e82e, '', '');
INSERT INTO holidays (id, date_hol, name_hol, type_hol, comment) VALUES (133, '27.03', 0xcce5e6e4f3ede0f0eee4edfbe920e4e5edfc20f2e5e0f2f0e0, '', '');
INSERT INTO holidays (id, date_hol, name_hol, type_hol, comment) VALUES (134, '27.03', 0xe4e5edfc20e2edf3f2f0e5edede8f520e2eee9f1ea20ccc2c420d0d4, '', '');
INSERT INTO holidays (id, date_hol, name_hol, type_hol, comment) VALUES (135, '27.03', 0xece5e6e4f3ede0f0eee4edfbe920e4e5edfc20f2e5e0f2f0e0, '', '');
INSERT INTO holidays (id, date_hol, name_hol, type_hol, comment) VALUES (136, '29.03.1954', 0xcfe5f0e2fbe920f1e8ede3eb20ddebe2e8f1e020cff0e5f1ebe8202754686174277320416c6c205269676874204d616d6d61272027426c7565204d6f6f6e204f66204b656e7475636b79272e, '', '');
INSERT INTO holidays (id, date_hol, name_hol, type_hol, comment) VALUES (137, '30.03', 0xe4e5edfc20e7e0f9e8f2fb20c7e5ecebe8, '', '');
INSERT INTO holidays (id, date_hol, name_hol, type_hol, comment) VALUES (138, '30.03.1858', 0xc7e0efe0f2e5edf2eee2e0ed20eae0f0e0ede4e0f820f1ee20f1f2e8f0e0f2e5ebfcedeee920f0e5e7e8edeaeee9, '', '');
INSERT INTO holidays (id, date_hol, name_hol, type_hol, comment) VALUES (139, '30.03.1867', 0xc0ebfff1eae020eff0eee4e0ede020d1d8c020e7e02024372e3220ecebed2e, '', '');
INSERT INTO holidays (id, date_hol, name_hol, type_hol, comment) VALUES (140, '30.03.1976', 0x53657820506973746f6c7320e4e0b8f220efe5f0e2fbe920eaeeedf6e5f0f22e, '', '');
INSERT INTO holidays (id, date_hol, name_hol, type_hol, comment) VALUES (141, '31.03.1966', 0xc220d1d1d1d020f1eee2e5f0f8e5ed20e7e0eff3f1ea20efe5f0e2eee3ee20e220ece8f0e520e8f1eaf3f1f1f2e2e5ededeee3ee20f1eff3f2ede8eae020cbf3edfb, '', '');
INSERT INTO holidays (id, date_hol, name_hol, type_hol, comment) VALUES (142, '31.03.1978', 0x47656e6573697320e2fbeff3f1f2e8ebe820e0ebfce1eeec2027416e64205468656e2054686572652057657265205468726565272e, '', '');
INSERT INTO holidays (id, date_hol, name_hol, type_hol, comment) VALUES (143, '01.04', 0xcce5e6e4f3ede0f0eee4edfbe920e4e5edfc20eff2e8f6, '', '');
INSERT INTO holidays (id, date_hol, name_hol, type_hol, comment) VALUES (144, '01.04', 0xe4e5edfc20e3e5eeebeee3e0, '', '');
INSERT INTO holidays (id, date_hol, name_hol, type_hol, comment) VALUES (145, '01.04', 0xe4e5edfc20f1ece5f5e0, '', '');
INSERT INTO holidays (id, date_hol, name_hol, type_hol, comment) VALUES (146, '01.04.1985', 0xcde0f7e0ebee20efe5f0e5f1f2f0eee9eae820e220d1d1d1d0, '', '');
INSERT INTO holidays (id, date_hol, name_hol, type_hol, comment) VALUES (147, '02.04', 0xcce5e6e4f3ede0f0eee4edfbe920e4e5edfc20e4e5f2f1eaeee920eaede8e3e8, '', '');
INSERT INTO holidays (id, date_hol, name_hol, type_hol, comment) VALUES (148, '02.04', 0xe4e5edfc20e5e4e8ede5ede8ff20ede0f0eee4eee2, '', '');
INSERT INTO holidays (id, date_hol, name_hol, type_hol, comment) VALUES (149, '02.04', 0xece5e6e4f3ede0f0eee4edfbe920e4e5edfc20e4e5f2f1eaeee920eaede8e3e8, '', '');
INSERT INTO holidays (id, date_hol, name_hol, type_hol, comment) VALUES (150, '03.04.1992', 0xc220d0eef1f1e8e820e2fbe4e0ede020efe5f0e2e0ff20ebe8f6e5ede7e8ff20ede020eef1f3f9e5f1f2e2ebe5ede8e520f2e5ebe5f0e0e4e8eee2e5f9e0ede8ff20eaeeecefe0ede8e82027d2e5ebe5e2e8e4e5eeeae0ede0eb2720e3eef0eee4e020c1e0ebe0eaeee2ee20d1e0f0e0f2eee2f1eaeee920eee1ebe0f1f2e82e, '', '');
INSERT INTO holidays (id, date_hol, name_hol, type_hol, comment) VALUES (151, '03.04.2001', 0xd1f2e0f0f2eee2e0eb20eff0eee5eaf220f0e0f1eff0e5e4e5ebe5ededfbf520e2fbf7e8f1ebe5ede8e920477269642e6f726720f1eee7e4e0ededfbe920e4ebff20efeee8f1eae020ebe5eae0f0f1f2e2e020eef220f0e0eae02e, '', '');
INSERT INTO holidays (id, date_hol, name_hol, type_hol, comment) VALUES (152, '04.04', 0xcce5e6e4f3ede0f0eee4edfbe920e4e5edfc20ede0f1f2f0eee9f9e8eaeee220f4eef0f2e5efe8e0edee, '', '');
INSERT INTO holidays (id, date_hol, name_hol, type_hol, comment) VALUES (153, '04.04.1949', 0xd1eee7e4e0ede8e520f1e5e2e5f0eee0f2ebe0edf2e8f7e5f1eaeee3ee20e0ebfcffedf1e02028cdc0d2ce29, '', '');
INSERT INTO holidays (id, date_hol, name_hol, type_hol, comment) VALUES (154, '05.04.1797', 0xd3f7f0e5e6e4e5ede8e520eee120e8ecefe5f0e0f2eef0f1eaeee920f4e0ece8ebe8e82028d3eae0e720ee20eff0e5f1f2eeebeeede0f1ebe5e4e8e829, '', '');
INSERT INTO holidays (id, date_hol, name_hol, type_hol, comment) VALUES (155, '06.04.1899', 0xe4e5edfc20f0eee6e4e5ede8ff20eceef1eaeee2f1eaeee3ee20f2f0e0ece2e0ff, '', '');
INSERT INTO holidays (id, date_hol, name_hol, type_hol, comment) VALUES (156, '07.04', 0xc1ebe0e3eee2e5f9e5ede8e520cff0e5f1e2fff2eee920c1eee3eef0eee4e8f6fb, '', '');
INSERT INTO holidays (id, date_hol, name_hol, type_hol, comment) VALUES (157, '07.04', 0xc2f1e5ece8f0edfbe920e4e5edfc20e7e4eef0eee2fcff, '', '');
INSERT INTO holidays (id, date_hol, name_hol, type_hol, comment) VALUES (158, '07.04', 0xece5e6e4f3ede0f0eee4edfbe920e4e5edfc20efe0ecfff2e820e5e2f0e5e5e2202d20e6e5f0f2e220f4e0f8e8e7ece0, '', '');
INSERT INTO holidays (id, date_hol, name_hol, type_hol, comment) VALUES (159, '07.04.1975', 0xcfeef1ebe5e4ede8e920eaeeedf6e5f0f220274465657020507572706c652720e220cfe0f0e8e6e520f120f3f7e0f1f2e8e5ec20d0e8f7e820c1ebfdeaeceef0e02e, '', '');
INSERT INTO holidays (id, date_hol, name_hol, type_hol, comment) VALUES (160, '08.04', 0xe4e5edfc20e2eee9f1ea20eff0eef2e8e2eee2eee7e4f3f8edeee920eee1eef0eeedfb20f1f2f0e0edfb, '', '');
INSERT INTO holidays (id, date_hol, name_hol, type_hol, comment) VALUES (161, '08.04', 0xece5e6e4f3ede0f0eee4edfbe920e4e5edfc20f6fbe3e0ed, '', '');
INSERT INTO holidays (id, date_hol, name_hol, type_hol, comment) VALUES (162, '10.04.1954', 0xcff0eee2e5e4e5ed20efe5f0e2fbe920f2e5ebe5f0e5efeef0f2e0e62e20c8e720caeeedf6e5f0f2edeee3ee20e7e0ebe020e8ece5ede820cf2e20c82e20d7e0e9eaeee2f1eaeee3ee20f2f0e0edf1ebe8f0eee2e0ebf1ff20ece0f2f720ede020efe5f0e2e5edf1f2e2ee20ece8f0e020efee20f8e0f5ece0f2e0ec20ece5e6e4f320cc2e20c1eef2e2e8edede8eaeeec20e820c22e20d1ecfbf1ebeee2fbec, '', '');
INSERT INTO holidays (id, date_hol, name_hol, type_hol, comment) VALUES (163, '11.04', 0xe4e5edfc20e1fbe2f8e8f520e7e0eaebfef7b8ededfbf520eaeeedf6ebe0e3e5f0e5e9, '', '');
INSERT INTO holidays (id, date_hol, name_hol, type_hol, comment) VALUES (164, '11.04', 0xece5e6e4f3ede0f0eee4edfbe920e4e5edfc20eef1e2eee1eee6e4e5ede8ff20f3e7ede8eaeee220f4e0f8e8f1f2f1eae8f520eaeeedf6ebe0e3e5f0e5e9, '', '');
INSERT INTO holidays (id, date_hol, name_hol, type_hol, comment) VALUES (165, '11.04.1961', 0xc4e5e1fef220ede8eaeeecf320ede520e8e7e2e5f1f2edeee3ee20c1eee1e020c4e8ebe0ede020e220cdfcfe2dc9eef0eae52e, '', '');
INSERT INTO holidays (id, date_hol, name_hol, type_hol, comment) VALUES (166, '11.04.1963', 0xcfe5f0e2fbe920f5e8f22027426561746c65732720efe5f1edff202746726f6d204d6520546f20596f75272e, '', '');
INSERT INTO holidays (id, date_hol, name_hol, type_hol, comment) VALUES (167, '12.04', 0xe4e5edfc20eaeef1eceeede0e2f2e8eae8, '', '');
INSERT INTO holidays (id, date_hol, name_hol, type_hol, comment) VALUES (168, '12.04.1961', 0xd1eee2e5f0f8e5ed20efe5f0e2fbe920e220e8f1f2eef0e8e820f7e5ebeee2e5f7e5f1f2e2e020efeeebe5f220f7e5ebeee2e5eae020e220eaeef1eceef12e20d1e5e920efeee4e2e8e320e1fbeb20f1eee2e5f0f8e5ed20de2ec02ec3e0e3e0f0e8edfbec2028e3f0e0e6e4e0ede8edeeec20ede0f8e5e920d0eee4e8edfb292e, '', '');
INSERT INTO holidays (id, date_hol, name_hol, type_hol, comment) VALUES (169, '13.04', 0xc2f1e5ece8f0edfbe920e4e5edfc20f0eeea2ded2df0eeebebe0, '', '');
INSERT INTO holidays (id, date_hol, name_hol, type_hol, comment) VALUES (170, '13.04.1967', 0x526f6c6c696e672053746f6e657320e4e0b8f220eaeeedf6e5f0f220e220c2e0f0f8e0e2e528f1eef62eebe0e3e5f0fc292e, '', '');
INSERT INTO holidays (id, date_hol, name_hol, type_hol, comment) VALUES (171, '14.04.1912', 0xd2e8f2e0ede8ea20f1f2eeebeaedf3ebf1ff20f120e0e9f1e1e5f0e3eeec20e820e7e0f2eeedf3eb, '', '');
INSERT INTO holidays (id, date_hol, name_hol, type_hol, comment) VALUES (172, '14.04.1980', 0xc220c0ede3ebe8e820e220eff0eee4e0e6f320e2fbf5eee4e8f220efe5f0e2e0ff20ecf3e7fbeae0ebfcede0ff20e2e8e4e5eeeae0f1f1e5f2e028c3e0f0e820cdfcfeece0ed292e, '', '');
INSERT INTO holidays (id, date_hol, name_hol, type_hol, comment) VALUES (173, '15.04.1993', 0xe4e5edfc20f0eee6e4e5ede8ff20eaeeecefe0ede8e820cdca20decaced12e20caeef0efeef0e0f2e8e2edfbe920eff0e0e7e4ede8ea, '', '');
INSERT INTO holidays (id, date_hol, name_hol, type_hol, comment) VALUES (174, '18.04', 0xece5e6e4f3ede0f0eee4edfbe920e4e5edfc20efe0ecfff2ede8eaeee220e820e8f1f2eef0e8f7e5f1eae8f520ece5f1f2, '', '');
INSERT INTO holidays (id, date_hol, name_hol, type_hol, comment) VALUES (175, '18.04.1242', 0xe4e5edfc20e2eee8edf1eaeee920f1ebe0e2fb20d0eef1f1e8e82e20c4e5edfc20efeee1e5e4fb20f0f3f1f1eae8f520e2eee8edeee220eaedffe7ff20c0ebe5eaf1e0ede4f0e020cde5e2f1eaeee3ee20ede0e420ede5ece5f6eae8ece820f0fbf6e0f0ffece820ede020d7f3e4f1eaeeec20eee7e5f0e52028cbe5e4eee2eee520efeee1eee8f9e529, '', '');
INSERT INTO holidays (id, date_hol, name_hol, type_hol, comment) VALUES (176, '20.04', 0xf0eee4e8ebf1ff20ece0ebe5edfceae8e920c3e8f2ebe5f0, '', '');
INSERT INTO holidays (id, date_hol, name_hol, type_hol, comment) VALUES (177, '21.04', 0xe4e5edfc20d2e8f5eeeeeae5e0edf1eaeee3ee20f4ebeef2e020d0eef1f1e8e8, '', '');
INSERT INTO holidays (id, date_hol, name_hol, type_hol, comment) VALUES (178, '21.04.1785', 0xe8e7e4e0ede02027c3f0e0eceef2e020ede020eff0e0e2e02c20e2eeebfcedeef1f2e820e820eff0e5e8ecf3f9e5f1f2e2e020e1ebe0e3eef0eee4edeee3ee20e4e2eef0ffedf1f2e2e0272028c6e0ebeee2e0edede0ff20e3f0e0eceef2e020e4e2eef0ffedf1f2e2f329, '', '');
INSERT INTO holidays (id, date_hol, name_hol, type_hol, comment) VALUES (179, '21.04.1963', 0x426561746c657320efeef1e5f9e0fef220eaeeedf6e5f0f2202720526f6c6c696e672053746f6e65732720e220d0e8f7eceeede4e52e, '', '');
INSERT INTO holidays (id, date_hol, name_hol, type_hol, comment) VALUES (180, '22.04', 0xe1fbebe020f1eee2e5f0f8e5ede020efe5f0e2e0ff20efe5f0e5f1e0e4eae020e3ebe0e7e020f7e5ebeee2e5eaf3, '', '');
INSERT INTO holidays (id, date_hol, name_hol, type_hol, comment) VALUES (181, '22.04', 0xcce5e6e4f3ede0f0eee4edfbe920e4e5edfc20eeeaf0f3e6e0fef9e5e920f1f0e5e4fb, '', '');
INSERT INTO holidays (id, date_hol, name_hol, type_hol, comment) VALUES (182, '22.04.1870', 0xe4e5edfc20f0eee6e4e5ede8ff20c22ec82e20cbe5ede8ede02c20e2eee6e4ff20ece8f0eee2eee3ee20eff0eeebe5f2e0f0e8e0f2e0, '', '');
INSERT INTO holidays (id, date_hol, name_hol, type_hol, comment) VALUES (183, '22.04.1970', 0xe4e5edfc20c7e5ecebe82c20eff0eee2eee4e8ecfbe920e220eae0f7e5f1f2e2e520ece5f0eeeff0e8fff2e8ff20f1203139373020e3eee4e020f120f6e5ebfcfe20eee1fae5e4e8ede5ede8ff20ebfee4e5e920efebe0ede5f2fb20e220e4e5ebe520e7e0f9e8f2fb20eeeaf0f3e6e0fef9e5e920f1f0e5e4fb2e, '', '');
INSERT INTO holidays (id, date_hol, name_hol, type_hol, comment) VALUES (184, '22.04.2003', 0xe220cdfcfe2dc9eef0eae520f1eef1f2eeffebf1ff20f2eef0e6e5f1f2e2e5ededfbe920e7e0eff3f1ea2036342df0e0e7f0ffe4edeee3ee20eff0eef6e5f1f1eef0e020414d44204f707465726f6e2e20cfeeebede0ff20f1eee2ece5f1f2e8eceef1f2fc20f120f1f3f9e5f1f2e2f3fef9e8ece82033322df0e0e7f0ffe4edfbece820ced120e820eff0e8eaebe0e4edfbece820eff0eee3f0e0ecece0ece82e, '', '');
INSERT INTO holidays (id, date_hol, name_hol, type_hol, comment) VALUES (185, '23.04', 0xe2f1e5ece8f0edfbe920e4e5edfc20eaede8e3e820e820e7e0f9e8f2fb20e0e2f2eef0f1eae8f520eff0e0e2, '', '');
INSERT INTO holidays (id, date_hol, name_hol, type_hol, comment) VALUES (186, '23.04', 0xe4e5edfc20e4e5f2e5e920e220d2d0d1ca2028d2f3f0e5f6eae0ff20d0e5f1eff3e1ebe8eae020d1e5e2e5f0edeee3ee20cae8eff0e029, '', '');
INSERT INTO holidays (id, date_hol, name_hol, type_hol, comment) VALUES (187, '23.04', 0xe2f1e5ece8f0edfbe920e4e5edfc20eaede8e3e820e820e7e0f9e8f2fb20e0e2f2eef0f1eae8f520eff0e0e2, '', '');
INSERT INTO holidays (id, date_hol, name_hol, type_hol, comment) VALUES (188, '23.04', 0xe4e5edfc20e2e5ebeef1e8efe5e4e0, '', '');
INSERT INTO holidays (id, date_hol, name_hol, type_hol, comment) VALUES (189, '23.04', 0xe4e5edfc20efe5f0f6e020ede020c1e5f0ecf3e4e0f5, '', '');
INSERT INTO holidays (id, date_hol, name_hol, type_hol, comment) VALUES (190, '23.04.1965', 0xc7e0eff3f9e5ed20efe5f0e2fbe920f1eee2e5f2f1eae8e920f1eff3f2ede8ea20f1e2ffe7e82027cceeebede8ff2d31272e20cfeeebeee6e5edee20ede0f7e0ebee20f1eff3f2ede8eaeee2eee3ee20f2e5ebe5e2e8e4e5ede8ff2e20cde0f7e0ebe020e1f3f0edee20f0e0e7e2e8e2e0f2fcf1ff20eaeef1ece8f7e5f1eae0ff20f2e5ebe5e2e8e7e8eeedede0ff20f1e5f2fc, '', '');
INSERT INTO holidays (id, date_hol, name_hol, type_hol, comment) VALUES (191, '24.04', 0xc2f1e5ece8f0edfbe920e4e5edfc20efeef0eee4ede5ededfbf520e3eef0eee4eee2, '', '');
INSERT INTO holidays (id, date_hol, name_hol, type_hol, comment) VALUES (192, '24.04', 0xece5e6e4f3ede0f0eee4edfbe920e4e5edfc20f1eeebe8e4e0f0edeef1f2e820eceeebeee4e5e6e8, '', '');
INSERT INTO holidays (id, date_hol, name_hol, type_hol, comment) VALUES (193, '25.04', 0xe220c5e3e8eff2e520e4e5edfc20eef1e2eee1eee6e4e5ede8ff20d1e8ede0ff2e20cff0e0e7e4ede8ea20eef2ece5f7e0e5f2f1ff20e220f7e5f1f2fc20e2eef1f1f2e0edeee2ebe5ede8ff20e5e3e8efe5f2f1eaeee3ee20eaeeedf2f0eeebff20ede0e420d1e8ede0e9f1eae8ec20efeeebf3eef1f2f0eee2eeec2e, '', '');
INSERT INTO holidays (id, date_hol, name_hol, type_hol, comment) VALUES (194, '26.04', 0xc2f1e5ece8f0edfbe920e4e5edfc20e8edf2e5ebebe5eaf2f3e0ebfcedeee920f1eee1f1f2e2e5edeef1f2e8, '', '');
INSERT INTO holidays (id, date_hol, name_hol, type_hol, comment) VALUES (195, '26.04', 0xe4e5edfc20efe0ecfff2e820efeee3e8e1f8e8f520e220f0e0e4e8e0f6e8eeededfbf520e0e2e0f0e8fff520e820eae0f2e0f1f2f0eef4e0f5, '', '');
INSERT INTO holidays (id, date_hol, name_hol, type_hol, comment) VALUES (196, '26.04.1986', 0xeff0eee8e7eef8ebe020eae0f2e0f1f2f0eef4e020ede0203420fdede5f0e3eee1ebeeeae520d7e5f0edeee1fbebfcf1eaeee920c0ddd12e, '', '');
INSERT INTO holidays (id, date_hol, name_hol, type_hol, comment) VALUES (197, '28.04', 0xe4e5edfc20ece0f2e5f0e820d0eef1f1e8e8, '', '');
INSERT INTO holidays (id, date_hol, name_hol, type_hol, comment) VALUES (198, '29.04', 0xe220dfefeeede8e820e4e5edfc20e7e5ebe5edfbf520ede0f1e0e6e4e5ede8e9, '', '');
INSERT INTO holidays (id, date_hol, name_hol, type_hol, comment) VALUES (199, '29.04', 0xece5e6e4f3ede0f0eee4edfbe920e4e5edfc20f2e0edf6e0, '', '');
INSERT INTO holidays (id, date_hol, name_hol, type_hol, comment) VALUES (200, '30.04', 0xf1e5e3eee4edfff8edffff20edeef7fc202d20c2e0ebfceff3f0e3e8e5e2e020edeef7fc2120cdeef7fc20e4e5eceeedeee22c20e2e5e4fc2c20e4f3f5eee220e820eff0eef7e5e920ede5f7e8f1f2e8, '', '');
INSERT INTO holidays (id, date_hol, name_hol, type_hol, comment) VALUES (201, '30.04', 0xe4e5edfc20efeee6e0f0edeee920eef5f0e0edfb, '', '');
INSERT INTO holidays (id, date_hol, name_hol, type_hol, comment) VALUES (202, '30.04.1977', 0xf0e5eaeef0e4edeee520eaeeeb2de2ee20e7f0e8f2e5ebe5e920ede020eaeeedf6e5f0f2e520274c6564205a657070656c696e2720e0ece5f0e8eae0edf1eae8e920f1f2e0e4e8eeed202753696c76657220446f6d652720373632323920f7e5ebeee2e5eae02e, '', '');
INSERT INTO holidays (id, date_hol, name_hol, type_hol, comment) VALUES (203, '30.04.1993', 0xffe7fbea2048544d4c20e820eff0eef2eeeaeeeb20485454502c20f1eee7e4e0ededfbe920d2e8eceeec20c1e5f0ebe5f12dcbe8202854696d204265726e6572732d4c65652920e4ebff20edf3e6e420ffe4e5f0edfbf520f4e8e7e8eaeee2, '', '');
INSERT INTO holidays (id, date_hol, name_hol, type_hol, comment) VALUES (204, '01.05', 0xefe5f0e2eeece0e920e220d0e5f1eff3e1ebe8eae520cae8eff02c20c4e5edfc20eceeebeee4e5e6e820e820f1efeef0f2e020e220d2d0d1ca2028d2f3f0e5f6eae0ff20d0e5f1eff3e1ebe8eae020d1e5e2e5f0edeee3ee20cae8eff0e029, '', '');
INSERT INTO holidays (id, date_hol, name_hol, type_hol, comment) VALUES (205, '01.05', 0xeff0e0e7e4ede8ea20c2e5f1edfb20e820d2f0f3e4e0, '', '');
INSERT INTO holidays (id, date_hol, name_hol, type_hol, comment) VALUES (206, '01.05', 0xe220c0ede4eef0f0e520e4e5edfc20f2f0f3e4e02e20c220c0ede4eef0f0e520fdf2ee20f1eaeef0e5e520e4e0edfc20f3e2e0e6e5ede8ff20d4f0e0edf6e8e820e820c8f1efe0ede8e83a20f0e0e1eef7e5e3ee20e4e2e8e6e5ede8ff20e220f1f2f0e0ede520ede520f1f3f9e5f1f2e2f3e5f22e, '', '');
INSERT INTO holidays (id, date_hol, name_hol, type_hol, comment) VALUES (207, '01.05', 0xe220c8f1efe0ede8e820e4e5edfc20f1e2fff2eee3ee20c8eef1e8f4e02e20d0e5ebe8e3e8eee7edeee520ede0e7e2e0ede8e520ede520e4eeebe6edee20e2e2eee4e8f2fc20e220e7e0e1ebf3e6e4e5ede8e52e20c220e4e5e9f1f2e2e8f2e5ebfcedeef1f2e820fdf2ee20cce5e6e4f3ede0f0eee4edfbe920e4e5edfc20f1eeebe8e4e0f0edeef1f2e820f2f0f3e4fff9e8f5f1ff2c20ebfee1e8eceee520e2f0e5ecff20e4e5eceeedf1f2f0e0f6e8e920e820eff0eef4f1eefee7edfbf520f8e5f1f2e2e8e9, '', '');
INSERT INTO holidays (id, date_hol, name_hol, type_hol, comment) VALUES (208, '01.05.1964', 0xe7e0eff3f9e5ede020efe5f0e2e0ff20eff0eee3f0e0ecece020ede020ffe7fbeae520424153494b, '', '');
INSERT INTO holidays (id, date_hol, name_hol, type_hol, comment) VALUES (209, '01.05.1969', 0xe4e5edfc20f0eee6e4e5ede8e520f4e8f0ecfb20414d442c20eee4edeee920e8e720e2e5e4f3f9e8f520f4e8f0ec20eff0eee8e7e2eee4e8f2e5ebe5e920eff0eef6e5f1f1eef0eee220e820ece8eaf0eef1f5e5ec2e, '', '');
INSERT INTO holidays (id, date_hol, name_hol, type_hol, comment) VALUES (210, '01.05.1991', 0xe4e5edfc2027cce0e9f1eae8e920e4e5edfc272028274d617944617927292e20cceeebeee4e5e6edfbe920eff0e0e7e4ede8ea2e20cff0e8e4f3ece0eb20e2203139393120ede5ece5f6eae8e920e4e82de4e6e5e920cce0eaf1e8ece8ebe0e0ed20cbe5edf620284442205765737462616d292e, '', '');
INSERT INTO holidays (id, date_hol, name_hol, type_hol, comment) VALUES (211, '02.05', 0xeff0e0e7e4ede8ea20c2e5f1edfb20e820d2f0f3e4e0, '', '');
INSERT INTO holidays (id, date_hol, name_hol, type_hol, comment) VALUES (212, '02.05', 0xe220c8f1efe0ede8e820e4e5edfc20e0e2f2eeedeeece8e82028f2eeebfceaee20e220f1f2eeebe8f6e520e820e220eff0eee2e8edf6e8e820cce0e4f0e8e4292e, '', '');
INSERT INTO holidays (id, date_hol, name_hol, type_hol, comment) VALUES (213, '02.05.1945', 0xe4e5edfc20e2e7fff2e8ff20c1e5f0ebe8ede020f1eee2e5f2f1eae8ece820e2eee9f1eae0ece8, '', '');
INSERT INTO holidays (id, date_hol, name_hol, type_hol, comment) VALUES (214, '03.05', 0xe2f1e5ece8f0edfbe920e4e5edfc20f1e2eee1eee4fb20efe5f7e0f2e8, '', '');
INSERT INTO holidays (id, date_hol, name_hol, type_hol, comment) VALUES (215, '03.05', 0xe220dfefeeede8e820e4e5edfc20eaeeedf1f2e8f2f3f6e8e82e20d1f7e8f2e0e5f2f1ff20eee4ede8ec20e8e720f1e0ecfbf520e3ebe0e2edfbf520ffefeeedf1eae8f520eff0e0e7e4ede8eaeee22e20cef2ece5f7e0e5f2f1ff20e220e3eee4eee2f9e8edf320eff0e8edfff2e8ff20efeef1ebe5e2eee5ededeee920eaeeedf1f2e8f2f3f6e8e820dfefeeede8e82e, '', '');
INSERT INTO holidays (id, date_hol, name_hol, type_hol, comment) VALUES (216, '04.05', 0xe220dfefeeede8e820eff0e0e7e4ede8ea20ede0f6e8e82e, '', '');
INSERT INTO holidays (id, date_hol, name_hol, type_hol, comment) VALUES (217, '05.05', 0xe220dfefeeede8e820e4e5edfc20e4e5f2e5e92e, '', '');
INSERT INTO holidays (id, date_hol, name_hol, type_hol, comment) VALUES (218, '05.05', 0xe4e5edfc20c5e2f0eeeffb, '', '');
INSERT INTO holidays (id, date_hol, name_hol, type_hol, comment) VALUES (219, '05.05', 0xece5e6e4f3ede0f0eee4edfbe920e4e5edfc20e1eef0fce1fb20e7e020eff0e0e2e020e8ede2e0ebe8e4eee2, '', '');
INSERT INTO holidays (id, date_hol, name_hol, type_hol, comment) VALUES (220, '05.05.1891', 0xeef2eaf0fbf2e8e520cae0f0ede5e3e82df5eeebeb20e220cdfcfe2dc9eef0eae52e, '', '');
INSERT INTO holidays (id, date_hol, name_hol, type_hol, comment) VALUES (221, '06.05', 0xcff3f8eae8edf1eae8e920e4e5edfc20d0eef1f1e8e8, '', '');
INSERT INTO holidays (id, date_hol, name_hol, type_hol, comment) VALUES (222, '06.05', 0xe220c1eeebe3e0f0e8e820e4e5edfc20f1e2fff2eee3ee20c3e5eef0e3e8ff2e20cef4e8f6e8e0ebfcedfbe920eff0e0e7e4ede8ea20e2eeeef0f3e6e5ededfbf520f1e8eb20c1eeebe3e0f0e8e82c20eef2ece5f7e0e5f2f1ff20e2eee5ededfbec20efe0f0e0e4eeec20ede020e3ebe0e2edeee920efebeef9e0e4e820d1eef4e8e82e, '', '');
INSERT INTO holidays (id, date_hol, name_hol, type_hol, comment) VALUES (223, '06.05', 0xe4e5edfc20d1e2fff2eee3ee20c3e5eef0e3e8ff20cfeee1e5e4eeedeef1f6e0, '', '');
INSERT INTO holidays (id, date_hol, name_hol, type_hol, comment) VALUES (224, '07.05', 0xe4e5edfc20f0e0e4e8ee2c20eff0e0e7e4ede8ea20f0e0e1eef2ede8eaeee220e2f1e5f520eef2f0e0f1ebe5e920f1e2ffe7e8, '', '');
INSERT INTO holidays (id, date_hol, name_hol, type_hol, comment) VALUES (225, '07.05.1971', 0x426c61636b2053616262617468202d20e0ebfce1eeec2027506172616e6f69642720efeeebf3f7e0e5f22027e7eeebeef2ee272e, '', '');
INSERT INTO holidays (id, date_hol, name_hol, type_hol, comment) VALUES (226, '08.05', 0xe2f1e5ece8f0edfbe920e4e5edfc20caf0e0f1edeee3ee20caf0e5f1f2e020e820caf0e0f1edeee3ee20cfeeebf3ece5f1fff6e0, '', '');
INSERT INTO holidays (id, date_hol, name_hol, type_hol, comment) VALUES (227, '08.05', 0xe220d7e5f5e8e820c4e5edfc20eef1e2eee1eee6e4e5ede8ff2e, '', '');
INSERT INTO holidays (id, date_hol, name_hol, type_hol, comment) VALUES (228, '08.05.1945', 0xc3e5f0ece0ede8ff20efeee4efe8f1e0ebe020e0eaf220ee20eae0efe8f2f3ebfff6e8e820e2ee20c2f2eef0eee920cce8f0eee2eee920c2eee9ede5, '', '');
INSERT INTO holidays (id, date_hol, name_hol, type_hol, comment) VALUES (229, '08.05.1970', 0xc2fbf5eee4e8f220e220f1e2e5f220e4e8f1ea20274c6574204974204265272e, '', '');
INSERT INTO holidays (id, date_hol, name_hol, type_hol, comment) VALUES (230, '09.05', 0xe4e5edfc20e2eee8edf1eaeee920f1ebe0e2fb20d0eef1f1e8e82e20e4e5edfc20cfeee1e5e4fb20f1eee2e5f2f1eaeee3ee20ede0f0eee4e020e220c2e5ebe8eaeee920cef2e5f7e5f1f2e2e5ededeee920e2eee9ede520313934312d3139343520e3eee4eee2, '', '');
INSERT INTO holidays (id, date_hol, name_hol, type_hol, comment) VALUES (231, '10.05', 0xece5e6e4f3ede0f0eee4edfbe920e4e5edfc20eff2e8f6, '', '');
INSERT INTO holidays (id, date_hol, name_hol, type_hol, comment) VALUES (232, '12.05', 0xe2f1e5ece8f0edfbe920e4e5edfc20ece5e4e8f6e8edf1eae8f520f1e5f1f2e5f0, '', '');
INSERT INTO holidays (id, date_hol, name_hol, type_hol, comment) VALUES (233, '15.05', 0xcce5e6e4f3ede0f0eee4edfbe920e4e5edfc20f1e5ecfce8, '', '');
INSERT INTO holidays (id, date_hol, name_hol, type_hol, comment) VALUES (234, '15.05', 0xe220c8f1efe0ede8e820e4e5edfc20f1e2fff2eee3ee20c8f1e8e4eef0e02028f2eeebfceaee20e220cce0e4f0e8e4e5292e, '', '');
INSERT INTO holidays (id, date_hol, name_hol, type_hol, comment) VALUES (235, '15.05', 0xece5e6e4f3ede0f0eee4edfbe920e4e5edfc20f1e5ecfce8, '', '');
INSERT INTO holidays (id, date_hol, name_hol, type_hol, comment) VALUES (236, '15.05.1935', 0xcef1edeee2e0ede8e520cceef1eaeee2f1eaeee3ee20ece5f2f0eeefeeebe8f2e5ede0, '', '');
INSERT INTO holidays (id, date_hol, name_hol, type_hol, comment) VALUES (237, '16.05', 0xe2f1e5ece8f0edfbe920e4e5edfc20efe0ecfff2e820e6e5f0f2e220d1cfc8c4e0, '', '');
INSERT INTO holidays (id, date_hol, name_hol, type_hol, comment) VALUES (238, '17.05', 0xece5e6e4f3ede0f0eee4edfbe920e4e5edfc20fdebe5eaf2f0eef1e2ffe7e820e820f2e5ebe5eaeeececf3ede8eae0f6e8e9, '', '');
INSERT INTO holidays (id, date_hol, name_hol, type_hol, comment) VALUES (239, '17.05.1961', 0xc4e5edfc20f0eee6e4e5ede8ff20eae0ede0e4f1eaeee920efe5e2e8f6fb20456e79612e, '', '');
INSERT INTO holidays (id, date_hol, name_hol, type_hol, comment) VALUES (240, '18.05', 0xcce5e6e4f3ede0f0eee4edfbe920e4e5edfc20ecf3e7e5e5e2, '', '');
INSERT INTO holidays (id, date_hol, name_hol, type_hol, comment) VALUES (241, '18.05.1962', 0xd0eee4e8ebe0f1fc20d1e0ede4f0e02e, '', '');
INSERT INTO holidays (id, date_hol, name_hol, type_hol, comment) VALUES (242, '19.05', 0xe4e5edfc20efe8eeede5f0e8e8, '', '');
INSERT INTO holidays (id, date_hol, name_hol, type_hol, comment) VALUES (243, '19.05.1922', 0xe4e5edfc20f0eee6e4e5ede8ff20efe8eeede5f0f1eaeee920eef0e3e0ede8e7e0f6e8e8, '', '');
INSERT INTO holidays (id, date_hol, name_hol, type_hol, comment) VALUES (244, '21.05', 0xe4e5edfc20e1eef0fce1fb20eff0eef2e8e220f2e5f0f0eef0e8e7ece020e220c8ede4e8e8, '', '');
INSERT INTO holidays (id, date_hol, name_hol, type_hol, comment) VALUES (245, '21.05', 0xe4e5edfc20e7e0f9e8f2fb20eef220e1e5e7f0e0e1eef2e8f6fb, '', '');
INSERT INTO holidays (id, date_hol, name_hol, type_hol, comment) VALUES (246, '21.05', 0xe4e5edfc20efe0ecfff2e820f3ece5f0f8e8f520eef220d1cfc8c4e0, '', '');
INSERT INTO holidays (id, date_hol, name_hol, type_hol, comment) VALUES (247, '21.05.1992', 0xe4e5edfc20e7e0f9e8f2fb20eef220e1e5e7f0e0e1eef2e8f6fb20e220d0eef1f1e8e8, '', '');
INSERT INTO holidays (id, date_hol, name_hol, type_hol, comment) VALUES (248, '22.05', 0xe4e5edfc20f0eee6e4e5ede8ff20f2e5f5edeeebeee3e8e8202745746865726e657427, '', '');
INSERT INTO holidays (id, date_hol, name_hol, type_hol, comment) VALUES (249, '24.05', 0xe220c1eeebe3e0f0e8e820e4e5edfc20f1e2fff2fbf520cae8f0e8ebebe020e820cce5f4eee4e8ff2e, '', '');
INSERT INTO holidays (id, date_hol, name_hol, type_hol, comment) VALUES (250, '24.05', 0xe4e5edfc20f1ebe0e2ffedf1eaeee920efe8f1fcece5ededeef1f2e820e820eaf3ebfcf2f3f0fb, '', '');
INSERT INTO holidays (id, date_hol, name_hol, type_hol, comment) VALUES (251, '24.05.1819', 0xe4e5edfc20eaeef0eeebe5e2fb20c2e8eaf2eef0e8e82e20c4e5edfc20f0eee6e4e5ede8ff20eaeef0eeebe5e2fb20c2e8eaf2eef0e8e82028323420ece0ff203138313920e3eee4e02920eaeee3e4e02df2ee20e1fbeb20e3ebe0e2edfbec20eff0e0e7e4ede8eaeeec20e2f1e5e920c1f0e8f2e0edf1eaeee920e8ecefe5f0e8e82e20d2e5efe5f0fc20e5e3ee20e7e0e1fbebe820e4e0e6e520e220c2e5ebe8eaeee1f0e8f2e0ede8e82e20cef2ece5f7e0e5f2f1ff20eeed20f2eeebfceaee20e220cae0ede0, '', '');
INSERT INTO holidays (id, date_hol, name_hol, type_hol, comment) VALUES (252, '25.05', 0xe4e5edfc20eef1e2eee1eee6e4e5ede8ff20c0f4f0e8eae8, '', '');
INSERT INTO holidays (id, date_hol, name_hol, type_hol, comment) VALUES (253, '25.05', 0xe4e5edfc20f5e8ece8eae0, '', '');
INSERT INTO holidays (id, date_hol, name_hol, type_hol, comment) VALUES (254, '26.05.1956', 0xc2fbf5eee4e8f220e220f1e2e5f220f5e8f220d7e0eae020c1fdf0e8202720526f6c6c204f76657220426574686f76656e272e, '', '');
INSERT INTO holidays (id, date_hol, name_hol, type_hol, comment) VALUES (255, '27.05', 0xcee1f9e5f0eef1f1e8e9f1eae8e920e4e5edfc20e1e8e1ebe8eef2e5ea, '', '');
INSERT INTO holidays (id, date_hol, name_hol, type_hol, comment) VALUES (256, '27.05', 0xe4e5edfc20e3eef0eee4e020d1e0edeaf22dcfe5f2e5f0e1f3f0e3e0, '', '');
INSERT INTO holidays (id, date_hol, name_hol, type_hol, comment) VALUES (257, '28.05', 0xe4e5edfc20efeee3f0e0ede8f7ede8eae0, '', '');
INSERT INTO holidays (id, date_hol, name_hol, type_hol, comment) VALUES (258, '31.05', 0xe4e5edfc20eef2eae0e7e020eef220f2e0e1e0eaeeeaf3f0e5ede8ff2e20cff0eee2eee4e8f2f1ff20efee20e8ede8f6e8e0f2e8e2e520c2f1e5ece8f0edeee920eef0e3e0ede8e7e0f6e8e820e7e4f0e0e2eeeef5f0e0ede5ede8ff2028c2cec729, '', '');
INSERT INTO holidays (id, date_hol, name_hol, type_hol, comment) VALUES (259, '01.06', 0xe4e5edfc20ece5ebe8eef0e0f2eef0e0, '', '');
INSERT INTO holidays (id, date_hol, name_hol, type_hol, comment) VALUES (260, '01.06', 0xece5e6e4f3ede0f0eee4edfbe920e4e5edfc20e7e0f9e8f2fb20e4e5f2e5e9, '', '');
INSERT INTO holidays (id, date_hol, name_hol, type_hol, comment) VALUES (261, '01.06.1950', 0xc220c0ede3ebe8e820e2fbf5eee4e8f220efe5f0e2e0ff20efebe0f1f2e8edeae020ede020333320eee1eef0eef2e02e, '', '');
INSERT INTO holidays (id, date_hol, name_hol, type_hol, comment) VALUES (262, '03.06.1976', 0xd5e8f22027426f68656d69616e20526170736f64792720f1f2e0edeee2e8f2f1ff2027e7eeebeef2fbec272e, '', '');
INSERT INTO holidays (id, date_hol, name_hol, type_hol, comment) VALUES (263, '04.06', 0xece5e6e4f3ede0f0eee4edfbe920e4e5edfc20e4e5f2e5e9202d20e6e5f0f2e220e0e3f0e5f1f1e8e8, '', '');
INSERT INTO holidays (id, date_hol, name_hol, type_hol, comment) VALUES (264, '05.06', 0xe2f1e5ece8f0edfbe920e4e5edfc20eef5f0e0edfb20eeeaf0f3e6e0fef9e5e920f1f0e5e4fb, '', '');
INSERT INTO holidays (id, date_hol, name_hol, type_hol, comment) VALUES (265, '06.06', 0xcff3f8eae8edf1eae8e920e4e5edfc20d0eef1f1e8e8, '', '');
INSERT INTO holidays (id, date_hol, name_hol, type_hol, comment) VALUES (266, '06.06.1962', 0xc4e6eef0e620cce0f0f2e8ed20e2efe5f0e2fbe520eff0eef1ebf3f8e8e2e0e5f227426561746c6573272e, '', '');
INSERT INTO holidays (id, date_hol, name_hol, type_hol, comment) VALUES (267, '08.06', 0xe4e5edfc20f0e0e1eef2ede8eaeee220f2e5eaf1f2e8ebfcedeee920e820ebe5e3eaeee920eff0eeecfbf8ebe5ededeef1f2e8, '', '');
INSERT INTO holidays (id, date_hol, name_hol, type_hol, comment) VALUES (268, '08.06', 0xe4e5edfc20f1eef6e8e0ebfcedeee3ee20f0e0e1eef2ede8eae0, '', '');
INSERT INTO holidays (id, date_hol, name_hol, type_hol, comment) VALUES (269, '09.06.1978', 0xc3eee4eee2f9e8ede020efeeffe2ebe5ede8ff20efe5f0e2eee3ee20ece8eaf0eeeff0eef6e5f1f1eef0e020496e74656c20f1e5ece5e9f1f2e2e0207838362e2031362df0e0e7f0ffe4edfbe920eff0e0e4e5e4f3f8eae020693830383620f1eee4e5f0e6e0eb20323920f2fbf1fff720f2f0e0ede7e8f1f2eef0eee220e820f0e0e1eef2e0eb20ede020f7e0f1f2eef2e52e30362eccc3f6, '', '');
INSERT INTO holidays (id, date_hol, name_hol, type_hol, comment) VALUES (270, '12.06.1965', 0xcde0e3f0e0e6e4e5ede8e52027426561746c65732720eef0e4e5edeeec20c1f0e8f2e0edf1eaeee920c8ecefe5f0e8e82e, '', '');
INSERT INTO holidays (id, date_hol, name_hol, type_hol, comment) VALUES (271, '12.06.1991', 0xc1eef0e8f120c5ebfcf6e8ed20f1f2e0eb20efe5f0e2fbec20eff0e5e7e8e4e5edf2eeec20d0eef1f1e8e9f1eaeee920d4e5e4e5f0e0f6e8e8, '', '');
INSERT INTO holidays (id, date_hol, name_hol, type_hol, comment) VALUES (272, '12.06.1991', 0xe4e5edfc20eff0e8edfff2e8ff20c4e5eaebe0f0e0f6e8e820ee20e3eef1f3e4e0f0f1f2e2e5ededeeec20f1f3e2e5f0e5ede8f2e5f2e520d0eef1f1e8e9f1eaeee920d4e5e4e5f0e0f6e8e8, '', '');
INSERT INTO holidays (id, date_hol, name_hol, type_hol, comment) VALUES (273, '14.06.1965', 0xc4e5edfc20f0eee6e4e5ede8ff20efe5f1ede82027596573746572646179272e, '', '');
INSERT INTO holidays (id, date_hol, name_hol, type_hol, comment) VALUES (274, '15.06', 0xe4e5edfc20ece5e4e8f6e8edf1eaeee3ee20f0e0e1eef2ede8eae0, '', '');
INSERT INTO holidays (id, date_hol, name_hol, type_hol, comment) VALUES (275, '16.06', 0xe4e5edfc20e0f4f0e8eae0edf1eaeee3ee20f0e5e1e5edeae0, '', '');
INSERT INTO holidays (id, date_hol, name_hol, type_hol, comment) VALUES (276, '16.06', 0xece5e6e4f3ede0f0eee4edfbe920e4e5edfc20f1eeebe8e4e0f0edeef1f2e820f120e1eef0fef9e8ece8f1ff20ede0f0eee4e0ece820dee6edeee920c0f4f0e8eae8, '', '');
INSERT INTO holidays (id, date_hol, name_hol, type_hol, comment) VALUES (277, '16.06.1671', 0xcae0e7ede5ed20d1f2e5efe0ed20d0e0e7e8ed, '', '');
INSERT INTO holidays (id, date_hol, name_hol, type_hol, comment) VALUES (278, '16.06.1992', 0xcef4e8f6e8e0ebfcedeee520e2f1f2f3efebe5ede8e520d0eef1f1e8e820e2ee20c2f1e5ece8f0edfbe920e1e0edea, '', '');
INSERT INTO holidays (id, date_hol, name_hol, type_hol, comment) VALUES (279, '17.06', 0xe2f1e5ece8f0edfbe920e4e5edfc20e1eef0fce1fb20f120eeeff3f1f2fbede8e2e0ede8e5ec20e820e7e0f1f3f5eee9, '', '');
INSERT INTO holidays (id, date_hol, name_hol, type_hol, comment) VALUES (280, '18.06.1956', 0xe220c5e3e8eff2e520e4e5edfc20fde2e0eaf3e0f6e8e82e20cef2ece5f7e0e5f2f1ff20e220e3eee4eee2f9e8edf320f3f5eee4e020e1f0e8f2e0edf1eae8f520e2eee9f1ea20e8e720c5e3e8eff2e020e2203139353620e3eee4f32e, '', '');
INSERT INTO holidays (id, date_hol, name_hol, type_hol, comment) VALUES (281, '21.06', 0xe4e5edfc20cbe5f2ede5e3ee20d1eeebedf6e5f1f2eeffede8ff, '', '');
INSERT INTO holidays (id, date_hol, name_hol, type_hol, comment) VALUES (282, '21.06.1948', 0xcaeeebf3ece1e8ff20e2fbeff3f1eae0e5f220284c502920efe5f0e2f3fe20e4eeebe3eee8e3f0e0fef9f3fe20efebe0f1f2e8edeaf32e, '', '');
INSERT INTO holidays (id, date_hol, name_hol, type_hol, comment) VALUES (283, '21.06.1997', 0xc4e5edfc20f0eee6e4e5ede8ff20eae8e1e5f0f1efeef0f2e03a20c4e5edede8f120d4eeede32028ede8ea204c47442d5468726573682920e2fbe8e3f0e0eb20f2f3f0ede8f02052656420416e6e6968696c6174696f6e20e820efeeebf3f7e8eb204665727261726920333238204754532c20eff0e8ede0e4ebe5e6e0e2f8e8e920c4e6eeedf320cae0f0ece0eaf320e820e2fbf1f2e0e2ebe5ededfbe920e220eae0f7e5f1f2e2e520e3ebe0e2edeee3ee20eff0e8e7e02e, '', '');
INSERT INTO holidays (id, date_hol, name_hol, type_hol, comment) VALUES (284, '22.06', 0xe4e5edfc20efe0ecfff2e820e820f1eaeef0e1e8, '', '');
INSERT INTO holidays (id, date_hol, name_hol, type_hol, comment) VALUES (285, '22.06.1941', 0xcde0f7e0ebee20c2e5ebe8eaeee920cef2e5f7e5f1f2e2e5ededeee920e2eee9edfb, '', '');
INSERT INTO holidays (id, date_hol, name_hol, type_hol, comment) VALUES (286, '23.06', 0xece5e6e4f3ede0f0eee4edfbe920ceebe8ecefe8e9f1eae8e920e4e5edfc, '', '');
INSERT INTO holidays (id, date_hol, name_hol, type_hol, comment) VALUES (287, '24.06', 0xe220c0ede4eef0f0e520e4e5edfc20f1e2fff2eee3ee20c8eee0edede02c20efeeeaf0eee2e8f2e5ebff20c0ede4eef0f0fb2e, '', '');
INSERT INTO holidays (id, date_hol, name_hol, type_hol, comment) VALUES (288, '24.06', 0xe220c8f1efe0ede8e820e8ece5ede8edfb20eaeef0eeebff20d5f3e0ede020cae0f0ebeef1e020492e, '', '');
INSERT INTO holidays (id, date_hol, name_hol, type_hol, comment) VALUES (289, '24.06', 0xe4e5edfc20e8e7eee1f0e5f2e0f2e5ebff20e820f0e0f6e8eeede0ebe8e7e0f2eef0e0, '', '');
INSERT INTO holidays (id, date_hol, name_hol, type_hol, comment) VALUES (290, '24.06.1945', 0xc8f1f2eef0e8f7e5f1eae8e920efe0f0e0e420cfeee1e5e4fb20ede020caf0e0f1edeee920efebeef9e0e4e8, '', '');
INSERT INTO holidays (id, date_hol, name_hol, type_hol, comment) VALUES (291, '25.06', 0xe4e5edfc20e4f0f3e6e1fb2c20e5e4e8ede5ede8ff20f1ebe0e2ffed, '', '');
INSERT INTO holidays (id, date_hol, name_hol, type_hol, comment) VALUES (292, '25.06.1975', 0xcef4e8f6e8e0ebfcedeee520e7e0ffe2ebe5ede8e520d0e8f7e820c1ebe5eaeceef0e020ee20f0e0e7f0fbe2e520f120274465657020707572706c65272e, '', '');
INSERT INTO holidays (id, date_hol, name_hol, type_hol, comment) VALUES (293, '26.06', 0xe4e5edfc20f1e2eee1eee4fb20dee6edeee920c0f4f0e8eae8, '', '');
INSERT INTO holidays (id, date_hol, name_hol, type_hol, comment) VALUES (294, '26.06', 0xece5e6e4f3ede0f0eee4edfbe920e4e5edfc20e1eef0fce1fb20f120ede0f0eaeeece0ede8e5e920e820ede5e7e0eaeeededfbec20eee1eef0eef2eeec20ede0f0eaeef2e8eaeee2, '', '');
INSERT INTO holidays (id, date_hol, name_hol, type_hol, comment) VALUES (295, '27.06', 0xe4e5edfc20eceeebeee4e5e6e8, '', '');
INSERT INTO holidays (id, date_hol, name_hol, type_hol, comment) VALUES (296, '28.06.1497', 0xe4e5edfc20e8e7eee1f0e5f2e5ede8ff20eae8f2e0e9f6e0ece820e7f3e1edeee920f9e5f2eae8, '', '');
INSERT INTO holidays (id, date_hol, name_hol, type_hol, comment) VALUES (297, '28.06.1977', 0xc0f0e5f1f2202753657820506973746f6c732720e7e020e4f0e0eaf320ede020e1eef0f2f32027caeef0eeebe5e2e020ddebe8e7e0e1e5f2272e, '', '');
INSERT INTO holidays (id, date_hol, name_hol, type_hol, comment) VALUES (298, '29.06.1973', 0xdfed20c3e8ebe0ed20eef1f2e0e2ebffe5f2274465657020507572706c65272e, '', '');
INSERT INTO holidays (id, date_hol, name_hol, type_hol, comment) VALUES (299, '01.07', 0xe2f1e5ece8f0edfbe920e4e5edfc20e0f0f5e8f2e5eaf2f3f0fb, '', '');
INSERT INTO holidays (id, date_hol, name_hol, type_hol, comment) VALUES (300, '01.07', 0xe4e5edfc20f0e0e1eef2ede8eaeee220eceef0f1eaeee3ee20e820f0e5f7edeee3ee20f4ebeef2e0, '', '');
INSERT INTO holidays (id, date_hol, name_hol, type_hol, comment) VALUES (301, '01.07', 0xece5e6e4f3ede0f0eee4edfbe920e4e5edfc20eaeeeeefe5f0e0f6e8e8, '', '');
INSERT INTO holidays (id, date_hol, name_hol, type_hol, comment) VALUES (302, '01.07.1867', 0xe4e5edfc20cae0ede0e4fb2e20c3ebe0e2edfbe920e3eef1f3e4e0f0f1f2e2e5ededfbe920eff0e0e7e4ede8ea2c20f3f1f2e0edeee2ebe5ededfbe920e220f7e5f1f2fc20eee1fae5e4e8ede5ede8ff20e2f1e5f520f1e5e2e5f0eee0ece5f0e8eae0edf1eae8f520eaeeebeeede8e920c1f0e8f2e0ede8e820e220e5e4e8edfbe920e4eeece8ede8eeed20cae0ede0e4e020e2203138363720e3eee4f32e, '', '');
INSERT INTO holidays (id, date_hol, name_hol, type_hol, comment) VALUES (303, '02.07', 0xece5e6e4f3ede0f0eee4edfbe920e4e5edfc20f1efeef0f2e8e2edeee3ee20e6f3f0ede0ebe8f1f2e0, '', '');
INSERT INTO holidays (id, date_hol, name_hol, type_hol, comment) VALUES (304, '03.07.1936', 0xe4e5edfc20eee1f0e0e7eee2e0ede8ff20d0eef1f1e8e9f1eaeee920c3eef1e0e2f2eee8edf1efe5eaf6e8e82028c3c0c829, '', '');
INSERT INTO holidays (id, date_hol, name_hol, type_hol, comment) VALUES (305, '05.07', 0xe220d7e5f5e8e820c4e5edfc20f1e2fff2fbf520cae8f0e8ebebe020e820cce5f4eee4e8ff2e, '', '');
INSERT INTO holidays (id, date_hol, name_hol, type_hol, comment) VALUES (306, '06.07', 0xe220d7e5f5e8e820c4e5edfc20dfede020c3f3f1e02e, '', '');
INSERT INTO holidays (id, date_hol, name_hol, type_hol, comment) VALUES (307, '06.07.1971', 0xd1ece5f0f2fc20cbf3e820c0f0ecf1f2f0eeede3e02e, '', '');
INSERT INTO holidays (id, date_hol, name_hol, type_hol, comment) VALUES (308, '07.07', 0xd0eee6e4e5f1f2e2ee20f1e2fff2eee3ee20c8eee0edede020cff0e5e4f2e5f7e82c20eaf0e5f1f2e8f2e5ebff20c3eef1efeee4edff, '', '');
INSERT INTO holidays (id, date_hol, name_hol, type_hol, comment) VALUES (309, '07.07.1969', 0xc0ebfce1eeec20274c6564205a657070656c696e2720f1f2e0eb2027e7eeebeef2fbec272e, '', '');
INSERT INTO holidays (id, date_hol, name_hol, type_hol, comment) VALUES (310, '08.07', 0xe4e5edfc20cfe5f2f0e020e820d4e5e2f0eeede8e8, '', '');
INSERT INTO holidays (id, date_hol, name_hol, type_hol, comment) VALUES (311, '08.07', 0xe4e5edfc20f0fbe1e0eae0, '', '');
INSERT INTO holidays (id, date_hol, name_hol, type_hol, comment) VALUES (312, '08.07.1877', 0xcfeeffe2e8ebe0f1fc2042656c6c2054656c6570686f6e6520436f2e, '', '');
INSERT INTO holidays (id, date_hol, name_hol, type_hol, comment) VALUES (313, '09.07', 0xe4e5edfc20f0eef1f1e8e9f1eaeee920efeef7f2fb, '', '');
INSERT INTO holidays (id, date_hol, name_hol, type_hol, comment) VALUES (314, '10.07.1709', 0xe4e5edfc20e2eee8edf1eaeee920f1ebe0e2fb20d0eef1f1e8e82e20c4e5edfc20efeee1e5e4fb20f0f3f1f1eaeee920e0f0ece8e820efeee420eaeeece0ede4eee2e0ede8e5ec20cfe5f2f0e020cfe5f0e2eee3ee20ede0e420f8e2e5e4e0ece820e220cfeeebf2e0e2f1eaeeec20f1f0e0e6e5ede8e8, '', '');
INSERT INTO holidays (id, date_hol, name_hol, type_hol, comment) VALUES (315, '10.07.1918', 0xe4e5edfc20eff0e8edfff2e8ff20caeeedf1f2e8f2f3f6e8e820d0d1d4d1d0, '', '');
INSERT INTO holidays (id, date_hol, name_hol, type_hol, comment) VALUES (316, '11.07', 0xe2f1e5ece8f0edfbe920e4e5edfc20ede0f0eee4eeede0f1e5ebe5ede8ff, '', '');
INSERT INTO holidays (id, date_hol, name_hol, type_hol, comment) VALUES (317, '12.07', 0xe220c0ede3ebe8e820e4e5edfc20eef0e0ede6e8f1f2eee22e20cff0eef2e5f1f2e0edf2f1eae8e920e0ede0ebeee320c4edff20f1e2fff2eee3ee20cfe0f2f0e8eae0, '', '');
INSERT INTO holidays (id, date_hol, name_hol, type_hol, comment) VALUES (318, '12.07', 0xe4e5edfc20e1eef0f2eff0eee2eee4ede8eae0, '', '');
INSERT INTO holidays (id, date_hol, name_hol, type_hol, comment) VALUES (319, '13.07.1973', 0xc2fbf5eee420e220f1e2e5f220efe5f0e2eee3ee20e0ebfce1eeece020e3f0f3efeffb2027517565656e272e, '', '');
INSERT INTO holidays (id, date_hol, name_hol, type_hol, comment) VALUES (320, '14.07', 0xe4e5edfc20e2e7fff2e8ff20c1e0f1f2e8ebe8e8, '', '');
INSERT INTO holidays (id, date_hol, name_hol, type_hol, comment) VALUES (321, '14.07.1903', 0xeef2eaf0fbebeef1fc20e4e2e8e6e5ede8e520efee20cac2c6c4, '', '');
INSERT INTO holidays (id, date_hol, name_hol, type_hol, comment) VALUES (322, '15.07', 0xe4e5edfc20c2eee5ededee2dcceef0f1eaeee3ee20d4ebeef2e0, '', '');
INSERT INTO holidays (id, date_hol, name_hol, type_hol, comment) VALUES (323, '15.07', 0xe4e5edfc20ece5f2e0ebebf3f0e3e0, '', '');
INSERT INTO holidays (id, date_hol, name_hol, type_hol, comment) VALUES (324, '17.07.1918', 0xc7ebeee4e5e9f1eaeee520f3e1e8e9f1f2e2ee20e1eeebfcf8e5e2e8eae0ece820e220c5eae0f2e5f0e8ede1f3f0e3e520efeef1ebe5e4ede5e3ee20f0eef1f1e8e9f1eaeee3ee20e8ecefe5f0e0f2eef0e020cde8eaeeebe0ff2049492c20e5e3ee20f1e5ecfce820e820eff0e8e1ebe8e6e5ededfbf5, '', '');
INSERT INTO holidays (id, date_hol, name_hol, type_hol, comment) VALUES (325, '20.07', 0xe4e5edfc20cfe5f0f3ede020f320e4f0e5e2ede8f520f1ebe0e2ffed, '', '');
INSERT INTO holidays (id, date_hol, name_hol, type_hol, comment) VALUES (326, '20.07', 0xece5e6e4f3ede0f0eee4edfbe920e4e5edfc20f8e0f5ece0f2, '', '');
INSERT INTO holidays (id, date_hol, name_hol, type_hol, comment) VALUES (327, '20.07.1974', 0xc4e5edfc20ece8f0e020e820e4f0f3e6e1fb2e20d2d0d1ca28d2f3f0e5f6eae0ff20d0e5f1eff3e1ebe8eae020d1e5e2e5f0edeee3ee20cae8eff0e0292e20cff0e0e7e4ede8ea20f3f1f2e0edeee2ebe5ed20e220f7e5f1f2fc20e3eee4eee2f9e8edfb20e2fbf1e0e4eae820f2f3f0e5f6eae8f520e2eee9f1ea20ede020f1e5e2e5f0e520cae8eff0e020e2203139373420e3eee4f3, '', '');
INSERT INTO holidays (id, date_hol, name_hol, type_hol, comment) VALUES (328, '23.07', 0xe220c5e3e8eff2e520e4e5edfc20f0e5e2eeebfef6e8e82e20c3eee4eee2f9e8ede020eef0e3e0ede8e7eee2e0ededeee3ee20c3e0ece0ebe5ec20c0e1e4e5ebfc20cde0f1e5f0eeec20efe5f0e5e2eef0eef2e02c20e220f0e5e7f3ebfcf2e0f2e520eaeef2eef0eee3ee20e1fbeb20f1e2e5f0e3edf3f220e5e3e8efe5f2f1eae8e920eaeef0eeebfc20d4e0f0f3ea2e, '', '');
INSERT INTO holidays (id, date_hol, name_hol, type_hol, comment) VALUES (329, '23.07', 0xe4e5edfc20f0e0e1eef2ede8eaeee220f2eef0e3eee2ebe8, '', '');
INSERT INTO holidays (id, date_hol, name_hol, type_hol, comment) VALUES (330, '27.07', 0xe2f1e5ece8f0edfbe920e4e5edfc20f0fbe1eeebeee2f1f2e2e0, '', '');
INSERT INTO holidays (id, date_hol, name_hol, type_hol, comment) VALUES (331, '31.07', 0xe4e5edfc20e0f4f0e8eae0edf1eaeee920e6e5edf9e8edfb, '', '');
INSERT INTO holidays (id, date_hol, name_hol, type_hol, comment) VALUES (332, '01.08', 0xe4e5edfc20e6e5ebe5e7edeee4eef0eee6ede8eae0, '', '');
INSERT INTO holidays (id, date_hol, name_hol, type_hol, comment) VALUES (333, '01.08.1914', 0xcde0f7e0ebee20cfe5f0e2eee920cce8f0eee2eee920e2eee9edfb2e, '', '');
INSERT INTO holidays (id, date_hol, name_hol, type_hol, comment) VALUES (334, '01.08.1964', 0xe4e5edfc20f0eee6e4e5ede8ff20f0e0e4e8eef1f2e0edf6e8e82027cce0ffea27, '', '');
INSERT INTO holidays (id, date_hol, name_hol, type_hol, comment) VALUES (335, '02.08', 0xe4e5edfc20c2eee7e4f3f8edee2de4e5f1e0edf2edfbf520e2eee9f1ea, '', '');
INSERT INTO holidays (id, date_hol, name_hol, type_hol, comment) VALUES (336, '02.08', 0xe4e5edfc20c8ebfce820cff0eef0eeeae0, '', '');
INSERT INTO holidays (id, date_hol, name_hol, type_hol, comment) VALUES (337, '04.08.1980', 0xcbeeede4eeed2c20e7e0eb2027ddf0ebf120caeef0f2272c20e6e8e2eee920eaeeedf6e5f0f2202750696e6b20466c6f79642720e8f1efeeebedffe5f2f1ff20275468652057616c6c272e, '', '');
INSERT INTO holidays (id, date_hol, name_hol, type_hol, comment) VALUES (338, '06.08', 0xe2f1e5ece8f0edfbe920e4e5edfc20e1eef0fce1fb20e7e020e7e0eff0e5f9e5ede8e520ffe4e5f0edeee3ee20eef0f3e6e8ff, '', '');
INSERT INTO holidays (id, date_hol, name_hol, type_hol, comment) VALUES (339, '06.08', 0xe4e5edfc20e6e5ebe5e7edeee4eef0eee6edfbf520e2eee9f1ea20d0d4, '', '');
INSERT INTO holidays (id, date_hol, name_hol, type_hol, comment) VALUES (340, '06.08', 0xece5e6e4f3ede0f0eee4edfbe920e4e5edfc2027c2f0e0f7e820ece8f0e020e7e020ece8f027, '', '');
INSERT INTO holidays (id, date_hol, name_hol, type_hol, comment) VALUES (341, '06.08.1945', 0xcfe5f0e2eee520eff0e8ece5ede5ede8e520e0f2eeecedeee3ee20eef0f3e6e8ff20e220e2eee5ededfbf520f6e5ebfff5202d20e0f2eeecede0ff20e1eeece1e020f1e1f0eef8e5ede020ede020ffefeeedf1eae8e920e32e20d5e8f0eef1e8ece0, '', '');
INSERT INTO holidays (id, date_hol, name_hol, type_hol, comment) VALUES (342, '06.08.1968', 0xc4e8f1ea202757616974696e6720466f72205468652053756e2720e3f0f3efeffb2027446f6f727327f1f2e0edeee2e8f2f1ff2027e7eeebeef2fbec272e, '', '');
INSERT INTO holidays (id, date_hol, name_hol, type_hol, comment) VALUES (343, '08.08', 0xe4e5edfc20c2eee8edf1eaeee920f1ebe0e2fb20d0eef1f1e8e820e220f7e5f1f2fc20c1eef0eee4e8edf1eaeee3ee20f1f0e0e6e5ede8ff20cef2e5f7e5f1f2e2e5ededeee920e2eee9edfb203138313220e3eee4e0, '', '');
INSERT INTO holidays (id, date_hol, name_hol, type_hol, comment) VALUES (344, '08.08', 0xe4e5edfc20f1f2f0eee8f2e5ebff, '', '');
INSERT INTO holidays (id, date_hol, name_hol, type_hol, comment) VALUES (345, '08.08.1966', 0xc2fbf5eee420f1eef0eeeaeeeffff2eae8202759656c6c6f77205375626d6172696e65272e, '', '');
INSERT INTO holidays (id, date_hol, name_hol, type_hol, comment) VALUES (346, '09.08', 0xe2f1e5ece8f0edfbe920e4e5edfc20eaeef0e5ededfbf520ede0f0eee4eee220ece8f0e0, '', '');
INSERT INTO holidays (id, date_hol, name_hol, type_hol, comment) VALUES (347, '09.08', 0xe4e5edfc20eaeef0e5ededfbf520ede0f0eee4eee220ece8f0e0, '', '');
INSERT INTO holidays (id, date_hol, name_hol, type_hol, comment) VALUES (348, '09.08', 0xe4e5edfc20f4e8e7eaf3ebfcf2f3f0ede8eae0, '', '');
INSERT INTO holidays (id, date_hol, name_hol, type_hol, comment) VALUES (349, '09.08.1714', 0xe4e5edfc20e2eee8edf1eaeee920f1ebe0e2fb20d0eef1f1e8e82e20c4e5edfc20efe5f0e2eee920e220f0eef1f1e8e9f1eaeee920e8f1f2eef0e8e820eceef0f1eaeee920efeee1e5e4fb20f0f3f1f1eaeee3ee20f4ebeef2e020efeee420eaeeece0ede4eee2e0ede8e5ec20cfe5f2f0e020cfe5f0e2eee3ee20ede0e420f8e2e5e4e0ece820f320ecfbf1e020c3e0ede3f3f2, '', '');
INSERT INTO holidays (id, date_hol, name_hol, type_hol, comment) VALUES (350, '09.08.1945', 0xd1e1f0eef8e5ede020e0f2eeecede0ff20e1eeece1e020ede020ffefeeedf1eae8e920e32e20cde0e3e0f1e0eae8, '', '');
INSERT INTO holidays (id, date_hol, name_hol, type_hol, comment) VALUES (351, '09.08.1973', 0xcaf0e0f1edeefff0f1eae0ff20f0e0e4e8eeefe5f0e5e4e0fef9e0ff20f1f2e0edf6e8ff2028d0cfd12920efe5f0e5e8ece5edeee2e0ede020e220caf0e0f1edeefff0f1eae8e920eaf0e0e5e2eee920f0e0e4e8ee2df2e5ebe5e2e8e7e8eeededfbe920efe5f0e5e4e0fef9e8e920f6e5edf2f02028cacad0d2cfd629, '', '');
INSERT INTO holidays (id, date_hol, name_hol, type_hol, comment) VALUES (352, '12.08', 0xe4e5edfc20c2eee5ededee2de2eee7e4f3f8edfbf520f1e8eb, '', '');
INSERT INTO holidays (id, date_hol, name_hol, type_hol, comment) VALUES (353, '12.08.1969', 0xd0eee4e8ebe0f1fc20d2e0ede8f2e020d2e8eae0f0e0ec2e, '', '');
INSERT INTO holidays (id, date_hol, name_hol, type_hol, comment) VALUES (354, '13.08', 0xece5e6e4f3ede0f0eee4edfbe920e4e5edfc20ebe5e2f8e5e9, '', '');
INSERT INTO holidays (id, date_hol, name_hol, type_hol, comment) VALUES (355, '14.08', 0xcce5e4eee2fbe920f1efe0f1, '', '');
INSERT INTO holidays (id, date_hol, name_hol, type_hol, comment) VALUES (356, '14.08.1981', 0xe0edeeedf1e8f0eee2e0eded20efe5f0e2fbe92049424d205043, '', '');
INSERT INTO holidays (id, date_hol, name_hol, type_hol, comment) VALUES (357, '15.08', 0xd3f1efe5ede8e520eff0e5f1e2fff2eee920c4e5e2fb20cce0f0e8e82e20d0e5f1eff3e1ebe8eae020cae8eff0, '', '');
INSERT INTO holidays (id, date_hol, name_hol, type_hol, comment) VALUES (358, '15.08', 0xe2ee20d4f0e0edf6e8e820d3f1efe5ede8e520c4e5e2fb20cce0f0e8e82e, '', '');
INSERT INTO holidays (id, date_hol, name_hol, type_hol, comment) VALUES (359, '15.08', 0xe220c3f0e5f6e8e820f3f1efe5ede8e520eff0e5f1e2fff2eee920c1eee3eef0eee4e8f6fb2e, '', '');
INSERT INTO holidays (id, date_hol, name_hol, type_hol, comment) VALUES (360, '15.08', 0xe4e5edfc20c2eee7e4f3f8edeee3ee20d4ebeef2e020d0eef1f1e8e8, '', '');
INSERT INTO holidays (id, date_hol, name_hol, type_hol, comment) VALUES (361, '15.08.1969', 0xcef2eaf0fbf2e8e520e8f1f2eef0e8f7e5f1eaeee3ee20f4e5f1f2e8e2e0ebff20e220c2f3e4f1f2eeeae52e, '', '');
INSERT INTO holidays (id, date_hol, name_hol, type_hol, comment) VALUES (362, '15.08.1990', 0xc220e0e2f2eeeae0f2e0f1f2f0eef4e520efeee3e8e120c2e8eaf2eef020d6eee9, '', '');
INSERT INTO holidays (id, date_hol, name_hol, type_hol, comment) VALUES (363, '15.08.2000', 0xe4e5edfc20f1eee7e4e0ede8ff20caf0e0f1edeefff0f1eaeee3ee20e7e2e5f0e8edf6e02027d0eee5e220f0f3f7e5e927, '', '');
INSERT INTO holidays (id, date_hol, name_hol, type_hol, comment) VALUES (364, '16.08', 0xece5e6e4f3ede0f0eee4edfbe920e4e5edfc20eee7eeedeee2eee3ee20f1ebeeff, '', '');
INSERT INTO holidays (id, date_hol, name_hol, type_hol, comment) VALUES (365, '17.08.1982', 0xc4e5edfc20f0eee6e4e5ede8ff20eaeeecefe0eaf22de4e8f1eae02e20c220fdf2eef220e4e5edfc20f4e8f0ece020506f6c796772616d20eff0e8ede0e4ebe5e6e0e2f8e0ff205068696c69707320e2fbeff3f1f2e8ebe020efe5f0e2fbe920ece0f1f1eee2fbe920f2e8f0e0e62043442e20c8ec20f1f2e0eb20e4e8f1ea20f120e2e0ebfcf1e0ece820d8eeefe5ede02e, '', '');
INSERT INTO holidays (id, date_hol, name_hol, type_hol, comment) VALUES (366, '19.08', 0xcff0e5eee1f0e0e6e5ede8e520c3eef1efeee4ede52e20dfe1ebeef7edfbe920f1efe0f1, '', '');
INSERT INTO holidays (id, date_hol, name_hol, type_hol, comment) VALUES (367, '19.08.1991', 0xc0e2e3f3f1f2eee2f1eae8e920cff3f2f720e220cceef1eae2e5, '', '');
INSERT INTO holidays (id, date_hol, name_hol, type_hol, comment) VALUES (368, '21.08.1991', 0xe4e5edfc20efeee4e0e2ebe5ede8ff20eff3f2f7e0, '', '');
INSERT INTO holidays (id, date_hol, name_hol, type_hol, comment) VALUES (369, '22.08.1991', 0xe4e5edfc20c3eef1f3e4e0f0f1f2e2e5ededeee3ee20f4ebe0e3e020d0eef1f1e8e9f1eaeee920d4e5e4e5f0e0f6e8e8, '', '');
INSERT INTO holidays (id, date_hol, name_hol, type_hol, comment) VALUES (370, '23.08.1943', 0xe4e5edfc20e2eee8edf1eaeee920f1ebe0e2fb20d0eef1f1e8e82e20c4e5edfc20f0e0e7e3f0eeece020f1eee2e5f2f1eae8ece820e2eee9f1eae0ece820ede5ece5f6eaee202d20f4e0f8e8f1f2f1eae8f520e2eee9f1ea20e220caf3f0f1eaeee920e1e8f2e2e5, '', '');
INSERT INTO holidays (id, date_hol, name_hol, type_hol, comment) VALUES (371, '25.08', 0xe4e5edfc20f8e0f5f2e5f0e0, '', '');
INSERT INTO holidays (id, date_hol, name_hol, type_hol, comment) VALUES (372, '26.08.1812', 0xe4e5edfc20e2eee8edf1eaeee920f1ebe0e2fb20d0eef1f1e8e82e20c4e5edfc20c1eef0eee4e8edf1eaeee3ee20f1f0e0e6e5ede8ff20f0f3f1f1eaeee920e0f0ece8e820efeee420eaeeece0ede4eee2e0ede8e5ec20cc2ec82e20caf3f2f3e7eee2e020f120f4f0e0edf6f3e7f1eaeee920e0f0ece8e5e9, '', '');
INSERT INTO holidays (id, date_hol, name_hol, type_hol, comment) VALUES (373, '26.08.1967', 0xc4e5e1fef2edfbe920e0ebfce1eeec20c4e6e8ecece820d5e5ede4f0e8eaf1e020e2fbf5eee4e8f220e220f5e8f22defe0f0e0e4fb2e, '', '');
INSERT INTO holidays (id, date_hol, name_hol, type_hol, comment) VALUES (374, '27.08', 0xe4e5edfc20eae8edee, '', '');
INSERT INTO holidays (id, date_hol, name_hol, type_hol, comment) VALUES (375, '28.08', 0xd3f1efe5ede8e520cff0e5f1e2fff2eee920c1eee3eef0eee4e8f6fb, '', '');
INSERT INTO holidays (id, date_hol, name_hol, type_hol, comment) VALUES (376, '28.08', 0xe4e5edfc20f1efe5f6ede0e7eee2f6e0, '', '');
INSERT INTO holidays (id, date_hol, name_hol, type_hol, comment) VALUES (377, '29.08.1966', 0xcfeef1ebe5e4ede8e920eaeeedf6e5f0f22027426561746c65732720e220d1d8c02e, '', '');
INSERT INTO holidays (id, date_hol, name_hol, type_hol, comment) VALUES (378, '30.08', 0xc4e5edfc20efeee1e5e4fb20e220d2d0d1ca2028d2f3f0e5f6eae0ff20d0e5f1eff3e1ebe8eae020d1e5e2e5f0edeee3ee20cae8eff0e029, '', '');
INSERT INTO holidays (id, date_hol, name_hol, type_hol, comment) VALUES (379, '31.08.1982', 0xcef4e8f6e0ebfcedeee520eff0e5e4f1f2e0e2ebe5ede8e520f2e5f5edeeebeee3e8e820eaeeecefe0eaf22de4e8f1eaeee220ede020f0fbedeae52e, '', '');
INSERT INTO holidays (id, date_hol, name_hol, type_hol, comment) VALUES (380, '01.09', 0xc2f1e5ece8f0edfbe920e4e5edfc20ece8f0e0, '', '');
INSERT INTO holidays (id, date_hol, name_hol, type_hol, comment) VALUES (381, '01.09', 0xe2f1e5ece8f0edfbe920e4e5edfc20c7ede0ede8e9, '', '');
INSERT INTO holidays (id, date_hol, name_hol, type_hol, comment) VALUES (382, '01.09', 0xe4e5edfc20eff0eef4f1eefee7edfbf520e4e5e9f1f2e2e8e920e7e020ece8f0, '', '');
INSERT INTO holidays (id, date_hol, name_hol, type_hol, comment) VALUES (383, '01.09', 0xe4e5edfc20f0e0e1eef2ede8eaeee220ede5f4f2ffedeee920e820e3e0e7eee2eee920eff0eeecfbf8ebe5ededeef1f2e8, '', '');
INSERT INTO holidays (id, date_hol, name_hol, type_hol, comment) VALUES (384, '01.09.1939', 0xcde0efe0e4e5ede8e520f4e0f8e8f1f2f1eaeee920c3e5f0ece0ede8e820ede020cfeeebfcf8f32e20cde0f7e0ebee20e2f2eef0eee920ece8f0eee2eee920e2eee9edfb, '', '');
INSERT INTO holidays (id, date_hol, name_hol, type_hol, comment) VALUES (385, '02.09', 0xe4e5edfc20f0eef1f1e8e9f1eaeee920e3e2e0f0e4e8e8, '', '');
INSERT INTO holidays (id, date_hol, name_hol, type_hol, comment) VALUES (386, '03.09.2004', 0xe4e5edfc20f8f2f3f0ece020f8eaeeebfb20b93120e220e3eef0eee4e520c1e5f1ebe0ed2e, '', '');
INSERT INTO holidays (id, date_hol, name_hol, type_hol, comment) VALUES (387, '03.09', 0xe4e5edfc20efe0ecfff2e820e6e5f0f2e220f2e5f0f0e0eaf2eee2, '', '');
INSERT INTO holidays (id, date_hol, name_hol, type_hol, comment) VALUES (388, '03.09', 0xe4e5edfc20e1eef0fce1fb20f120ece5e6e4f3ede0f0eee4edfbec20f2e5f0f0eef0e8e7eceeec, '', '');
INSERT INTO holidays (id, date_hol, name_hol, type_hol, comment) VALUES (389, '06.09.1885', 0xe220c1eeebe3e0f0e8e820e4e5edfc20eee1fae5e4e8ede5ede8ff2e20cff0e0e7e4ede8ea20eef2ece5f7e0e5f2f1ff20e220efe0ecfff2fc20eff0e8f1eee5e4e8ede5ede8ff20e2203138383520e3eee4f320eee1ebe0f1f2e820c2eef1f2eef7ede0ff20d0f3ece5ebe8ff20ea20c1eeebe3e0f0f1eaeeecf320eaedffe6e5f1f2e2f32e, '', '');
INSERT INTO holidays (id, date_hol, name_hol, type_hol, comment) VALUES (390, '07.09.1998', 0xe4e5edfc20eef1edeee2e0ede8ff20eaeeecefe0ede8e820476f6f676c65202d20f1e0eceee920efeeeff3ebfff0edeee920e220d1e5f2e820efeee8f1eaeee2eee920f1e8f1f2e5ecfb, '', '');
INSERT INTO holidays (id, date_hol, name_hol, type_hol, comment) VALUES (391, '08.09', 0xe4e5edfc20c0ede4eef0f0fb2c20e3ebe0e2edfbe920e3eef1f3e4e0f0f1f2e2e5ededfbe920eff0e0e7e4ede8ea2e, '', '');
INSERT INTO holidays (id, date_hol, name_hol, type_hol, comment) VALUES (392, '08.09', 0xe4e5edfc20f2e0edeae8f1f2e0, '', '');
INSERT INTO holidays (id, date_hol, name_hol, type_hol, comment) VALUES (393, '08.09', 0xece5e6e4f3ede0f0eee4edfbe920e4e5edfc20e8f1eaeef0e5ede5ede8ff20ede5e3f0e0eceef2edeef1f2e82e20cef2ece5f7e0e5f2f1ff20decdc5d1cace2e, '', '');
INSERT INTO holidays (id, date_hol, name_hol, type_hol, comment) VALUES (394, '08.09', 0xece5e6e4f3ede0f0eee4edfbe920e4e5edfc20f1eeebe8e4e0f0edeef1f2e820e6f3f0ede0ebe8f1f2eee2, '', '');
INSERT INTO holidays (id, date_hol, name_hol, type_hol, comment) VALUES (395, '08.09.1380', 0xe4e5edfc20e2eee8edf1eaeee920f1ebe0e2fb20d0eef1f1e8e83a20efeee1e5e4e020c4ece8f2f0e8ff20c4eeedf1eaeee3ee20e220caf3ebe8eaeee2f1eaeee920e1e8f2e2e5, '', '');
INSERT INTO holidays (id, date_hol, name_hol, type_hol, comment) VALUES (396, '08.09.1812', 0xe4e5edfc20e2eee8edf1eaeee920f1ebe0e2fb20d0eef1f1e8e82e20c4e5edfc20c1eef0eee4e8edf1eaeee3ee20f1f0e0e6e5ede8ff20f0f3f1f1eaeee920e0f0ece8e820efeee420eaeeece0ede4eee2e0ede8e5ec20cc2ec82e20caf3f2f3e7eee2e020f120f4f0e0edf6f3e7f1eaeee920e0f0ece8e5e9, '', '');
INSERT INTO holidays (id, date_hol, name_hol, type_hol, comment) VALUES (397, '09.09', 0xece5e6e4f3ede0f0eee4edfbe920e4e5edfc20eaf0e0f1eef2fb2e20cff0eee2eee4e8f2f1ff20efee20e8ede8f6e8e0f2e8e2e520cce5e6e4f3ede0f0eee4edeee3ee20eaeeece8f2e5f2e020fdf1f2e5f2e8eae820e820eaeef1ece5f2eeebeee3e8e8202d20d1c8c4c5d1cace, '', '');
INSERT INTO holidays (id, date_hol, name_hol, type_hol, comment) VALUES (398, '09.09.1945', 0xe4e5edfc20f0eee6e4e5ede8ff20eaeeeceffcfef2e5f0edeee3ee20f2e5f0ece8ede02027e1e0e3272e20c8ece5ededee20e220fdf2eef220e4e5edfc20f3f7e5edfbe520c3e0f0e2e0f0e4f1eaeee3ee20f3ede8e2e5f0f1e8f2e5f2e02c20f2e5f1f2e8f0eee2e0e2f8e8e520e2fbf72eece0f8e8edf3204d61726b2049492041696b656e2052656c61792043616c63756c61746f722c20ede0f8ebe820eceef2fbebfceae02c20e7e0f1f2f0ffe2f8e5e3ee20ece5e6e4f320eaeeedf2e0eaf2e0ece820fdeb, '', '');
INSERT INTO holidays (id, date_hol, name_hol, type_hol, comment) VALUES (399, '11.09.1790', 0xe4e5edfc20e2eee8edf1eaeee920f1ebe0e2fb20d0eef1f1e8e82e20c4e5edfc20efeee1e5e4fb20f0f3f1f1eaeee920fdf1eae0e4f0fb20efeee420eaeeece0ede4eee2e0ede8e5ec20d42ed42e20d3f8e0eaeee2e020ede0e420f2f3f0e5f6eaeee920fdf1eae0e4f0eee920f320ecfbf1e020d2e5ede4f0e0, '', '');
INSERT INTO holidays (id, date_hol, name_hol, type_hol, comment) VALUES (400, '11.09.1962', 0xe5f9e520ede520e8e7e2e5f1f2ede0ff20f2eee3e4e020ebe8e2e5f0eff3ebfcf1eae0ff20e3f0f3efefe02027c1e8f2ebe72720e7e0efe8f1e0ebe020e220ebeeede4eeedf1eaeee920f1f2f3e4e8e82027dde1e1e820d0eef3e42720f1e2eefe20efe5f0e2f3fe20efebe0f1f2e8edeaf32e, '', '');
INSERT INTO holidays (id, date_hol, name_hol, type_hol, comment) VALUES (401, '11.09.2001', 0xd2e5f0f0eef0e8f1f2e8f7e5f1eae8e920e0eaf220e220d1d8c02e20d0e0e7f0f3f8e5edfb20e4e2e020e7e4e0ede8ff20e2f1e5ece8f0edeee3ee20f2eef0e3eee2eee3ee20f6e5edf2f0e02e, '', '');
INSERT INTO holidays (id, date_hol, name_hol, type_hol, comment) VALUES (402, '12.09', 0xece5e6e4f3ede0f0eee4edfbe920e4e5edfc20efe0ecfff2e820e6e5f0f2e220f4e0f8e8e7ece0, '', '');
INSERT INTO holidays (id, date_hol, name_hol, type_hol, comment) VALUES (403, '13.09', 0xe4e5edfc20caeeeceffcfef2e5f0f9e8eae02e20cef2ece5f7e0e5f2f1ff20eae0ea2032353620e4e5edfc20e220e3eee4f32e, '', '');
INSERT INTO holidays (id, date_hol, name_hol, type_hol, comment) VALUES (404, '13.09.1968', 0xd1eef0eeeaeeeffff2eae02027486579204a75646527f1f2e0edeee2e8f2f1ff202720e7eeebeef2eee9272e, '', '');
INSERT INTO holidays (id, date_hol, name_hol, type_hol, comment) VALUES (405, '15.09', 0xe220dfefeeede8e820e4e5edfc20f3e2e0e6e5ede8ff20f1f2e0f0eef1f2e82e, '', '');
INSERT INTO holidays (id, date_hol, name_hol, type_hol, comment) VALUES (406, '15.09', 0xe4e5edfc20f0e0e1eef2ede8eaeee220ebe5f1e0, '', '');
INSERT INTO holidays (id, date_hol, name_hol, type_hol, comment) VALUES (407, '16.09', 0xe2f1e5ece8f0edfbe920e4e5edfc20e7e0f9e8f2fb20eee7eeedeee2eee3ee20f1ebeeff, '', '');
INSERT INTO holidays (id, date_hol, name_hol, type_hol, comment) VALUES (408, '16.09.1998', 0xc4e5edfc20f0eee6e4e5ede8ff20efeef7f2eee2eee920f1ebf3e6e1fb204d61696c2e7275, '', '');
INSERT INTO holidays (id, date_hol, name_hol, type_hol, comment) VALUES (409, '18.09.1970', 0xd3f8b8eb20e8e720e6e8e7ede820c4e6e8ecece820d5e5ede4f0e8eaf12e, '', '');
INSERT INTO holidays (id, date_hol, name_hol, type_hol, comment) VALUES (410, '19.09', 0xe2f1e5ece8f0edfbe920e4e5edfc20ece8f0e0, '', '');
INSERT INTO holidays (id, date_hol, name_hol, type_hol, comment) VALUES (411, '19.09.1982', 0xe4e5edfc20f0eee6e4e5ede8ff20f1ece0e9ebe8eae020273a2d29272e20c2efe5f0e2fbe520e5e3ee20e8f1efeeebfce7eee2e0eb20d1eaeef2f220d4e0ebece0ed20e8e720eaeeecefe0ede8e8204d6963726f736f66742c20e4ebff20efeeece5f2eae820f8f3f2eeea2e20d2eee3e4e020e8e7eee1f0e5f2e5ede8e520e1fbebee20e2fbe7e2e0edee20ede0f1f3f9edeee920ede5eee1f5eee4e8eceef1f2fcfe202d20e3f0f3efefe020f0e0e7f0e0e1eef2f7e8eaeee220eaeeecefe0ede8e820eee1f9e0, '', '');
INSERT INTO holidays (id, date_hol, name_hol, type_hol, comment) VALUES (412, '20.09.1954', 0xc7e0eff3f9e5ede020efe5f0e2e0ff20eff0eee3f0e0ecece020ede020ffe7fbeae520466f727472616e, '', '');
INSERT INTO holidays (id, date_hol, name_hol, type_hol, comment) VALUES (413, '20.09.2002', 0xf1eef8b8eb20ebe5e4ede8ea20caeeebeae02c20e1e5e720e2e5f1f2e820eff0eeefe0ebe020f1fab8eceef7ede0ff20e3f0f3efefe020d1e5f0e3e5ff20c1eee4f0eee2e0, '', '');
INSERT INTO holidays (id, date_hol, name_hol, type_hol, comment) VALUES (414, '21.09', 0xd0eee6e4e5f1f2e2ee20cff0e5f1e2fff2eee920c1eee3eef0eee4e8f6fb, '', '');
INSERT INTO holidays (id, date_hol, name_hol, type_hol, comment) VALUES (415, '21.09.1380', 0xe4e5edfc20e2eee8edf1eaeee920f1ebe0e2fb20d0eef1f1e8e82e20c4e5edfc20efeee1e5e4fb20f0f3f1f1eae8f520efeeebeaeee220e2ee20e3ebe0e2e520f120e2e5ebe8eae8ec20eaedffe7e5ec20c4ece8f2f0e8e5ec20c4eeedf1eae8ec20ede0e420eceeede3eeebee202d20f2e0f2e0f0f1eae8ece820e2eee9f1eae0ece820e220caf3ebe8eaeee2f1eaeee920e1e8f2e2e5, '', '');
INSERT INTO holidays (id, date_hol, name_hol, type_hol, comment) VALUES (416, '22.09.1908', 0xe220c1eeebe3e0f0e8e820e4e5edfc20ede5e7e0e2e8f1e8eceef1f2e82e20cef2ece5f7e0e5f2f1ff20e220e3eee4eee2f9e8edf320eff0eee2eee7e3ebe0f8e5ede8ff20f1f3e2e5f0e5ededeee3ee20c1eeebe3e0f0f1eaeee3ee20eaedffe6e5f1f2e2e020323220f1e5edf2ffe1f0ff203139303820e3eee4e02e20c4ee20fdf2eee3ee20e2f0e5ece5ede820c1eeebe3e0f0f1eaeee520eaedffe6e5f1f2e2ee20f4eef0ece0ebfcedee20e7e0e2e8f1e5ebee20eef220cef1ece0edf1eaeee920e8ecefe5, '', '');
INSERT INTO holidays (id, date_hol, name_hol, type_hol, comment) VALUES (417, '22.09.1951', 0xd0eee4e8ebf1ff20c4fde2e8e420cae0e2e5f0e4e5e9eb2e, '', '');
INSERT INTO holidays (id, date_hol, name_hol, type_hol, comment) VALUES (418, '23.09', 0xe220dfefeeede8e820e4e5edfc20eef1e5edede5e3ee20f0e0e2edeee4e5edf1f2e2e8ff2e, '', '');
INSERT INTO holidays (id, date_hol, name_hol, type_hol, comment) VALUES (419, '23.09', 0xe4e5edfc20eef1e5edede5e3ee20f0e0e2edeee4e5edf1f2e2e8ff, '', '');
INSERT INTO holidays (id, date_hol, name_hol, type_hol, comment) VALUES (420, '24.09', 0xe4e5edfc20ece0f8e8edeef1f2f0eee8f2e5ebff, '', '');
INSERT INTO holidays (id, date_hol, name_hol, type_hol, comment) VALUES (421, '24.09.1955', 0xd0e5eaeef0e420526f636b2d696e2d526f6c6c5fe0202d20e0f0e3e5edf2e8ede5f620cae0f0ebeef120d1e0ede4f0e8ede820f2e0edf6e5e2e0eb20313036f7e0f1eee22035ece8edf3f2203130f1e5eaf3ede42e, '', '');
INSERT INTO holidays (id, date_hol, name_hol, type_hol, comment) VALUES (422, '24.09.1969', 0x4465657020507572706c6520e4e0b8f220f1eee2ece5f1f2edfbe920eaeeedf6e5f0f220f120caeef0eeebe5e2f1eae8ec20f1e8ecf4eeede8f7e5f1eae8ec20eef0eae5f1f2f0eeec20e220c0ebfce1e5f0f22df5eeebebe52e, '', '');
INSERT INTO holidays (id, date_hol, name_hol, type_hol, comment) VALUES (423, '25.09', 0xc2f1e5ece8f0edfbe920e4e5edfc20eceef0ff, '', '');
INSERT INTO holidays (id, date_hol, name_hol, type_hol, comment) VALUES (424, '26.09', 0xece5e6e4f3ede0f0eee4edfbe920e4e5edfc20e3ebf3f5eeede5ecfbf5, '', '');
INSERT INTO holidays (id, date_hol, name_hol, type_hol, comment) VALUES (425, '26.09.1969', 0xc2fbf5eee420e0ebfce1eeece02720416262657920526f6164272e, '', '');
INSERT INTO holidays (id, date_hol, name_hol, type_hol, comment) VALUES (426, '27.09', 0xc2f1e5ece8f0edfbe920e4e5edfc20f2f3f0e8e7ece0, '', '');
INSERT INTO holidays (id, date_hol, name_hol, type_hol, comment) VALUES (427, '27.09', 0xe4e5edfc20f2f3f0e8f1f2e0, '', '');
INSERT INTO holidays (id, date_hol, name_hol, type_hol, comment) VALUES (428, '30.09', 0xe4e5edfc20496e7465726e6574, '', '');
INSERT INTO holidays (id, date_hol, name_hol, type_hol, comment) VALUES (429, '01.10', 0xc4e5edfc20ede5e7e0e2e8f1e8eceef1f2e82e20d0e5f1eff3e1ebe8eae020cae8eff0, '', '');
INSERT INTO holidays (id, date_hol, name_hol, type_hol, comment) VALUES (430, '01.10', 0xcce5e6e4f3ede0f0eee4edfbe920e4e5edfc20e2f0e0f7e0, '', '');
INSERT INTO holidays (id, date_hol, name_hol, type_hol, comment) VALUES (431, '01.10', 0xcce5e6e4f3ede0f0eee4edfbe920e4e5edfc20ecf3e7fbeae8, '', '');
INSERT INTO holidays (id, date_hol, name_hol, type_hol, comment) VALUES (432, '01.10', 0xe2f1e5ece8f0edfbe920e4e5edfc20e2e5e3e5f2e0f0e8e0edf1eae8e920e4e5edfc, '', '');
INSERT INTO holidays (id, date_hol, name_hol, type_hol, comment) VALUES (433, '01.10', 0xe220c0ede4eef0f0e520e4e5edfc20e2f1e5f520f1e2fff2fbf52e, '', '');
INSERT INTO holidays (id, date_hol, name_hol, type_hol, comment) VALUES (434, '01.10', 0xe4e5edfc20efeee6e8ebfbf520ebfee4e5e9, '', '');
INSERT INTO holidays (id, date_hol, name_hol, type_hol, comment) VALUES (435, '02.10', 0xece5e6e4f3ede0f0eee4edfbe920e4e5edfc20ecf3e7fbeae82c20eff0eee2eee4e8f2f1ff20efee20f0e5f8e5ede8fe20cce5e6e4f3ede0f0eee4edeee3ee20ecf3e7fbeae0ebfcedeee3ee20f1eee2e5f2e020decdc5d1cace, '', '');
INSERT INTO holidays (id, date_hol, name_hol, type_hol, comment) VALUES (436, '03.10', 0xc2f1e5ece8f0edfbe920e4e5edfc20e7e0f9e8f2fb20e6e8e2eef2edfbf5, '', '');
INSERT INTO holidays (id, date_hol, name_hol, type_hol, comment) VALUES (437, '03.10', 0xd1eee7e4e0ede8e520e2f1e5ece8f0edeee920f4e5e4e5f0e0f6e8e820eff0eef4f1eefee7eee2, '', '');
INSERT INTO holidays (id, date_hol, name_hol, type_hol, comment) VALUES (438, '03.10', 0xe2f1e5ece8f0edfbe920e4e5edfc20e6e8e2eef2edfbf52028eae0f2eeebe8f7e5f1eae8e920eff0e0e7e4ede8ea202d20c4e5edfc20d1e22e20d4f0e0edf6e8f1eae02c20efeeeaf0eee2e8f2e5ebff20e6e8e2eef2edfbf529, '', '');
INSERT INTO holidays (id, date_hol, name_hol, type_hol, comment) VALUES (439, '03.10', 0xe4e5edfc20e3f0e0e6e4e0edf1eaeee920eee1eef0eeedfb20e220d0eef1f1e8e8, '', '');
INSERT INTO holidays (id, date_hol, name_hol, type_hol, comment) VALUES (440, '03.10', 0xe4e5edfc20f1eee7e4e0ede8ff20e2f1e5ece8f0edeee920f4e5e4e5f0e0f6e8e820eff0eef4f1eefee7eee2, '', '');
INSERT INTO holidays (id, date_hol, name_hol, type_hol, comment) VALUES (441, '03.10.1990', 0xcee1fae5e4e8ede5ede8e520c3e5f0ece0ede8e8, '', '');
INSERT INTO holidays (id, date_hol, name_hol, type_hol, comment) VALUES (442, '04.10', 0xc2f1e5ece8f0edfbe920e4e5edfc20e6e8ebfcff, '', '');
INSERT INTO holidays (id, date_hol, name_hol, type_hol, comment) VALUES (443, '04.10', 0xe220c0ede4eef0f0e520e4e5edfc20f1e2fff2eee3ee20cae0f0ebe020c1eef0f0eeece5e9f1eaeee3ee2c20efeeeaf0eee2e8f2e5ebff20c0ede4eef0f0fb2e, '', '');
INSERT INTO holidays (id, date_hol, name_hol, type_hol, comment) VALUES (444, '04.10', 0xe4e5edfc20c2eee5ededee2deaeef1ece8f7e5f1eae8f520f1e8eb, '', '');
INSERT INTO holidays (id, date_hol, name_hol, type_hol, comment) VALUES (445, '04.10.1957', 0xc220d1d1d1d020eff0eee8e7e2e5e4e5ed20f3f1efe5f8edfbe920e7e0eff3f1ea20efe5f0e2eee3ee20e8f1eaf3f1f1f2e2e5ededeee3ee20f1eff3f2ede8eae020c7e5ecebe8, '', '');
INSERT INTO holidays (id, date_hol, name_hol, type_hol, comment) VALUES (446, '04.10.1957', 0xc7e0eff3f1ea20efe5f0e2eee3ee20e8f1eaf3f1f1f2e2e5ededeee3ee20f1eff3f2ede8eae020c7e5ecebe82e, '', '');
INSERT INTO holidays (id, date_hol, name_hol, type_hol, comment) VALUES (447, '05.10', 0xe4e5edfc20f3f7e8f2e5ebff, '', '');
INSERT INTO holidays (id, date_hol, name_hol, type_hol, comment) VALUES (448, '06.10.1973', 0xe220c5e3e8eff2e520e4e5edfc20e2eeeef0f3e6e5ededfbf520f1e8eb2e20c220fdf2eef220e4e5edfc203139373320e3eee4e020e5e3e8efe5f2f1eae0ff20e0f0ece8ff20efe5f0e5f1e5eaebe020d1f3fdf6eae8e920eae0ede0eb20e820e0f2e0eaeee2e0ebe020e8e7f0e0e8ebfcf1eae8e520e2eee9f1eae020e220ede0e4e5e6e4e520e2fbe1e8f2fc20e8f520f120d1e8ede0e9f1eaeee3ee20efeeebf3eef1f2f0eee2e0, '', '');
INSERT INTO holidays (id, date_hol, name_hol, type_hol, comment) VALUES (449, '07.10.1977', 0xcff0e8edfff2e8e520caeeedf1f2e8f2f3f6e8e820d1d1d1d0, '', '');
INSERT INTO holidays (id, date_hol, name_hol, type_hol, comment) VALUES (450, '08.10', 0xe4e5edfc20f0e0e1eef2ede8eaeee220f1e5ebfcf1eaeee3ee20f5eee7ffe9f1f2e2e020e820efe5f0e5f0e0e1e0f2fbe2e0fef9e5e920eff0eeecfbf8ebe5ededeef1f2e8, '', '');
INSERT INTO holidays (id, date_hol, name_hol, type_hol, comment) VALUES (451, '09.10', 0xece5e6e4f3ede0f0eee4edfbe920e4e5edfc20e7e020ebe8eae2e8e4e0f6e8fe20efeef1ebe5e4f1f2e2e8e920f1f2e8f5e8e9edfbf520e1e5e4f1f2e2e8e920f1f2e8f5e8e9edfbf520e1e5e4f1f2e2e8e9, '', '');
INSERT INTO holidays (id, date_hol, name_hol, type_hol, comment) VALUES (452, '10.10', 0xcce5e6e4f3ede0f0eee4edfbe920e4e5edfc20eff1e8f5e8f7e5f1eaeee3ee20e7e4eef0eee2fcff, '', '');
INSERT INTO holidays (id, date_hol, name_hol, type_hol, comment) VALUES (453, '12.10', 0xcde0f6e8eeede0ebfcedfbe920eff0e0e7e4ede8ea20c8f1efe0ede8e82e20c3eee4eee2f9e8ede020eef2eaf0fbf2e8ff20c0ece5f0e8eae820d5f0e8f1f2eef4eef0eeec20caeeebf3ece1eeec2e, '', '');
INSERT INTO holidays (id, date_hol, name_hol, type_hol, comment) VALUES (454, '13.10', 0xcce5e6e4f3ede0f0eee4edfbe920e4e5edfc20f1f2e0ede4e0f0f2e8e7e0f6e8e8, '', '');
INSERT INTO holidays (id, date_hol, name_hol, type_hol, comment) VALUES (455, '14.10', 0xcfeeeaf0eee220cff0e5f1e2fff2eee920c1eee3eef0eee4e8f6fb, '', '');
INSERT INTO holidays (id, date_hol, name_hol, type_hol, comment) VALUES (456, '14.10', 0x3139343620ece5e6e4f3ede0f0eee4edfbe920e4e5edfc20f1f2e0ede4e0f0f2e8e7e0f6e8e82c20eef2ece5f7e0e5f2f1ff20e220e4e5edfc20f3f7f0e5e6e4e5ede8ff2028313934362920cce5e6e4f3ede0f0eee4edeee920eef0e3e0ede8e7e0f6e8e820efee2063f2e0ede4e0f0f2e8e7e0f6e8e8, '', '');
INSERT INTO holidays (id, date_hol, name_hol, type_hol, comment) VALUES (457, '16.10', 0xe4e5edfc20ede0f7e0ebfcede8eae02028626f7373206461792920e220d1d8c0, '', '');
INSERT INTO holidays (id, date_hol, name_hol, type_hol, comment) VALUES (458, '16.10.1945', 0xe4e5edfc20eff0eee4eee2eeebfcf1f2e2e8ff2c20eef2ece5f7e0e5f2f1ff20efee20f0e5f8e5ede8fe20cff0eee4eee2eeebfcf1f2e2e5ededeee920e820f1e5ebfcf1eaeef5eee7ffe9f1f2e2e5ededeee920eef0e3e0ede8e7e0f6e8e820cee1fae5e4e8ede5ededfbf520cde0f6e8e92c20eef1edeee2e0ededeee920e220fdf2eef220e4e5edfc20e2203139343520e32e, '', '');
INSERT INTO holidays (id, date_hol, name_hol, type_hol, comment) VALUES (459, '17.10', 0xece5e6e4f3ede0f0eee4edfbe920e4e5edfc20e7e020e8f1eaeef0e5ede5ede8e520ede8f9e5f2fb, '', '');
INSERT INTO holidays (id, date_hol, name_hol, type_hol, comment) VALUES (460, '17.10.1905', 0xd1eee7e4e0ede8e5203120c3eef1f3e4e0f0f1f2e2e5ededeee920c4f3ecfb20e220d0eef1f1e8e8, '', '');
INSERT INTO holidays (id, date_hol, name_hol, type_hol, comment) VALUES (461, '18.10.1867', 0xcfe5f0e5e4e0f7e020d0eef1f1e8e5e920c0ebfff1eae820d1d8c0, '', '');
INSERT INTO holidays (id, date_hol, name_hol, type_hol, comment) VALUES (462, '20.10.1905', 0xcde0f7e0ebee20e220d0eef1f1e8e820ceeaf2ffe1f0fcf1eaeee920e2f1e5f0eef1f1e8e9f1eaeee920efeeebe8f2e8f7e5f1eaeee920f1f2e0f7eae8, '', '');
INSERT INTO holidays (id, date_hol, name_hol, type_hol, comment) VALUES (463, '20.10.1971', 0xcff0e5ecfce5f0e020f0eeea2deeefe5f0fb20274a6573757320436872697374205375706572737461722720e220cdfcfe2dc9eef0eae52e, '', '');
INSERT INTO holidays (id, date_hol, name_hol, type_hol, comment) VALUES (464, '22.10.1721', 0xc0eaf220efeee4ede5f1e5ede8ff20c3eef1f3e4e0f0fe20d6e0f0fe20cfe5f2f0f3204920f2e8f2f3ebe020c8ecefe5f0e0f2eef0e020c2f1e5f0eef1f1e8e9f1eaeee3ee20ede0e8ece5edeee2e0ede8ff20c2e5ebe8eaeee3ee20e820cef2f6e020cef2e5f7e5f1f2e2e0, '', '');
INSERT INTO holidays (id, date_hol, name_hol, type_hol, comment) VALUES (465, '24.10', 0xece5e6e4f3ede0f0eee4edfbe920e4e5edfc20cef0e3e0ede8e7e0f6e8e820cee1fae5e4e8edb8ededfbf520cde0f6e8e92028cececd29, '', '');
INSERT INTO holidays (id, date_hol, name_hol, type_hol, comment) VALUES (466, '24.10.1973', 0xe220c5e3e8eff2e520e4e5edfc20f1f3fdf6eaeee920efeee1e5e4fb2e20c3eee4eee2f9e8ede020e5e3e8efe5f2f1eaee2de8e7f0e0e8ebfcf1eaeee3ee20efe5f0e5ece8f0e8ff203139373320e3eee4e02c20efeef1ebe520eaeef2eef0eee3ee20c5e3e8efe5f220e2eef1f1f2e0edeee2e8eb20eaeeedf2f0eeebfc20ede0e420d1f3fdf6eae8ec20eae0ede0ebeeec2e, '', '');
INSERT INTO holidays (id, date_hol, name_hol, type_hol, comment) VALUES (467, '25.10', 0xc22030332e303020cfe5f0e5f5eee420ede020c5e2f0eeefe5e9f1eaeee520e7e8ecede5e520e2f0e5ecff2028f7e0f1fb20efe5f0e5e2eee4fff2f1ff20ede0203120f7e0f120ede0e7e0e429, '', '');
INSERT INTO holidays (id, date_hol, name_hol, type_hol, comment) VALUES (468, '25.10', 0xe4e5edfc20e8ede6e5ede5f0e02dece5f5e0ede8eae0, '', '');
INSERT INTO holidays (id, date_hol, name_hol, type_hol, comment) VALUES (469, '25.10', 0xe4e5edfc20f0e0e1eef2ede8eaeee220e0e2f2eeeceee1e8ebfcedeee3ee20f2f0e0edf1efeef0f2e020e820e4eef0eee6edeee3ee20f5eee7ffe9f1f2e2e0, '', '');
INSERT INTO holidays (id, date_hol, name_hol, type_hol, comment) VALUES (470, '25.10', 0xe4e5edfc20f2e0eceee6e5edede8eae020d0eef1f1e8e9f1eaeee920d4e5e4e5f0e0f6e8e8, '', '');
INSERT INTO holidays (id, date_hol, name_hol, type_hol, comment) VALUES (471, '25.10', 0xece5e6e4f3ede0f0eee4edfbe920e4e5edfc20e1eef0fce1fb20e6e5edf9e8ed20e7e020ece8f0, '', '');
INSERT INTO holidays (id, date_hol, name_hol, type_hol, comment) VALUES (472, '26.10.1917', 0xcff0e8edfff2e8e520c4e5eaf0e5f2e020ee20e7e5ecebe5, '', '');
INSERT INTO holidays (id, date_hol, name_hol, type_hol, comment) VALUES (473, '26.10.1917', 0xcff0e8edfff2e8e520c4e5eaf0e5f2e020ee20ece8f0e5, '', '');
INSERT INTO holidays (id, date_hol, name_hol, type_hol, comment) VALUES (474, '28.10', 0xe220d7e5f5e8e820c4e5edfc20eef1edeee2e0ede8ff20ede5e7e0e2e8f1e8eceee920d7e5f5eef1ebeee2e0eae8e82e, '', '');
INSERT INTO holidays (id, date_hol, name_hol, type_hol, comment) VALUES (475, '28.10.1940', 0xe220c3f0e5f6e8e820e4e5edfc2027cef5e827202827eef5e82720efee2de3f0e5f7e5f1eae820eee7ede0f7e0e5f22027ede5f227292e20c3f0e5f7e5f1eae8e920e0ede0ebeee320f0eef1f1e8e9f1eaeee3ee20c4edff20efeee1e5e4fb2e, '', '');
INSERT INTO holidays (id, date_hol, name_hol, type_hol, comment) VALUES (476, '29.10', 0xc4e5edfc20f0e5f1eff3e1ebe8eae82e20d2d0d1ca2028d2f3f0e5f6eae0ff20d0e5f1eff3e1ebe8eae020d1e5e2e5f0edeee3ee20cae8eff0e0292e, '', '');
INSERT INTO holidays (id, date_hol, name_hol, type_hol, comment) VALUES (477, '29.10.1918', 0xe4e5edfc20f0eee6e4e5ede8ff20caeeecf1eeeceeebe0, '', '');
INSERT INTO holidays (id, date_hol, name_hol, type_hol, comment) VALUES (478, '30.10', 0xe4e5edfc20efe0ecfff2e820e6e5f0f2e220efeeebe8f2e8f7e5f1eae8f520f0e5eff0e5f1f1e8e9, '', '');
INSERT INTO holidays (id, date_hol, name_hol, type_hol, comment) VALUES (479, '30.10.1696', 0xcee1f0e0e7eee2e0ede8e520d0eef1f1e8e9f1eaeee3ee20f4ebeef2e0, '', '');
INSERT INTO holidays (id, date_hol, name_hol, type_hol, comment) VALUES (480, '30.10.1975', 0xe4e5edfc20e2fbf5eee4e020e220f1e2e5f220efe5f1ede820e3f0f3efeffb2027517765656e272027426f68656d69616e20526170736f6479272e, '', '');
INSERT INTO holidays (id, date_hol, name_hol, type_hol, comment) VALUES (481, '31.10', 0xe4e5edfc20c2f1e5f520d1e2fff2fbf5202848616c6c6f7765656e29, '', '');
INSERT INTO holidays (id, date_hol, name_hol, type_hol, comment) VALUES (482, '01.11.1999', 0xcaeeecefe0ede8ff2027cdd2c22dcfebfef12720ede0f7e0ebe020ede5efeef1f0e5e4f1f2e2e5ededeee520f1eff3f2ede8eaeee2eee520e2e5f9e0ede8e520e220f6e8f4f0eee2eee920f4eef0ece520f7e5f0e5e720f1eff3f2ede8ea2027d0e8f2ec2d312f20c1eeedf3ec2d3127, '', '');
INSERT INTO holidays (id, date_hol, name_hol, type_hol, comment) VALUES (483, '02.11', 0xe4e5edfc20ece5e6e4f3ede0f0eee4edeee3ee20eff0e8e7ede0ede8ff20cfe5f2e5f0e1f3f0e3e0, '', '');
INSERT INTO holidays (id, date_hol, name_hol, type_hol, comment) VALUES (484, '02.11.1917', 0xc4e5eaebe0f0e0f6e8ff20eff0e0e220ede0f0eee4eee220d0eef1f1e8e8, '', '');
INSERT INTO holidays (id, date_hol, name_hol, type_hol, comment) VALUES (485, '03.11', 0xe220dfefeeede8e820e4e5edfc20ede0f6e8eeede0ebfcedeee920eaf3ebfcf2f3f0fb2e, '', '');
INSERT INTO holidays (id, date_hol, name_hol, type_hol, comment) VALUES (486, '946', 0xe4e5edfc20f1eee7e4e0ede8ff20decdc5d1cace, '', '');
INSERT INTO holidays (id, date_hol, name_hol, type_hol, comment) VALUES (487, '04.11.1967', 0xc2e2e5e4e5ed20e220fdeaf1efebf3e0f2e0f6e8fe20cee1f9e5f1eefee7edfbe920f2e5ebe5f6e5edf2f020e220cef1f2e0edeae8edee2e20c1fbebe020f1e4e0ede020e220fdeaf1efebf3e0f2e0f6e8fe20f1e0ece0ff20e2fbf1eeeae0ff20e220ece8f0e520e1e0f8edff20eee1f9e5f1eefee7edeee920f0e0e4e8eef2e5ebe5e2e8e7e8eeededeee920efe5f0e5e4e0fef9e5e920f1f2e0edf6e8e82e20c5e520e2fbf1eef2e020e2ece5f1f2e520f120f4ebe0e3f8f2eeeaeeec20f1eef1f2e0e2e8ebe0, '', '');
INSERT INTO holidays (id, date_hol, name_hol, type_hol, comment) VALUES (488, '05.11.1943', 0xf0eee4e8ebf1ff20d1f2e8e220cce8ebebe5f02e, '', '');
INSERT INTO holidays (id, date_hol, name_hol, type_hol, comment) VALUES (489, '06.11.1972', 0x426c61636b205361626261746820efeeebf3f7e8ebe82027e7eeebeef2eee92720e4e8f1ea20e7e020e0ebfce1eeec2027566f6c2e34272e, '', '');
INSERT INTO holidays (id, date_hol, name_hol, type_hol, comment) VALUES (490, '07.11', 0xe4e5edfc20eff0e8ece5f0e5ede8ff20e820f1eee3ebe0f1e8ff, '', '');
INSERT INTO holidays (id, date_hol, name_hol, type_hol, comment) VALUES (491, '07.11.1612', 0xe4e5edfc20e2eee8edf1eaeee920f1ebe0e2fb20d0eef1f1e8e82e20c4e5edfc20eef1e2eee1eee6e4e5ede8ff20cceef1eae2fb20f1e8ebe0ece820ede0f0eee4edeee3ee20eeefeeebf7e5ede8ff20efeee420f0f3eaeee2eee4f1f2e2eeec20caf3e7fcecfb20cce8ede8ede020e820c4ece8f2f0e8ff20cfeee6e0f0f1eaeee3ee20eef220efeeebfcf1eae8f520e8edf2e5f0e2e5edf2eee2, '', '');
INSERT INTO holidays (id, date_hol, name_hol, type_hol, comment) VALUES (492, '07.11.1917', 0xceeaf2ffe1f0fcf1eae0ff20d1eef6e8e0ebe8f1f2e8f7e5f1eae0ff20d0e5e2eeebfef6e8ff, '', '');
INSERT INTO holidays (id, date_hol, name_hol, type_hol, comment) VALUES (493, '09.11', 0xc2f1e5ece8f0edfbe920e4e5edfc20eae0f7e5f1f2e2e0, '', '');
INSERT INTO holidays (id, date_hol, name_hol, type_hol, comment) VALUES (494, '10.11', 0xc2f1e5ece8f0edfbe920e4e5edfc20eceeebeee4e5e6e8, '', '');
INSERT INTO holidays (id, date_hol, name_hol, type_hol, comment) VALUES (495, '10.11', 0xe4e5edfc20ece8ebe8f6e8e8, '', '');
INSERT INTO holidays (id, date_hol, name_hol, type_hol, comment) VALUES (496, '12.11', 0xe4e5edfc20e1e0edeaeee2f1eaeee3ee20f0e0e1eef2ede8eae0, '', '');
INSERT INTO holidays (id, date_hol, name_hol, type_hol, comment) VALUES (497, '12.11.1945', 0xd0eee4e8ebf1ff20cde5e9eb20dfede32e, '', '');
INSERT INTO holidays (id, date_hol, name_hol, type_hol, comment) VALUES (498, '13.11', 0xcce5e6e4f3ede0f0eee4edfbe920e4e5edfc20f1ebe5effbf5, '', '');
INSERT INTO holidays (id, date_hol, name_hol, type_hol, comment) VALUES (499, '13.11.1968', 0xcff0e5ecfce5f0e020ecf3ebfcf2f4e8ebfcece0202759656c6c6f77205375626d6172696e652720e220d1d8c02e, '', '');
INSERT INTO holidays (id, date_hol, name_hol, type_hol, comment) VALUES (500, '14.11', 0xc2f1e5ece8f0edfbe920e4e5edfc20e1eef0fce1fb20eff0eef2e8e220e4e8e0e1e5f2e0, '', '');
INSERT INTO holidays (id, date_hol, name_hol, type_hol, comment) VALUES (501, '14.11.1851', 0xcff0eef8e5eb20efe5f0e2fbe920efeee5e7e420ece5e6e4f320d1e0edeaf22dcfe5f2e5f0e1f3f0e3eeec20e820cceef1eae2eee9, '', '');
INSERT INTO holidays (id, date_hol, name_hol, type_hol, comment) VALUES (502, '15.11', 0xc2f1e5f0eef1f1e8e9f1eae8e920e4e5edfc20eff0e8e7fbe2ede8eae0, '', '');
INSERT INTO holidays (id, date_hol, name_hol, type_hol, comment) VALUES (503, '15.11', 0xc4e5edfc20eff0eee2eee7e3ebe0f8e5ede8ff20d2f3f0e5f6eaeee920d0e5f1eff3e1ebe8eae820d1e5e2e5f0edeee3ee20cae8eff0e0, '', '');
INSERT INTO holidays (id, date_hol, name_hol, type_hol, comment) VALUES (504, '15.11', 0xe4e5edfc20d0e0eae5f2edfbf520e2eee9f1ea20e820e0f0f2e8ebebe5f0e8e8, '', '');
INSERT INTO holidays (id, date_hol, name_hol, type_hol, comment) VALUES (505, '15.11.1934', 0xcfe5f0e2e0ff20f2e5ebe5e2e8e7e8eeedede0ff20e7e2f3eaeee2e0ff20efe5f0e5e4e0f7e020e220d1d1d1d02c20eaeef2eef0e0ff20f1eef1f2eeffebe0f1fc20e220cceef1eae2e5, '', '');
INSERT INTO holidays (id, date_hol, name_hol, type_hol, comment) VALUES (506, '15.11.1971', 0xe4e5edfc20e2fbeff3f1eae020efe5f0e2eee3ee20ece8eaf0eeeff0eef6e5f1f1eef0e020496e74656c2034303034, '', '');
INSERT INTO holidays (id, date_hol, name_hol, type_hol, comment) VALUES (507, '16.11', 0xcce5e6e4f3ede0f0eee4edfbe920e4e5edfc20e1eef0fce1fb20f120eaf3f0e5ede8e5ec, '', '');
INSERT INTO holidays (id, date_hol, name_hol, type_hol, comment) VALUES (508, '16.11', 0xe4e5edfc20eceef0f1eaeee920efe5f5eef2fb, '', '');
INSERT INTO holidays (id, date_hol, name_hol, type_hol, comment) VALUES (509, '16.11', 0xece5e6e4f3ede0f0eee4edfbe920e4e5edfc20f2e5f0efe8eceef1f2e82028f2eeebe5f0e0edf2edeef1f2e8292e, '', '');
INSERT INTO holidays (id, date_hol, name_hol, type_hol, comment) VALUES (510, '16.11.1869', 0xcef2eaf0fbf2e8e520d1f3fdf6eaeee3ee20eae0ede0ebe0, '', '');
INSERT INTO holidays (id, date_hol, name_hol, type_hol, comment) VALUES (511, '17.11', 0xcce5e6e4f3ede0f0eee4edfbe920e4e5edfc20f1f2f3e4e5edf2eee2, '', '');
INSERT INTO holidays (id, date_hol, name_hol, type_hol, comment) VALUES (512, '20.11.0864', 0xcff0e8edfff2fb20d1f3e4e5e1edfbe520f3f1f2e0e2fb20d0eef1f1e8e8, '', '');
INSERT INTO holidays (id, date_hol, name_hol, type_hol, comment) VALUES (513, '20.11.1480', 0xcaeeede5f620f2e0f2e0f0ee2deceeede3eeebfcf1eaeee3ee20e8e3e020ede020d0f3f1e8, '', '');
INSERT INTO holidays (id, date_hol, name_hol, type_hol, comment) VALUES (514, '20.11.1945', 0xcdfef0ede1e5f0e3f1eae8e920eff0eef6e5f1f120ede0e420e3ebe0e2edfbece820ede0f6e8f1f2f1eae8ece820e2eee5ededfbece820eff0e5f1f2f3efede8eae0ece82028323020edeeffe1f0ff31393435202d203120eeeaf2ffe1f0ff203139343529, '', '');
INSERT INTO holidays (id, date_hol, name_hol, type_hol, comment) VALUES (515, '21.11', 0xe2f1e5ece8f0edfbe920e4e5edfc20eff0e8e2e5f2f1f2e2e8e9, '', '');
INSERT INTO holidays (id, date_hol, name_hol, type_hol, comment) VALUES (516, '21.11', 0xe2f1e5ece8f0edfbe920e4e5edfc20f2e5ebe5e2e8e4e5ede8ff, '', '');
INSERT INTO holidays (id, date_hol, name_hol, type_hol, comment) VALUES (517, '21.11', 0xe4e5edfc20f0e0e1eef2ede8eae020ede0ebeee3eee2fbf520eef0e3e0edeee220d0eef1f1e8e9f1eaeee920d4e5e4e5f0e0f6e8e8, '', '');
INSERT INTO holidays (id, date_hol, name_hol, type_hol, comment) VALUES (518, '22.11', 0xe4e5edfc20c1ebeee3eee4e0f0e5ede8ff, '', '');
INSERT INTO holidays (id, date_hol, name_hol, type_hol, comment) VALUES (519, '23.11', 0xe220dfefeeede8e820e4e5edfc20e1ebe0e3eee4e0f0e5ede8ff20e820f2f0f3e4e02e, '', '');
INSERT INTO holidays (id, date_hol, name_hol, type_hol, comment) VALUES (520, '23.11.1924', 0xd1eef1f2eeffebe0f1fc20efe5f0e2e0ff20f8e8f0eeeaeee2e5f9e0f2e5ebfcede0ff20efe5f0e5e4e0f7e020cceef1eaeee2f1eaeee3ee20f0e0e4e8ee, '', '');
INSERT INTO holidays (id, date_hol, name_hol, type_hol, comment) VALUES (521, '24.11', 0xe4e5edfc20ece0f2e5f0e8, '', '');
INSERT INTO holidays (id, date_hol, name_hol, type_hol, comment) VALUES (522, '24.11.1991', 0xd3f8b8eb20e8e720e6e8e7ede820d4f0e5e4e820cce5f0eafef0e82e, '', '');
INSERT INTO holidays (id, date_hol, name_hol, type_hol, comment) VALUES (523, '26.11', 0xe4e5edfc20d1e2fff2eee3ee20c8eee0edede020c7ebe0f2eef3f1f2e0, '', '');
INSERT INTO holidays (id, date_hol, name_hol, type_hol, comment) VALUES (524, '26.11.1769', 0xd3f7f0e5e6e4e5ed20c3e5eef0e3e8e5e2f1eae8e920eaf0e5f1f2, '', '');
INSERT INTO holidays (id, date_hol, name_hol, type_hol, comment) VALUES (525, '29.11', 0xece5e6e4f3ede0f0eee4edfbe920e4e5edfc20f1eeebe8e4e0f0edeef1f2e820f120efe0ebe5f1f2e8edf1eae8ec20ede0f0eee4eeec, '', '');
INSERT INTO holidays (id, date_hol, name_hol, type_hol, comment) VALUES (526, '30.11.2001', 0xe4e5edfc2027f1ece5f0f2e8272057696e646f77732039352e20caeeecefe0ede8ff204d6963726f736f667420eef4e8f6e0ebfcedee20eff0e5eaf0e0f9e0e5f220efeee4e4e5f0e6eaf320fdf2eee920ced12e20ddf2ee20eee7ede0f7e0e5f220eff0e5eaf0e0f9e5ede8e520e2fbeff3f1eae020e4f0e0e9e2e5f0eee220e820eff0eee3f0e0ecec20f1efeef1eee1edfbf520f0e0e1eef2e0f2fc20efeee420f3eff0e0e2ebe5ede8e5ec2057696e646f7773203935, '', '');
INSERT INTO holidays (id, date_hol, name_hol, type_hol, comment) VALUES (527, '01.12', 0xe2f1e5ece8f0edfbe920e4e5edfc20e1eef0fce1fb20f1ee20d1cfc8c4eeec, '', '');
INSERT INTO holidays (id, date_hol, name_hol, type_hol, comment) VALUES (528, '01.12.1853', 0xe4e5edfc20e2eee8edf1eaeee920f1ebe0e2fb20d0eef1f1e8e82e20c4e5edfc20efeee1e5e4fb20f0f3f1f1eaeee920fdf1eae0e4f0fb20efeee420eaeeece0ede4eee2e0ede8e5ec20cf2ed12e20cde0f5e8eceee2e020ede0e420f2f3f0e5f6eaeee920fdf1eae0e4f0eee920f320ecfbf1e020d1e8edeeef, '', '');
INSERT INTO holidays (id, date_hol, name_hol, type_hol, comment) VALUES (529, '03.12', 0xcce5e6e4f3ede0f0eee4edfbe920e4e5edfc20e8ede2e0ebe8e4eee2, '', '');
INSERT INTO holidays (id, date_hol, name_hol, type_hol, comment) VALUES (530, '03.12.1959', 0xcfeef1f2f0eee5ed20efe5f0e2fbe920e220ece8f0e520e0f2eeecedfbe920ebe5e4eeeaeeeb2027cbe5ede8ed27, '', '');
INSERT INTO holidays (id, date_hol, name_hol, type_hol, comment) VALUES (531, '05.12', 0xece5e6e4f3ede0f0eee4edfbe920e4e5edfc20e4eee1f0eee2eeebfcf6e5e220e2ee20e8ecff20fdeaeeedeeece8f7e5f1eaeee3ee20e820f1eef6e8e0ebfcedeee3ee20f0e0e7e2e8f2e8ff2028c4e5edfc20e2eeebeeedf2e5f0e02c20efee20f0e5f8e5ede8fe20cececd29, '', '');
INSERT INTO holidays (id, date_hol, name_hol, type_hol, comment) VALUES (532, '05.12.1936', 0xcff0e8edfff2e8e520caeeedf1f2e8f2f3f6e8e820d1d1d1d0, '', '');
INSERT INTO holidays (id, date_hol, name_hol, type_hol, comment) VALUES (533, '05.12.1941', 0xe4e5edfc20e2eee8edf1eaeee920f1ebe0e2fb20d0eef1f1e8e82e20c4e5edfc20ede0f7e0ebe020eaeeedf2f0ede0f1f2f3efebe5ede8ff20f1eee2e5f2f1eae8f520e2eee9f1ea20eff0eef2e8e220ede5ece5f6eaee202d20f4e0f8e8f1f2f1eae8f520e2eee9f1ea20e220e1e8f2e2e520efeee420cceef1eae2eee9, '', '');
INSERT INTO holidays (id, date_hol, name_hol, type_hol, comment) VALUES (534, '06.12', 0xe220c8f1efe0ede8e820c4e5edfc20eaeeedf1f2e8f2f3f6e8e82e, '', '');
INSERT INTO holidays (id, date_hol, name_hol, type_hol, comment) VALUES (535, '07.12', 0xece5e6e4f3ede0f0eee4edfbe920e4e5edfc20e3f0e0e6e4e0edf1eaeee920e0e2e8e0f6e8e8, '', '');
INSERT INTO holidays (id, date_hol, name_hol, type_hol, comment) VALUES (536, '07.12.1988', 0xc7e5ecebe5f2f0fff1e5ede8e520e220c0f0ece5ede8e8, '', '');
INSERT INTO holidays (id, date_hol, name_hol, type_hol, comment) VALUES (537, '08.12', 0xeff0e0e7e4ede8ea20ede5efeef0eef7edeee3ee20e7e0f7e0f2e8ff, '', '');
INSERT INTO holidays (id, date_hol, name_hol, type_hol, comment) VALUES (538, '09.12.1968', 0xc1fbebe020e8e7eee1f0e5f2e5ede020ecfbf8eae02c20eee4edee20e8e720f1e0ecfbf520ede5eee1f5eee4e8ecfbf520f3f1f2f0eee9f1f2e220e2e2eee4e0, '', '');
INSERT INTO holidays (id, date_hol, name_hol, type_hol, comment) VALUES (539, '09.12.1993', 0xc4e5edfc20e2fbf5eee4e020ede5f3ece8f0e0fef9e5e920e8e3f0fb204430304d212121, '', '');
INSERT INTO holidays (id, date_hol, name_hol, type_hol, comment) VALUES (540, '10.12.1948', 0xc3e5ede5f0e0ebfcede0ff20c0f1f1e0ece1ebe5ff20cececd20eff0e8edffebe020c2f1e5eee1f9f3fe20e4e5eaebe0f0e0f6e8fe20eff0e0e220f7e5ebeee2e5eae0, '', '');
INSERT INTO holidays (id, date_hol, name_hol, type_hol, comment) VALUES (541, '11.12', 0xc2f1e5ece8f0edfbe920e4e5edfc20eff0e0e220f7e5ebeee2e5eae0, '', '');
INSERT INTO holidays (id, date_hol, name_hol, type_hol, comment) VALUES (542, '11.12', 0xe2f1e5ece8f0edfbe920e4e5edfc20e4e5f2f1eaeee3ee20f2e5ebe5e2e5f9e0ede8ff, '', '');
INSERT INTO holidays (id, date_hol, name_hol, type_hol, comment) VALUES (543, '11.12.1905', 0xc7e0eaeeed2027ce20e2fbe1eef0e0f520e220c3eef1f3e4e0f0f1f2e2e5ededf3fe20e4f3ecf327, '', '');
INSERT INTO holidays (id, date_hol, name_hol, type_hol, comment) VALUES (544, '11.12.1918', 0xe2ee20d4f0e0edf6e8e820e4e5edfc20efe5f0e5ece8f0e8ff2e20cef2ece5f7e0e5f2f1ff20e220e3eee4eee2f9e8edf320efeee4efe8f1e0ede8ff20e2203139313820e3eee4f320efe5f0e5ece8f0e8ff20ece5e6e4f320c0edf2e0edf2eee920e820c3e5f0ece0ede8e5e920e820f1f7e8f2e0e5f2f1ff20e4ede5ec20efe0ecfff2e820e2f1e5f520f4f0e0edf6f3e7f1eae8f520f1eeebe4e0f22e, '', '');
INSERT INTO holidays (id, date_hol, name_hol, type_hol, comment) VALUES (545, '12.12', 0xe4e5edfc20caeeedf1f2e8f2f3f6e8e820d0eef1f1e8e9f1eaeee920d4e5e4e5f0e0f6e8e82de3eef1f3e4e0f0f1f2e2e5ededfbe920eff0e0e7e4ede8ea, '', '');
INSERT INTO holidays (id, date_hol, name_hol, type_hol, comment) VALUES (546, '12.12.1991', 0xe4e5edfc20f1eee7e4e0ede8ff20efe5f0e2eee920e0ece5f0e8eae0edf1eaeee920e2e5e12df1f2f0e0ede8f7eae82c20eaeef2eef0f3fe20eceee6edee20f1f7e8f2e0f2fc2027ece0eceee92720e2f1e5e9205757572e20d1eee7e4e0f2e5ebfc20f1f2f0e0ede8f7eae820cfeeeb20caf3edf6203139343020e32ef02e, '', '');
INSERT INTO holidays (id, date_hol, name_hol, type_hol, comment) VALUES (547, '12.12.1993', 0xe4e5edfc20caeeedf1f2e8f2f3f6e8e820d0eef1f1e8e9f1eaeee920d4e5e4e5f0e0f6e8e8202d20e3eef1f3e4e0f0f1f2e2e5ededfbe920eff0e0e7e4ede8ea, '', '');
INSERT INTO holidays (id, date_hol, name_hol, type_hol, comment) VALUES (548, '14.12', 0xe4e5edfc20fdede5f0e3e5f2e8eae0, '', '');
INSERT INTO holidays (id, date_hol, name_hol, type_hol, comment) VALUES (549, '15.12.1945', 0xcceef1eaeee2f1eae8e920f2e5ebe5f6e5edf2f020efe5f0e2fbec20e220c5e2f0eeefe520e2eee7eee1edeee2e8eb20f0e5e3f3ebfff0edfbe520f2e5ebe5e2e8e7e8eeededfbe520efe5f0e5e4e0f7e8, '', '');
INSERT INTO holidays (id, date_hol, name_hol, type_hol, comment) VALUES (550, '16.12.1926', 0xd1eef1f2eeffebe0f1fc20ebe0e1eef0e0f2eef0ede0ff20e4e5eceeedf1f2f0e0f6e8ff20efe5f0e5e4e0f7e820e4e2e8e6f3f9e5e3eef1ff20e8e7eee1f0e0e6e5ede8ff2c20eff0e8edf6e8ef20eaeef2eef0eee920e1fbeb20f0e0e7f0e0e1eef2e0ed20f0f3f1f1eae8ec20f4e8e7e8eaeeec20cb2e20d2e5f0ece5edeeec2e, '', '');
INSERT INTO holidays (id, date_hol, name_hol, type_hol, comment) VALUES (551, '17.12', 0xe4e5edfc20f0e0eae5f2edfbf520e2eee9f1ea20f1f2f0e0f2e5e3e8f7e5f1eaeee3ee20ede0e7ede0f7e5ede8ff, '', '');
INSERT INTO holidays (id, date_hol, name_hol, type_hol, comment) VALUES (552, '18.12.1708', 0xd3eae0e720eee120f3f7f0e5e6e4e5ede8e820e3f3e1e5f0ede8e920e820ee20f0e0f1efe8f1e0ede8e820ea20ede8ec20e3eef0eee4eee2, '', '');
INSERT INTO holidays (id, date_hol, name_hol, type_hol, comment) VALUES (553, '19.12', 0xe4e5edfc20f1e2fff2eee3ee20cde8eaeeebe0ff20d7f3e4eef2e2eef0f6e0, '', '');
INSERT INTO holidays (id, date_hol, name_hol, type_hol, comment) VALUES (554, '19.12.1866', 0xd1eee7e4e0ede8e520d0f3f1f1eaeee3ee20f2e5ebe5e3f0e0f4edeee3ee20e0e3e5edf2f1f2e2e0, '', '');
INSERT INTO holidays (id, date_hol, name_hol, type_hol, comment) VALUES (555, '20.12', 0xe4e5edfc20f0e0e1eef2ede8eae020eef0e3e0edeee220e1e5e7eeefe0f1edeef1f2e820d0eef1f1e8e9f1eaeee920d4e5e4e5f0e0f6e8e8, '', '');
INSERT INTO holidays (id, date_hol, name_hol, type_hol, comment) VALUES (556, '21.12', 0xe4e5edfc20e7e8ecede5e3ee20f1eeebedf6e5f1f2eeffede8ff, '', '');
INSERT INTO holidays (id, date_hol, name_hol, type_hol, comment) VALUES (557, '22.12.1929', 0xc2efe5f0e2fbe520efee20f0e0e4e8ee20e8e720cceef1eae2fb20efe5f0e5e4e0e2e0ebf1ff20eaeeedf6e5f0f220efee20e7e0ffe2eae0ec20f0e0e4e8eef1ebf3f8e0f2e5ebe5e92e, '', '');
INSERT INTO holidays (id, date_hol, name_hol, type_hol, comment) VALUES (558, '23.12', 0xe220dfefeeede8e820e4e5edfc20f0eee6e4e5ede8ff20e8ecefe5f0e0f2eef0e02e, '', '');
INSERT INTO holidays (id, date_hol, name_hol, type_hol, comment) VALUES (559, '24.12', 0xe220d7e5f5e8e820d1eef7e5ebfcede8ea, '', '');
INSERT INTO holidays (id, date_hol, name_hol, type_hol, comment) VALUES (560, '24.12.1790', 0xe4e5edfc20e2eee8edf1eaeee920f1ebe0e2fb20d0eef1f1e8e82e20c4e5edfc20e2e7fff2e8ff20f2f3f0e5f6eaeee920eaf0e5efeef1f2e820c8e7ece0e8eb20f0f3f1f1eae8ece820e2eee9f1eae0ece820efeee420eaeeece0ede4eee2e0ede8e5ec20c02ec22e20d1f3e2eef0eee2e0, '', '');
INSERT INTO holidays (id, date_hol, name_hol, type_hol, comment) VALUES (561, '24.12.1991', 0xc220f1eeeef2e2e5f2f1f2e2e8e820f120f3eae0e7eeec20eff0e5e7e8e4e5edf2e020d0eef1f1e8e820f1eee7e4e0edee20d4c0cfd1c82028d4e5e4e5f0e0ebfcedeee520c0e3e5edf2f1f2e2ee20cff0e0e2e8f2e5ebfcf1f2e2e5ededeee920d1e2ffe7e820e820c8edf4eef0ece0f6e8e829, '', '');
INSERT INTO holidays (id, date_hol, name_hol, type_hol, comment) VALUES (562, '25.12', 0xeae0f2eeebe8f7e5f1eaeee520d0eee6e4e5f2e2ee, '', '');
INSERT INTO holidays (id, date_hol, name_hol, type_hol, comment) VALUES (563, '25.12.1979', 0xcde0f7e0ebee20e2eee9edfb20e220c0f4e3e0ede8f1f2e0ede5, '', '');
INSERT INTO holidays (id, date_hol, name_hol, type_hol, comment) VALUES (564, '25.12.1991', 0xceeaeeedf7e0f2e5ebfcedfbe920f0e0f1efe0e420d1eee2e5f2f1eaeee3ee20d1eefee7e0, '', '');
INSERT INTO holidays (id, date_hol, name_hol, type_hol, comment) VALUES (565, '25.12.1993', 0xc7e0f0e5e3e8f1f2f0e8f0eee2e0ede020efe0f0f2e8ff20ebfee1e8f2e5ebe5e920efe8e2e0, '', '');
INSERT INTO holidays (id, date_hol, name_hol, type_hol, comment) VALUES (566, '26.12', 0xe2ee20d4f0e0edf6e8e820c4e5edfc20f1e2fff2eee3ee20d1f2e5f4e0ede02028f2eeebfceaee20e220ddebfce7e0f1e52dcbeef2e0f0e8ede3e8e8292e, '', '');
INSERT INTO holidays (id, date_hol, name_hol, type_hol, comment) VALUES (567, '26.12', 0xe4e5edfc20c1eeeaf1e020e220d1d8c0, '', '');
INSERT INTO holidays (id, date_hol, name_hol, type_hol, comment) VALUES (568, '26.12.1825', 0xc2eef1f1f2e0ede8e52027e4e5eae0e1f0e8f1f2eee22720ede020d1e5ede0f2f1eaeee920efebeef9e0e4e8, '', '');
INSERT INTO holidays (id, date_hol, name_hol, type_hol, comment) VALUES (569, '26.12.1963', 0xd0eee4e8ebf1ff20cbe0f0f120d3ebfcf0e8f52028e3f0f3efefe020274d6574616c6c69636127292e, '', '');
INSERT INTO holidays (id, date_hol, name_hol, type_hol, comment) VALUES (570, '26.12.1991', 0xcff0e8edfff2e8e520c4e5eaebe0f0e0f6e8e820ee20eff0e5eaf0e0f9e5ede8e820f1f3f9e5f1f2e2eee2e0ede8ff20d1d1d1d0, '', '');
INSERT INTO holidays (id, date_hol, name_hol, type_hol, comment) VALUES (571, '27.12', 0xe4e5edfc20f1efe0f1e0f2e5ebff, '', '');
INSERT INTO holidays (id, date_hol, name_hol, type_hol, comment) VALUES (572, '27.12.1979', 0xc2e2eee420f1eee2e5f2f1eae8f520e2eee9f1ea20e220c0f4e3e0ede8f1f2e0ed, '', '');
INSERT INTO holidays (id, date_hol, name_hol, type_hol, comment) VALUES (573, '28.12.1895', 0xcef2eaf0fbf2e8e520ebf3f7e5e920d0e5edf2e3e5ede0, '', '');
INSERT INTO holidays (id, date_hol, name_hol, type_hol, comment) VALUES (574, '28.12.1925', 0xf3ece5f020d1e5f0e3e5e920c5f1e5ede8ed, '', '');
INSERT INTO holidays (id, date_hol, name_hol, type_hol, comment) VALUES (575, '29.12', 0xece5e6e4f3ede0f0eee4edfbe920e4e5edfc20e1e8eeebeee3e8f7e5f1eaeee3ee20f0e0e7edeeeee1f0e0e7e8ff, '', '');
INSERT INTO holidays (id, date_hol, name_hol, type_hol, comment) VALUES (576, '30.12.1922', 0xe4e5edfc20eee1f0e0e7eee2e0ede8ff20d1eefee7e020d1eee2e5f2f1eae8f520d1eef6e8e0ebe8f1f2e8f7e5f1eae8f520d0e5f1eff3e1ebe8ea, '', '');
INSERT INTO holidays (id, date_hol, name_hol, type_hol, comment) VALUES (577, '30.12.1924', 0xcff0e8edfff2e8e520caeeedf1f2e8f2f3f6e8e820d1d1d1d0, '', '');
INSERT INTO holidays (id, date_hol, name_hol, type_hol, comment) VALUES (578, '31.12', 0xe220dfefeeede8e820eae0edf3ed20cdeee2eee3ee20e3eee4e02e, '', '');

-- 
-- Р”Р°РјРї РґР°РЅРЅС‹С… С‚Р°Р±Р»РёС†С‹ `hours_kind`
-- 


-- 
-- Р”Р°РјРї РґР°РЅРЅС‹С… С‚Р°Р±Р»РёС†С‹ `hours_kind_type`
-- 


-- 
-- Р”Р°РјРї РґР°РЅРЅС‹С… С‚Р°Р±Р»РёС†С‹ `hours_rate`
-- 


-- 
-- Р”Р°РјРї РґР°РЅРЅС‹С… С‚Р°Р±Р»РёС†С‹ `hours_year`
-- 

INSERT INTO hours_year (id, kadri_id, year_id, bud_commerce, m09, m10, m11, m12, m01, m02, m03, m04, m05, m06, m07, m08, subjects) VALUES (1, 29, 1, 0xe1fee4e6e5f2, 2, 2, 0, 0, 0, 0, 0, 0, 0, 0, 0, 0, 0x323b343b393b3931);
INSERT INTO hours_year (id, kadri_id, year_id, bud_commerce, m09, m10, m11, m12, m01, m02, m03, m04, m05, m06, m07, m08, subjects) VALUES (2, 29, 1, 0xeaeeedf2f0e0eaf2, 3, 0, 0, 0, 0, 0, 0, 0, 0, 0, 0, 0, 0x323b343b393b3931);
INSERT INTO hours_year (id, kadri_id, year_id, bud_commerce, m09, m10, m11, m12, m01, m02, m03, m04, m05, m06, m07, m08, subjects) VALUES (4, 58, 0, 0xe1fee4e6e5f2, 1, 0, 0, 0, 0, 0, 0, 0, 0, 0, 0, 0, '');
INSERT INTO hours_year (id, kadri_id, year_id, bud_commerce, m09, m10, m11, m12, m01, m02, m03, m04, m05, m06, m07, m08, subjects) VALUES (6, 20, 1, 0xe1fee4e6e5f2, 0, 0, 0, 0, 0, 0, 0, 0, 0, 0, 0, 0, 0x38363b35333b3431);
INSERT INTO hours_year (id, kadri_id, year_id, bud_commerce, m09, m10, m11, m12, m01, m02, m03, m04, m05, m06, m07, m08, subjects) VALUES (7, 67, 1, 0xe1fee4e6e5f2, 0, 0, 0, 0, 0, 0, 0, 0, 0, 0, 0, 0, 0x3235);
INSERT INTO hours_year (id, kadri_id, year_id, bud_commerce, m09, m10, m11, m12, m01, m02, m03, m04, m05, m06, m07, m08, subjects) VALUES (8, 67, 1, 0xeaeeedf2f0e0eaf2, 0, 0, 0, 0, 0, 0, 0, 0, 0, 0, 0, 0, 0x3235);
INSERT INTO hours_year (id, kadri_id, year_id, bud_commerce, m09, m10, m11, m12, m01, m02, m03, m04, m05, m06, m07, m08, subjects) VALUES (9, 31, 2, 0xe1fee4e6e5f2, 0, 0, 0, 0, 0, 0, 0, 0, 0, 0, 0, 0, '');
INSERT INTO hours_year (id, kadri_id, year_id, bud_commerce, m09, m10, m11, m12, m01, m02, m03, m04, m05, m06, m07, m08, subjects) VALUES (10, 56, 2, 0xeaeeedf2f0e0eaf2, 50, 0, 0, 0, 0, 0, 0, 0, 0, 0, 0, 0, 0x313031);
INSERT INTO hours_year (id, kadri_id, year_id, bud_commerce, m09, m10, m11, m12, m01, m02, m03, m04, m05, m06, m07, m08, subjects) VALUES (11, 56, 2, 0xe1fee4e6e5f2, 50, 0, 0, 0, 0, 0, 0, 0, 0, 0, 0, 0, 0x313031);
INSERT INTO hours_year (id, kadri_id, year_id, bud_commerce, m09, m10, m11, m12, m01, m02, m03, m04, m05, m06, m07, m08, subjects) VALUES (12, 28, 2, 0xe1fee4e6e5f2, 0, 0, 0, 0, 0, 0, 0, 0, 0, 0, 0, 0, 0x31333b37373b3931);
INSERT INTO hours_year (id, kadri_id, year_id, bud_commerce, m09, m10, m11, m12, m01, m02, m03, m04, m05, m06, m07, m08, subjects) VALUES (13, 28, 2, 0xeaeeedf2f0e0eaf2, 0, 0, 0, 0, 0, 0, 0, 0, 0, 0, 0, 0, 0x31333b37373b3931);

-- 
-- Р”Р°РјРї РґР°РЅРЅС‹С… С‚Р°Р±Р»РёС†С‹ `izmen`
-- 

INSERT INTO izmen (id, razdel, izmenenie, zav, prep, id_otmetka, id_kadri, id_year, comment) VALUES (21, '1,3', 'РѕРїРёСЃР°РЅРёРµ Рё РїСЂРёС‡РёРЅС‹ РёР·РјРµРЅРµРЅРёСЏ', '2006-07-11', '2006-07-13', 1, 1, 9, '');
INSERT INTO izmen (id, razdel, izmenenie, zav, prep, id_otmetka, id_kadri, id_year, comment) VALUES (22, '2', 'РѕРїРёСЃР°РЅРёРµ Рё РїСЂРёС‡РёРЅС‹', '2002-11-21', '2002-11-22', 2, 1, 9, '');

-- 
-- Р”Р°РјРї РґР°РЅРЅС‹С… С‚Р°Р±Р»РёС†С‹ `kadri`
-- 

INSERT INTO kadri (id, photo, fio, fio_short, pol, passp_seria, passp_nomer, passp_place, passp_date, date_rogd, INN, insurance_num, language1, language2, work_place, dolgnost, zvanie, stepen, add_work, tel_work, add_home, tel_home, e_mail, site, stag_ugatu, stag_pps, stag_itogo, din_nauch_kar, ekspert_spec, ekspert_kluch_slova, nauch_eksper, prepod_rabota, nagradi, primech, child_cnt, person_type) VALUES (1, '', 'РРІР°РЅРѕРІ РРІР°РЅ РРІР°РЅРѕРІРёС‡', 'РРІР°РЅРѕРІ Р.Р.', 0, '', '', '', '', '', '', '', 0, 0, '', 0, 0, 0, '', '', '', '', '', '', '', '', '', '', '', '', '', '', '', '', 0, 0);

-- 
-- Р”Р°РјРї РґР°РЅРЅС‹С… С‚Р°Р±Р»РёС†С‹ `nauch_met_rab`
-- 


-- 
-- Р”Р°РјРї РґР°РЅРЅС‹С… С‚Р°Р±Р»РёС†С‹ `otmetka`
-- 

INSERT INTO otmetka (id, name, comment) VALUES (1, 'РґР°', '');
INSERT INTO otmetka (id, name, comment) VALUES (2, 'РЅРµС‚', '');

-- 
-- Р”Р°РјРї РґР°РЅРЅС‹С… С‚Р°Р±Р»РёС†С‹ `perechen_nauch_rab`
-- 

INSERT INTO perechen_nauch_rab (id, id_kadri, id_year, name, volume, id_type_nauch_rab, comment) VALUES (39, 1, 9, 'РЎРµС‚Рё', '12 РёР·РґР°С‚РµР»СЊСЃС‚РІРѕ', 1, '');
INSERT INTO perechen_nauch_rab (id, id_kadri, id_year, name, volume, id_type_nauch_rab, comment) VALUES (40, 1, 9, 'РљРёР±РµСЂРЅРµС‚РёРєР°', '11', 2, '');

-- 
-- Р”Р°РјРї РґР°РЅРЅС‹С… С‚Р°Р±Р»РёС†С‹ `plan`
-- 


-- 
-- Р”Р°РјРї РґР°РЅРЅС‹С… С‚Р°Р±Р»РёС†С‹ `rating_cats`
-- 

INSERT INTO rating_cats (id, title) VALUES (1, 0xd3f7e5e1edee2dece5f2eee4e8f7e5f1eae0ff20f0e0e1eef2e0);
INSERT INTO rating_cats (id, title) VALUES (2, 0xc0e4ece8ede8f1f2f0e0f2e8e2ede0ff20f0e0e1eef2e0);
INSERT INTO rating_cats (id, title) VALUES (3, 0xcde0f3f7edee2de8f1f1ebe5e4eee2e0f2e5ebfcf1eae0ff20f0e0e1eef2e0);
INSERT INTO rating_cats (id, title) VALUES (4, 0xcef6e5edeae020e7e0f1ebf3e320eff0e5efeee4e0e2e0f2e5ebff);
INSERT INTO rating_cats (id, title) VALUES (5, 0xc4e8f1f6e8efebe8ede0);

-- 
-- Р”Р°РјРї РґР°РЅРЅС‹С… С‚Р°Р±Р»РёС†С‹ `rating_marks`
-- 

INSERT INTO rating_marks (id, title, cat_id, rate, unit) VALUES (1, 0xc7e0e3f0f3e7eae02020eff0e5efeee4e0e2e0f2e5ebff20efee20f3f7e5e1edeee920f0e0e1eef2e5, 1, 1, 0xe220f7e0f1e0f5);
INSERT INTO rating_marks (id, title, cat_id, rate, unit) VALUES (2, 0xcde0e3f0f3e7eae02020ede020e2fbe5e7e4e5, 1, 1, 0xe220f7e0f1e0f5);
INSERT INTO rating_marks (id, title, cat_id, rate, unit) VALUES (3, 0xcaeeebe8f7e5f1f2e2ee2020e4e8efebeeecede8eaeee2, 1, 1, 0xe220f7e5ebeee2e5eae0f5);
INSERT INTO rating_marks (id, title, cat_id, rate, unit) VALUES (4, 0xcaeeebe8f7e5f1f2e2ee20ece0e3e8f1f2f0e0edf2eee22028e220f7e5eb2e29, 1, 1, '');
INSERT INTO rating_marks (id, title, cat_id, rate, unit) VALUES (5, 0xcaeeebe8f7e5f1f2e2ee20e0f1efe8f0e0edf2eee22028e220f7e5eb2e29, 1, 1, '');
INSERT INTO rating_marks (id, title, cat_id, rate, unit) VALUES (6, 0xcae0f7e5f1f2e2ee20f3f7e5e1edeee920ede0e3f0f3e7eae82028e4eeebff20ebe5eaf6e8e920e220eee1f9e5e920ede0e3f0f3e7eae529, 1, 1, '');
INSERT INTO rating_marks (id, title, cat_id, rate, unit) VALUES (7, 0xcaeeebe8f7e5f1f2e2ee20f3f7e5e1edfbf520efeef1eee1e8e92028e220f8f22e29, 1, 1, '');
INSERT INTO rating_marks (id, title, cat_id, rate, unit) VALUES (8, 0xcaeeebe8f7e5f1f2e2ee20f3f7e5e1edfbf520efeef1eee1e8e920f120e3f0e8f4eeec20d3ccce2028e220f8f22e29, 1, 1, '');
INSERT INTO rating_marks (id, title, cat_id, rate, unit) VALUES (9, 0xcaeeebe8f7e5f1f2e2ee20f3f7e5e1ede8eaeee22028e220f8f22e29, 1, 1, '');
INSERT INTO rating_marks (id, title, cat_id, rate, unit) VALUES (10, 0xcaeeebe8f7e5f1f2e2ee20ece5f2eee4e8f7e5f1eae8f520f3eae0e7e0ede8e920e820eff0e0eaf2e8eaf3eceee22028e220f8f22e29, 1, 1, '');
INSERT INTO rating_marks (id, title, cat_id, rate, unit) VALUES (11, 0xcaeeebe8f7e5f1f2e2ee20f3f7e5e1edfbf520eff0eee3f0e0ecec2028e220f8f22e29, 1, 1, '');
INSERT INTO rating_marks (id, title, cat_id, rate, unit) VALUES (12, 0xcaeeebe8f7e5f1f2e2ee20eaeeecefebe5eaf2eee220f2e5f1f2eee22028e220f8f22e29, 1, 1, '');
INSERT INTO rating_marks (id, title, cat_id, rate, unit) VALUES (13, 0xcaeeebe8f7e5f1f2e2ee20eff0e5efeee4e0e2e0e5ecfbf520eaf3f0f1eee220e220f1e8f1f2e5ece520c4ce20e8ebe820efeee2fbf8e5ede8ff20eae2e0ebe8f4e8eae0f6e8e82028e220f8f22e29, 1, 1, '');
INSERT INTO rating_marks (id, title, cat_id, rate, unit) VALUES (14, 0xcaeeebe8f7e5f1f2e2ee20eef0e3e0ede8e7eee2e0ededfbf520f1f2f3e4e5edf7e5f1eae8f520eeebe8ecefe8e0e42c20eaeeedeaf3f0f1eee220e8ebe820eaeeedf4e5f0e5edf6e8e92028e220f8f22e29, 1, 1, '');
INSERT INTO rating_marks (id, title, cat_id, rate, unit) VALUES (15, 0xc4eeebe6edeef1f2fc20e7e0e2e5e4f3fef9e5e3ee20eae0f4e5e4f0eee92028e4e02fede5f229, 2, 2, '');
INSERT INTO rating_marks (id, title, cat_id, rate, unit) VALUES (16, 0xcfeeeceef9ede8ea20e7e0e2e5e4f3fef9e5e3ee20eae0f4e5e4f0eee920efee20f3f7b8e1e52028e4e02fede5f229, 2, 2, '');
INSERT INTO rating_marks (id, title, cat_id, rate, unit) VALUES (17, 0xcfeeeceef9ede8ea20e7e0e2e5e4f3fef9e5e3ee20eae0f4e5e4f0eee920efee20ede0f3eae52028e4e02fede5f229, 2, 2, '');
INSERT INTO rating_marks (id, title, cat_id, rate, unit) VALUES (18, 0xcfeeeceef9ede8ea20e7e0e2e5e4f3fef9e5e3ee20eae0f4e5e4f0eee920efee20f4e8ede0edf1e0ec2028e4e02fede5f229, 2, 2, '');
INSERT INTO rating_marks (id, title, cat_id, rate, unit) VALUES (19, 0xcef2e2e5f2f1f2e2e5ededfbe920e7e020ede0e3f0f3e7eaf32028e4e02fede5f22909, 2, 2, '');
INSERT INTO rating_marks (id, title, cat_id, rate, unit) VALUES (20, 0xcef2e2e5f2f1f2e2e5ededfbe920e7e020f4e8ebe8e0eb2028e4e02fede5f229, 2, 2, '');
INSERT INTO rating_marks (id, title, cat_id, rate, unit) VALUES (21, 0xcef2e2e5f2f1f2e2e5ededfbe920e7e020cdc8d0d12028e4e02fede5f229, 2, 2, '');
INSERT INTO rating_marks (id, title, cat_id, rate, unit) VALUES (22, 0xcef2e2e5f2f1f2e2e5ededfbe920e7e020eff0e8b8ec2028e4e02fede5f229, 2, 2, '');
INSERT INTO rating_marks (id, title, cat_id, rate, unit) VALUES (23, 0xcef2e2e5f2f1f2e2e5ededfbe920e7e020eff0e5e4e4e8efeb2e20eff0e0eaf2e8eaf32028e4e02fede5f229, 2, 2, '');
INSERT INTO rating_marks (id, title, cat_id, rate, unit) VALUES (24, 0xcef2e2e5f2f1f2e2e5ededfbe920e7e020e2fbeff3f1ea2028e4e02fede5f229, 2, 2, '');
INSERT INTO rating_marks (id, title, cat_id, rate, unit) VALUES (25, 0xd0e0e1eef2e020efee20eff0eef4eef0e8e5edf2e0f6e8e820e220f8eaeeebe0f520e3eef0eee4e020e820f0e0e9eeedeee22028e4e02fede5f229, 2, 2, '');
INSERT INTO rating_marks (id, title, cat_id, rate, unit) VALUES (26, 0xc4eeebe6edeef1f2fc20e220e0e4ece8ede8f1f2f0e0f6e8e820f4e0eaf3ebfcf2e5f2e02028e4e02fede5f229, 2, 2, '');
INSERT INTO rating_marks (id, title, cat_id, rate, unit) VALUES (27, 0xc4eeebe6edeef1f2fc20e220e0e4ece8ede8f1f2f0e0f6e8e820e2f3e7e02028e4e02fede5f229, 2, 2, '');
INSERT INTO rating_marks (id, title, cat_id, rate, unit) VALUES (28, 0xcaf3f0e0f2eef020f3f7e5e1edeee920e3f0f3efeffb2028e4e02fede5f229, 2, 2, '');
INSERT INTO rating_marks (id, title, cat_id, rate, unit) VALUES (29, 0xc2eef1efe8f2e0f2e5ebfcede0ff20f0e0e1eef2e020e220eee1f9e5e6e8f2e8e82028e4e02fede5f229, 2, 2, '');
INSERT INTO rating_marks (id, title, cat_id, rate, unit) VALUES (30, 0xd3f7e0f1f2e8e520e220f0e0e1eef2e520e0e4ece8ede8f1f2f0e0f2e8e2edfbf520f1eee2e5f2eee22028e4e02fede5f229, 2, 2, '');
INSERT INTO rating_marks (id, title, cat_id, rate, unit) VALUES (31, 0xd3f7e0f1f2e8e520e220eef0e3e0ede8e7e0f6e8e820eff0e8e5ece020e8edeef1f2f0e0ededfbf520f1efe5f6e8e0ebe8f1f2eee220e820e4e5ebe5e3e0f6e8e92028e4e02fede5f229, 2, 2, '');
INSERT INTO rating_marks (id, title, cat_id, rate, unit) VALUES (32, 0xd7ebe5edf1f2e2ee20e220ede0f3f7edee202d20ece5f2eee4e8f7e5f1eaeeec20f1eee2e5f2e520e2f3e7e02028e4e02fede5f229, 2, 2, '');
INSERT INTO rating_marks (id, title, cat_id, rate, unit) VALUES (33, 0xd7ebe5edf1f2e2ee20e220eaeeeef0e4e8ede0f6e8eeededeeec20f1eee2e5f2e520cce8ede8f1f2e5f0f1f2e2e02028d3ccce292028e4e02fede5f229, 2, 2, '');
INSERT INTO rating_marks (id, title, cat_id, rate, unit) VALUES (34, 0xd7ebe5edf1f2e2ee20e220ece5f2eee4e8f7e5f1eaeeec20f1eee2e5f2e520cce8ede8f1f2e5f0f1f2e2e02028d3ccce292028e4e02fede5f229, 2, 2, '');
INSERT INTO rating_marks (id, title, cat_id, rate, unit) VALUES (35, 0xd7ebe5edf1f2e2ee20e220fdeaf1efe5f0f2edeeec20f1eee2e5f2e520cce8ede8f1f2e5f0f1f2e2e02028d3ccce292028e4e02fede5f229, 2, 2, '');
INSERT INTO rating_marks (id, title, cat_id, rate, unit) VALUES (36, 0xd7ebe5edf1f2e2ee20e220f0e5e4eaeeebebe5e3e8e82028f6e5edf2f02e292028e4e02fede5f229, 2, 2, '');
INSERT INTO rating_marks (id, title, cat_id, rate, unit) VALUES (37, 0xd7ebe5edf1f2e2ee20e220f0e5e4eaeeebebe5e3e8e82028ece5f1f2ed2e292028e4e02fede5f229, 2, 2, '');
INSERT INTO rating_marks (id, title, cat_id, rate, unit) VALUES (38, 0xd7ebe5edf1f2e2ee20e220e6fef0e820e2fbf1f2e0e2eeea2c20eaeeedeaf3f0f1eee22c20f1e8ecefeee7e8f3eceee22028ece5e6e4f3ede0f0eee4edfbf5292028e4e02fede5f229, 2, 2, '');
INSERT INTO rating_marks (id, title, cat_id, rate, unit) VALUES (39, 0xd7e8f1ebee20eeeff3e1ebe8eaeee2e0ededfbf520ece0f2e5f0e8e0ebeee220eaeeedf4e5f0e5edf6e8e92028e220f8f22e29, 3, 3, '');
INSERT INTO rating_marks (id, title, cat_id, rate, unit) VALUES (40, 0xd7e8f1ebee20eeeff3e1ebe8eaeee2e0ededfbf520f1f2e0f2e5e92028e220f8f22e29, 3, 3, '');
INSERT INTO rating_marks (id, title, cat_id, rate, unit) VALUES (41, 0xd7e8f1ebee20eeeff3e1ebe8eaeee2e0ededfbf520e220e6f3f0ede0ebe0f52c20f0e5eaeeece5ede4eee2e0ededfbf520c2c0ca20f1f2e0f2e5e92028e220f8f22e29, 3, 3, '');
INSERT INTO rating_marks (id, title, cat_id, rate, unit) VALUES (42, 0xd7e8f1ebee20eceeedeee3f0e0f4e8e92028e220f8f22e29, 3, 3, '');
INSERT INTO rating_marks (id, title, cat_id, rate, unit) VALUES (43, 0xd7e8f1ebee20efe0f2e5edf2eee22028e220f8f22e29, 3, 3, '');
INSERT INTO rating_marks (id, title, cat_id, rate, unit) VALUES (44, 0xd7e8f1ebee20f1e2e8e4e5f2e5ebfcf1f2e220ee20f0e5e3e8f1f2f0e0f6e8e820eff0eee3f0e0ecec20e4ebff20ddc2cc2028e220f8f22e29, 3, 3, '');
INSERT INTO rating_marks (id, title, cat_id, rate, unit) VALUES (45, 0xcaeeebe8f7e5f1f2e2ee20e3f0e0edf2eee220d0d4d4c820e820d0c3cdd42028e220f8f22e29, 3, 3, '');
INSERT INTO rating_marks (id, title, cat_id, rate, unit) VALUES (46, 0xcaeeebe8f7e5f1f2e2ee20ece5e6e4f3ede0f0eee4edfbf520e3f0e0edf2eee22028e220f8f22e29, 3, 3, '');
INSERT INTO rating_marks (id, title, cat_id, rate, unit) VALUES (47, 0xcaeeebe8f7e5f1f2e2ee20f1f0e5e4f1f2e22c20efeeebf3f7e5ededfbf520efee20e4eee3eee2eef0e0ec20e7e020cdc8d020e8ebe820cecad02028e220f0f3e12e29, 3, 3, '');
INSERT INTO rating_marks (id, title, cat_id, rate, unit) VALUES (48, 0xd3f7e0f1f2e8e520e220f0e0e1eef2e520f3f7b8edfbf520f1eee2e5f2eee22028e4e02fede5f229, 3, 3, '');
INSERT INTO rating_marks (id, title, cat_id, rate, unit) VALUES (49, 0xd0f3eaeee2eee4f1f2e2ee20f3f7b8edfbec20f1eee2e5f2eeec2028e4e02fede5f229, 3, 3, '');
INSERT INTO rating_marks (id, title, cat_id, rate, unit) VALUES (50, 0xd4f3edeaf6e8ff20f1e5eaf0e5f2e0f0ff20f3f7b8edeee3ee20f1eee2e5f2e02028e4e02fede5f229, 3, 3, '');
INSERT INTO rating_marks (id, title, cat_id, rate, unit) VALUES (51, 0xd7e8f1ebee20e220f1f0eeea20e7e0f9e8f2e8e2f8e8f5f1ff20e0f1efe8f0e0edf2eee220e820e4eeeaf2eef0e0edf2eee22c20f0f3eaeee2eee4e8f2e5ebe5ec20eaeef2eef0fbf520ffe2ebffebf1ff20eff0e5efeee4e0e2e0f2e5ebfc2028e220f7e5eb2e29, 3, 3, '');
INSERT INTO rating_marks (id, title, cat_id, rate, unit) VALUES (52, 0xd7e8f1ebee20e220f1f0eeea20e7e0f9e8f2e8e2f8e8f5f1ff20e0f1efe8f0e0edf2eee220e820e4eeeaf2eef0e0edf2eee22c20eaeeedf1f3ebfcf2e0edf2eeec20eaeef2eef0fbf520ffe2ebffebf1ff20eff0e5efeee4e0e2e0f2e5ebfc2028e220f7e5eb2e29, 3, 3, '');
INSERT INTO rating_marks (id, title, cat_id, rate, unit) VALUES (53, 0xcde0ebe8f7e8e520f1f2e5efe5ede820eae0ede4e8e4e0f2e020ede0f3ea2028e4e02fede5f229, 4, 4, '');
INSERT INTO rating_marks (id, title, cat_id, rate, unit) VALUES (54, 0xcde0ebe8f7e8e520f1f2e5efe5ede820e4eeeaf2eef0e020ede0f3ea2028e4e02fede5f229, 4, 4, '');
INSERT INTO rating_marks (id, title, cat_id, rate, unit) VALUES (55, 0xcde0ebe8f7e8e520e7e2e0ede8ff20e4eef6e5edf2e020e8ebe820eff0eef4e5f1f1eef0e02028e4e02fede5f229, 4, 4, '');
INSERT INTO rating_marks (id, title, cat_id, rate, unit) VALUES (56, 0xcde0ebe8f7e8e520e7e2e0ede8ff20f7ebe5ede02deaeef0f0e5f1efeeede4e5edf2e020e0eae0e4e5ece8e82028e4e02fede5f229, 4, 4, '');
INSERT INTO rating_marks (id, title, cat_id, rate, unit) VALUES (57, 0xcde0ebe8f7e8e520e7e2e0ede8ff20e0eae0e4e5ece8eae02028e4e02fede5f229, 4, 4, '');
INSERT INTO rating_marks (id, title, cat_id, rate, unit) VALUES (58, 0xcde0ebe8f7e8e520e7e2e0ede8ff20f7ebe5ede02deaeef0f0e5f1efeeede4e5edf2e020d0c0cd2028e4e02fede5f229, 4, 4, '');
INSERT INTO rating_marks (id, title, cat_id, rate, unit) VALUES (59, 0xcde0ebe8f7e8e520e7e2e0ede8ff20e0eae0e4e5ece8eae020d0c0cd2028e4e02fede5f229, 4, 4, '');
INSERT INTO rating_marks (id, title, cat_id, rate, unit) VALUES (60, 0xcde0ebe8f7e8e520e7e2e0ede8ff20f7ebe5ede02deaeef0f0e5f1efeeede4e5edf2e020c0cd20f0e5e3e8eeede02028e4e02fede5f229202020202020202020202020202020202020202020202020202020202020202020202020202020202020202020202020, 4, 4, '');
INSERT INTO rating_marks (id, title, cat_id, rate, unit) VALUES (61, 0xcde0ebe8f7e8e520e7e2e0ede8ff20e0eae0e4e5ece8eae020c0cd20e220f0e5e3e8eeede52028e4e02fede5f229202020202020202020202020202020202020202020202020202020202020202020202020202020202020202020202020, 4, 4, '');
INSERT INTO rating_marks (id, title, cat_id, rate, unit) VALUES (62, 0xcaeeebe8f7e5f1f2e2ee20eff0eee9e4e5ededfbf520eaf3f0f1eee220efeee2fbf8e5ede8ff20eae2e0ebe8f4e8eae0f6e8e82028e220f8f22e29, 4, 4, '');
INSERT INTO rating_marks (id, title, cat_id, rate, unit) VALUES (63, 0xcfeeebf3f7e5ede8e520e3eef1f3e4e0f0f1f2e2e5ededfbf520eff0e5ece8e920d0d42028e4e02fede5f229202020202020202020202020202020202020202020202020202020202020202020202020202020202020202020202020202020, 4, 4, '');
INSERT INTO rating_marks (id, title, cat_id, rate, unit) VALUES (64, 0xcfeeebf3f7e5ede8e520e3eef1f3e4e0f0f1f2e2e5ededfbf520eff0e5ece8e920f0e5e3e8eeede02028e4e02fede5f229, 4, 4, '');
INSERT INTO rating_marks (id, title, cat_id, rate, unit) VALUES (65, 0xcfeeebf3f7e5ede8e520e7e2e0ede8ff20e7e0f1ebf3e6e5ededfbe920f0e0e1eef2ede8ea20d0d42028e4e02fede5f229, 4, 4, '');
INSERT INTO rating_marks (id, title, cat_id, rate, unit) VALUES (66, 0xcfeeebf3f7e5ede8e520e7e2e0ede8ff20e7e0f1ebf3e6e5ededfbe920e4e5fff2e5ebfc20ede0f3eae82028e820f2e5f5ede8eae82920d0d42028e4e02fede5f229, 4, 4, '');
INSERT INTO rating_marks (id, title, cat_id, rate, unit) VALUES (67, 0xcfeeebf3f7e5ede8e520e7e2e0ede8ff20efeef7e5f2edfbe920f0e0e1eef2ede8ea20eef2f0e0f1ebe820d0d42028e4e02fede5f229, 4, 4, '');
INSERT INTO rating_marks (id, title, cat_id, rate, unit) VALUES (68, 0xcfeeebf3f7e5ede8e520e7e2e0ede8ff20e7e0f1ebf3e6e5ededfbe920e4e5fff2e5ebfc20ede0f3eae820e220f0e5e3e8eeede52028e4e02fede5f229, 4, 4, '');
INSERT INTO rating_marks (id, title, cat_id, rate, unit) VALUES (69, 0xcfeeebf3f7e5ede8e520e7e2e0ede8ff20efeef7e5f2edfbe920f0e0e1eef2ede8ea20eef2f0e0f1ebe820e220f0e5e3e8eeede52028e4e02fede5f229, 4, 4, '');
INSERT INTO rating_marks (id, title, cat_id, rate, unit) VALUES (70, 0xcfeeebf3f7e5ede8e520ece5e4e0ebe5e920d0c0cd2028e4e02fede5f229, 4, 4, '');
INSERT INTO rating_marks (id, title, cat_id, rate, unit) VALUES (71, 0xcfeeebf3f7e5ede8e520f1f2e8efe5ede4e8e920cff0e5e7e8e4e5edf2e020e820eff0e0e2e8f2e5ebfcf1f2e2e020d0d42028e4e02fede5f229, 4, 4, '');
INSERT INTO rating_marks (id, title, cat_id, rate, unit) VALUES (72, 0xcde0ebe8f7e8e520f1ebf3e6e5e1edfbf520e7e0efe8f1eeea20eef220f3f7e5e1edeee3ee20f3eff0e0e2ebe5ede8ff20e8ebe820f4e0eaf3ebfcf2e5f2e020ee20f1f0fbe2e520e7e0edfff2e8e92028e4e02fede5f229, 5, 5, '');
INSERT INTO rating_marks (id, title, cat_id, rate, unit) VALUES (73, 0xcef2eae0e720eef220e2fbefeeebede5ede8ff20eff0ffecfbf520f0e5f8e5ede8e920e7e0f1e5e4e0ede8ff20eae0f4e5e4f0fb20e8ebe820e7e0e2e5e4f3fef9e5e3ee2028e4e02fede5f229, 5, 5, '');
INSERT INTO rating_marks (id, title, cat_id, rate, unit) VALUES (74, 0xcef2f1f3f2f1f2e2e8e520f1f2e0f2e5e920e7e020efeef1ebe5e4ede8e520f2f0e820e3eee4e02028e4e02fede5f229, 5, 5, '');
INSERT INTO rating_marks (id, title, cat_id, rate, unit) VALUES (75, 0xcde5efeeebedeee520ece5f2eee4e8f7e5f1eaeee520eee1e5f1efe5f7e5ede8e520eff0e5efeee4e0e2e0e5ecfbf520e4e8f1f6e8efebe8ed20e220f2e5f7e5ede8e520e1eeebe5e520f7e5ec20eee4edeee3ee20e3eee4e02028e4e02fede5f229, 5, 5, '');
INSERT INTO rating_marks (id, title, cat_id, rate, unit) VALUES (76, 0xcef2eae0e720eef220f0f3eaeee2eee4f1f2e2e020e4e8efebeeecede8eae0ece82028e4e02fede5f229, 5, 5, '');
INSERT INTO rating_marks (id, title, cat_id, rate, unit) VALUES (77, 0xd7e8f1ebee20f4e0eaf2eee220ede5f1e2eee5e2f0e5ece5ededeee3ee20e2fbefeeebede5ede8ff20e2eee7ebeee6e5ededfbf520f4f3edeaf6e8e92028e220f8f22e29, 5, 5, '');
INSERT INTO rating_marks (id, title, cat_id, rate, unit) VALUES (78, 0xd7e8f1ebee20ede5efeef1e5f9e5ede8e920e1e5e720f3e2e0e6e8f2e5ebfcedeee920eff0e8f7e8edeee920e7e0f1e5e4e0ede8e920eae0f4e5e4f0fb2028e220f8f22e29, 5, 5, '');

-- 
-- Р”Р°РјРї РґР°РЅРЅС‹С… С‚Р°Р±Р»РёС†С‹ `rating_ratings`
-- 

INSERT INTO rating_ratings (id, kadri_id, mark_id, value) VALUES (1, 1, 1, 10);
INSERT INTO rating_ratings (id, kadri_id, mark_id, value) VALUES (2, 1, 2, 0.5);
INSERT INTO rating_ratings (id, kadri_id, mark_id, value) VALUES (3, 1, 3, 0);

-- 
-- Р”Р°РјРї РґР°РЅРЅС‹С… С‚Р°Р±Р»РёС†С‹ `semesters`
-- 

INSERT INTO semesters (id, title, pub) VALUES (1, '1 РєСѓСЂСЃ 1 СЃРµРјРµСЃС‚СЂ', 1);
INSERT INTO semesters (id, title, pub) VALUES (2, '1 РєСѓСЂСЃ 2 СЃРµРјРµСЃС‚СЂ', 1);
INSERT INTO semesters (id, title, pub) VALUES (3, '2 РєСѓСЂСЃ 1 СЃРµРјРµСЃС‚СЂ', 1);
INSERT INTO semesters (id, title, pub) VALUES (4, '2 РєСѓСЂСЃ 2 СЃРµРјРµСЃС‚СЂ', 1);
INSERT INTO semesters (id, title, pub) VALUES (5, '3 РєСѓСЂСЃ 1 СЃРµРјРµСЃС‚СЂ', 1);
INSERT INTO semesters (id, title, pub) VALUES (6, '3 РєСѓСЂСЃ 2 СЃРµРјРµСЃС‚СЂ', 1);
INSERT INTO semesters (id, title, pub) VALUES (7, '4 РєСѓСЂСЃ 1 СЃРµРјРµСЃС‚СЂ', 1);
INSERT INTO semesters (id, title, pub) VALUES (8, '4 РєСѓСЂСЃ 2 СЃРµРјРµСЃС‚СЂ', 1);
INSERT INTO semesters (id, title, pub) VALUES (9, '5 РєСѓСЂСЃ 1 СЃРµРјРµСЃС‚СЂ', 1);
INSERT INTO semesters (id, title, pub) VALUES (10, '5 РєСѓСЂСЃ 2 СЃРµРјРµСЃС‚СЂ', 1);
INSERT INTO semesters (id, title, pub) VALUES (11, '6 РєСѓСЂСЃ 1 СЃРµРјРµСЃС‚СЂ', 1);
INSERT INTO semesters (id, title, pub) VALUES (12, '6 РєСѓСЂСЃ 2 СЃРµРјРµСЃС‚СЂ', 1);

-- 
-- Р”Р°РјРї РґР°РЅРЅС‹С… С‚Р°Р±Р»РёС†С‹ `specialites`
-- 

INSERT INTO specialites (id, code, title, pub) VALUES (1, '080801', 'РџСЂРёРєР»Р°РґРЅР°СЏ РёРЅС„РѕСЂРјР°С‚РёРєР° РІ СЌРєРѕРЅРѕРјРёРєРµ', 1);
INSERT INTO specialites (id, code, title, pub) VALUES (7, '0808Р°', 'РџСЂРёРєР»Р°РґРЅР°СЏ РёРЅС„РѕСЂРјР°С‚РёРєР° РІ Р°РЅР°Р»РёС‚РёС‡РµСЃРєРѕР№ РґРµСЏС‚РµР»СЊРЅРѕСЃС‚Рё', 1);
INSERT INTO specialites (id, code, title, pub) VALUES (6, '0808Р±', 'РџСЂРёРєР»Р°РґРЅР°СЏ РёРЅС„РѕСЂРјР°С‚РёРєР° РІ Р±Р°РЅРєРѕРІСЃРєРѕР№ РґРµСЏС‚РµР»СЊРЅРѕСЃС‚Рё', 1);

-- 
-- Р”Р°РјРї РґР°РЅРЅС‹С… С‚Р°Р±Р»РёС†С‹ `spravochnik_uch_rab`
-- 

INSERT INTO spravochnik_uch_rab (id, name, comment) VALUES (1, 'Р›РµРєС†РёРё', '');
INSERT INTO spravochnik_uch_rab (id, name, comment) VALUES (2, 'РџСЂР°РєС‚РёС‡РµСЃРєРёРµ Р·Р°РЅСЏС‚РёСЏ,СЃРµРјРёРЅР°СЂС‹', '');
INSERT INTO spravochnik_uch_rab (id, name, comment) VALUES (3, 'Р›Р°Р±РѕСЂР°С‚РѕСЂРЅС‹Рµ Р·Р°РЅСЏС‚РёСЏ', '');
INSERT INTO spravochnik_uch_rab (id, name, comment) VALUES (4, 'РљРѕРЅСЃСѓР»СЊС‚Р°С†РёРё', '');
INSERT INTO spravochnik_uch_rab (id, name, comment) VALUES (5, 'РљСѓСЂСЃРѕРІРѕРµ РїСЂРѕРµРєС‚РёСЂРѕРІР°РЅРёРµ', '');
INSERT INTO spravochnik_uch_rab (id, name, comment) VALUES (6, 'Р—Р°С‡С‘С‚С‹', '');
INSERT INTO spravochnik_uch_rab (id, name, comment) VALUES (7, 'Р­РєР·Р°РјРµРЅС‹', '');
INSERT INTO spravochnik_uch_rab (id, name, comment) VALUES (8, 'РџСЂРѕРёР·РІРѕРґСЃС‚РІРµРЅРЅР°СЏ Рё РїСЂРµРґРґРёРїР»РѕРјРЅР°СЏ РїСЂР°РєС‚РёРєР°', '');
INSERT INTO spravochnik_uch_rab (id, name, comment) VALUES (9, 'Р РµС†РµРЅР·РёСЂРѕРІР°РЅРёРµ РєСѓСЂСЃРѕРІС‹С… РїСЂРѕРµРєС‚РѕРІ Рё РґРёРїР»РѕРјРЅС‹С… СЂР°Р±РѕС‚', '');
INSERT INTO spravochnik_uch_rab (id, name, comment) VALUES (10, 'Р”РёРїР»РѕРјРЅРѕРµ РїСЂРѕРµРєС‚РёСЂРѕРІР°РЅРёРµ', '');
INSERT INTO spravochnik_uch_rab (id, name, comment) VALUES (11, 'Р“РђРљ, РіРѕСЃСѓРґР°СЂСЃС‚РІРµРЅРЅС‹Рµ СЌРєР·Р°РјРµРЅС‹', '');
INSERT INTO spravochnik_uch_rab (id, name, comment) VALUES (12, 'РџРѕСЃРµС‰РµРЅРёРµ Р·Р°РЅСЏС‚РёР№', '');
INSERT INTO spravochnik_uch_rab (id, name, comment) VALUES (13, 'Р СѓРєРѕРІРѕРґСЃС‚РІРѕ Р°СЃРїРёСЂР°РЅС‚Р°РјРё', '');
INSERT INTO spravochnik_uch_rab (id, name, comment) VALUES (14, 'Р—Р°РЅСЏС‚РёСЏ СЃ Р°СЃРїРёСЂР°РЅС‚Р°РјРё', '');
INSERT INTO spravochnik_uch_rab (id, name, comment) VALUES (15, 'Р Р“Р ', '');

-- 
-- Р”Р°РјРї РґР°РЅРЅС‹С… С‚Р°Р±Р»РёС†С‹ `spravochnik_vidov_rabot`
-- 

INSERT INTO spravochnik_vidov_rabot (id, id_razdel, name, time_norm, comment) VALUES (32, 2, 'РџР»Р°РЅРёСЂРѕРІР°РЅРёРµ, РѕСЂРіР°РЅРёР·Р°С†РёСЏ Рё СЂСѓРєРѕРІРѕРґСЃС‚РІРѕ СЂР°Р±РѕС‚РѕР№ РЎРѕРІРµС‚Р° С„Р°РєСѓР»СЊС‚РµС‚Р°', '60 С‡Р°СЃРѕРІ РЅР° СѓС‡РµР±РЅС‹Р№ РіРѕРґ', '');
INSERT INTO spravochnik_vidov_rabot (id, id_razdel, name, time_norm, comment) VALUES (31, 2, 'Р’С‹РїРѕР»РЅРµРЅРёРµ РѕР±СЏР·Р°РЅРЅРѕСЃС‚РµР№: Р—Р°РјРµСЃС‚РёС‚РµР»СЏ РїСЂРµРґСЃРµРґР°С‚РµР»СЏ СЌРєР·Р°РјРµРЅР°С†РёРѕРЅРЅРѕР№ РєРѕРјРёСЃСЃРёРё РїРѕ РґРёСЃС†РёРїР»РёРЅРµ', '50 С‡Р°СЃРѕРІ РЅР° СѓС‡РµР±РЅС‹Р№ РіРѕРґ', '');
INSERT INTO spravochnik_vidov_rabot (id, id_razdel, name, time_norm, comment) VALUES (30, 2, 'Р’С‹РїРѕР»РЅРµРЅРёРµ РѕР±СЏР·Р°РЅРЅРѕСЃС‚РµР№: РџСЂРµРґСЃРµРґР°С‚РµР»СЏ СЌРєР·Р°РјРµРЅР°С†РёРѕРЅРЅРѕР№ РєРѕРјРёСЃСЃРёРё РїРѕ РґРёСЃС†РёРїР»РёРЅРµ', '75 С‡Р°СЃРѕРІ РЅР° СѓС‡РµР±РЅС‹Р№ РіРѕРґ', '');
INSERT INTO spravochnik_vidov_rabot (id, id_razdel, name, time_norm, comment) VALUES (29, 2, 'Р’С‹РїРѕР»РЅРµРЅРёРµ РѕР±СЏР·Р°РЅРЅРѕСЃС‚РµР№: Р§Р»РµРЅР° РіСЂСѓРїРїС‹ С‚РµС…РЅРёС‡РµСЃРєРѕРіРѕ РїРµСЂСЃРѕРЅР°Р»Р° С„Р°РєСѓР»СЊС‚РµС‚Р°', 'Р”Рѕ 100 С‡Р°СЃРѕРІ РЅР° СѓС‡РµР±РЅС‹Р№ РіРѕРґ', '');
INSERT INTO spravochnik_vidov_rabot (id, id_razdel, name, time_norm, comment) VALUES (28, 2, 'Р’С‹РїРѕР»РЅРµРЅРёРµ РѕР±СЏР·Р°РЅРЅРѕСЃС‚РµР№: Р СѓРєРѕРІРѕРґРёС‚РµР»СЏ РіСЂСѓРїРїС‹ С‚РµС…РЅРёС‡РµСЃРєРѕРіРѕ РїРµСЂСЃРѕРЅР°Р»Р° С„Р°РєСѓР»СЊС‚РµС‚Р°', 'Р”Рѕ 120 С‡Р°СЃРѕРІ РЅР° СѓС‡РµР±РЅС‹Р№ РіРѕРґ', '');
INSERT INTO spravochnik_vidov_rabot (id, id_razdel, name, time_norm, comment) VALUES (27, 2, 'Р’С‹РїРѕР»РЅРµРЅРёРµ РѕР±СЏР·Р°РЅРЅРѕСЃС‚РµР№: Р§Р»РµРЅР° РіСЂСѓРїРїС‹ С‚РµС…РЅРёС‡РµСЃРєРѕРіРѕ РїРµСЂСЃРѕРЅР°Р»Р°', 'Р”Рѕ 150 С‡Р°СЃРѕРІ РЅР° СѓС‡РµР±РЅС‹Р№ РіРѕРґ', '');
INSERT INTO spravochnik_vidov_rabot (id, id_razdel, name, time_norm, comment) VALUES (26, 2, 'Р Р°Р±РѕС‚Р° РІ РєР°С‡РµСЃС‚РІРµ РѕС‚РІРµС‚СЃС‚РІРµРЅРЅРѕРіРѕ СЃРµРєСЂРµС‚Р°СЂСЏ РїСЂРёРµРјРЅРѕР№ РєРѕРјРёСЃСЃРёРё РёРЅСЃС‚РёС‚СѓС‚Р°', '200 С‡Р°СЃРѕРІ РЅР° СѓС‡РµР±РЅС‹Р№ РіРѕРґ', '');
INSERT INTO spravochnik_vidov_rabot (id, id_razdel, name, time_norm, comment) VALUES (25, 2, 'РЎРѕСЃС‚Р°РІР»РµРЅРёРµ РѕРїРёСЃР°РЅРёСЏ РЅР°РїСЂР°РІР»РµРЅРёСЏ (СЃРїРµС†РёР°Р»СЊРЅРѕСЃС‚Рё), РІС‹СЃС‚СѓРїР»РµРЅРёСЏ РІ РїРµС‡Р°С‚Рё СЃРѕ СЃС‚Р°С‚СЊРµР№ РїРѕ РЅРѕРІРѕРјСѓ РїСЂРёРµРјСѓ', '15 С‡Р°СЃРѕРІ РЅР° РѕРґРЅРѕ РѕРїРёСЃР°РЅРёРµ (СЃС‚Р°С‚СЊСЋ)', '');
INSERT INTO spravochnik_vidov_rabot (id, id_razdel, name, time_norm, comment) VALUES (24, 2, 'РћСЂРіР°РЅРёР·Р°С†РёСЏ Рё РїСЂРѕРІРµРґРµРЅРёРµ РґРЅСЏ РѕС‚РєСЂС‹С‚С‹С… РґРІРµСЂРµР№', 'Р”Рѕ 20 С‡Р°СЃРѕРІ РЅР° РєР°С„РµРґСЂСѓ, СѓС‡Р°СЃС‚РІСѓСЋС‰СѓСЋ РІ РїСЂРѕРІРµРґРµРЅРёРё РґРЅСЏ РѕС‚РєСЂС‹С‚С‹С… РґРІРµСЂРµР№', '');
INSERT INTO spravochnik_vidov_rabot (id, id_razdel, name, time_norm, comment) VALUES (23, 2, 'Р Р°Р±РѕС‚Р° РїРѕ РїСЂРѕС„РѕСЂРёРµРЅС‚Р°С†РёРё Рё СЂР°Р·СЉСЏСЃРЅРµРЅРёСЋ СѓСЃР»РѕРІРёР№ РїРѕСЃС‚СѓРїР»РµРЅРёСЏ РІ СѓРЅРёРІРµСЂСЃРёС‚РµС‚', 'Р”Рѕ 15 С‡Р°СЃРѕРІ РЅР° РѕРґРЅРѕРіРѕ РїСЂРµРїРѕРґР°РІР°С‚РµР»СЏ', '');
INSERT INTO spravochnik_vidov_rabot (id, id_razdel, name, time_norm, comment) VALUES (22, 4, 'РљСѓСЂР°С‚РѕСЂСЃС‚РІРѕ РіСЂСѓРїРїС‹', '', '');
INSERT INTO spravochnik_vidov_rabot (id, id_razdel, name, time_norm, comment) VALUES (33, 2, 'Р’С‹РїРѕР»РЅРµРЅРёРµ РѕР±СЏР·Р°РЅРЅРѕСЃС‚РµР№ СѓС‡РµРЅРѕРіРѕ СЃРµРєСЂРµС‚Р°СЂСЏ РЎРѕРІРµС‚Р° С„Р°РєСѓР»СЊС‚РµС‚Р°', '100 С‡Р°СЃРѕРІ РЅР° СѓС‡РµР±РЅС‹Р№ РіРѕРґ', '');
INSERT INTO spravochnik_vidov_rabot (id, id_razdel, name, time_norm, comment) VALUES (34, 2, 'РџР»Р°РЅРёСЂРѕРІР°РЅРёРµ Рё РїРѕРґРіРѕС‚РѕРІРєР° Р·Р°СЃРµРґР°РЅРёР№ РєР°С„РµРґСЂС‹, РѕС„РѕСЂРјР»РµРЅРёРµ Рё РІРµРґРµРЅРёРµ РґРѕРєСѓРјРµРЅС‚Р°С†РёРё, РєРѕРЅС‚СЂРѕР»СЊ Р·Р° РІС‹РїРѕР»РЅРµРЅРёРµРј СЂРµС€РµРЅРёР№ Р·Р°СЃРµРґР°РЅРёР№ РєР°С„РµРґСЂС‹', '100 С‡Р°СЃРѕРІ РЅР° СѓС‡РµР±РЅС‹Р№ РіРѕРґ', '');
INSERT INTO spravochnik_vidov_rabot (id, id_razdel, name, time_norm, comment) VALUES (35, 2, 'РЈС‡Р°СЃС‚РёРµ РІ Р·Р°СЃРµРґР°РЅРёСЏС… РєР°С„РµРґСЂС‹', 'Р”Рѕ 40 С‡Р°СЃРѕРІ РЅР° СѓС‡РµР±РЅС‹Р№ РіРѕРґ', '');
INSERT INTO spravochnik_vidov_rabot (id, id_razdel, name, time_norm, comment) VALUES (36, 2, 'РЈС‡Р°СЃС‚РёРµ РІ Р·Р°СЃРµРґР°РЅРёСЏС… РЎРѕРІРµС‚Р° СѓРЅРёРІРµСЂСЃРёС‚РµС‚Р° (С„Р°РєСѓР»СЊС‚РµС‚Р°)', 'Р”Рѕ 30 С‡Р°СЃРѕРІ РЅР° СѓС‡РµР±РЅС‹Р№ РіРѕРґ', '');
INSERT INTO spravochnik_vidov_rabot (id, id_razdel, name, time_norm, comment) VALUES (37, 2, 'Р Р°Р·СЂР°Р±РѕС‚РєР° СѓС‡РµР±РЅРѕ-РјРµС‚РѕРґРёС‡РµСЃРєРѕР№ РґРѕРєСѓРјРµРЅС‚Р°С†РёРё Рё СЂР°Р±РѕС‚С‹ РІ РєР°С‡РµСЃС‚РІРµ Р·Р°РјРµСЃС‚РёС‚РµР»СЏ Р·Р°РІРµРґСѓСЋС‰РµРіРѕ РєР°С„РµРґСЂРѕР№ РїРѕ СѓС‡РµР±РЅРѕР№ СЂР°Р±РѕС‚Рµ (Р±РµР· РґРѕРїРѕР»РЅРёС‚РµР»СЊРЅРѕР№ РѕРїР»Р°С‚С‹) РџСЂРё С‡РёСЃР»РµРЅРЅРѕСЃС‚Рё С€С‚Р°С‚РЅС‹С… РїСЂРµРїРѕРґР°РІР°С‚РµР»РµР№:\r\n-	РґРѕ 10 С‡РµР»РѕРІРµРє\r\n-	РґРѕ 20 С‡РµР»РѕРІРµРє\r\n-	СЃРІС‹С€Рµ 20 С‡РµР»РѕРІРµРє\r\n', 'РќР° СѓС‡РµР±РЅС‹Р№ РіРѕРґ: 150 С‡Р°СЃРѕРІ 200 С‡Р°СЃРѕРІ 250 С‡Р°СЃРѕРІ', '');
INSERT INTO spravochnik_vidov_rabot (id, id_razdel, name, time_norm, comment) VALUES (38, 2, 'Р’С‹РїРѕР»РЅРµРЅРёРµ РѕР±СЏР·Р°РЅРЅРѕСЃС‚РµР№ РїСЂРµРґСЃРµРґР°С‚РµР»СЏ РјРµС‚РѕРґРёС‡РµСЃРєРѕР№ РєРѕРјРёСЃСЃРёРё', '200 С‡Р°СЃРѕРІ РЅР° СѓС‡РµР±РЅС‹Р№ РіРѕРґ', '');
INSERT INTO spravochnik_vidov_rabot (id, id_razdel, name, time_norm, comment) VALUES (39, 2, 'Р’С‹РїРѕР»РЅРµРЅРёРµ РѕР±СЏР·Р°РЅРЅРѕСЃС‚РµР№ РѕС‚РІРµС‚СЃС‚РІРµРЅРЅРѕРіРѕ Р·Р° РїРѕРґРіРѕС‚РѕРІРєСѓ РґРѕРєСѓРјРµРЅС‚РѕРІ РЅР° Р»РёС†РµРЅР·РёСЂРѕРІР°РЅРёРµ РЅРѕРІРѕР№ СЃРїРµС†РёР°Р»СЊРЅРѕСЃС‚РµР№ (РЅР°РїСЂР°РІР»РµРЅРёСЏ) РїРѕРґРіРѕС‚РѕРІРєРё', '100 С‡Р°СЃРѕРІ РЅР° СѓС‡РµР±РЅС‹Р№ РіРѕРґ', '');
INSERT INTO spravochnik_vidov_rabot (id, id_razdel, name, time_norm, comment) VALUES (40, 2, 'Р’С‹РїРѕР»РЅРµРЅРёРµ РѕР±СЏР·Р°РЅРЅРѕСЃС‚РµР№ РѕС‚РІРµС‚СЃС‚РІРµРЅРЅРѕРіРѕ Р·Р° РѕС„РѕСЂРјР»РµРЅРёРµ РєР°С„РµРґСЂР°Р»СЊРЅС‹С… СЃР±РѕСЂРЅРёРєРѕРІ СѓС‡РµР±РЅС‹С…, РЅР°СѓС‡РЅС‹С… С‚СЂСѓРґРѕРІ', '40 С‡Р°СЃРѕРІ РЅР° СѓС‡РµР±РЅС‹Р№ РіРѕРґ', '');
INSERT INTO spravochnik_vidov_rabot (id, id_razdel, name, time_norm, comment) VALUES (41, 2, 'Р’С‹РїРѕР»РЅРµРЅРёРµ РѕР±СЏР·Р°РЅРЅРѕСЃС‚РµР№ РѕС‚РІРµС‚СЃС‚РІРµРЅРЅРѕРіРѕ Р·Р° РїСЂРѕРІРµРґРµРЅРёРµ СЂРµР№С‚РёРЅРіР° СЃРїРµС†РёР°Р»СЊРЅРѕСЃС‚РµР№ (РЅР°РїСЂР°РІР»РµРЅРёСЏ) РІС‹РїСѓСЃРєР°СЋС‰РµР№ РєР°С„РµРґСЂС‹', '40 С‡Р°СЃРѕРІ РЅР° СѓС‡РµР±РЅС‹Р№ РіРѕРґ', '');
INSERT INTO spravochnik_vidov_rabot (id, id_razdel, name, time_norm, comment) VALUES (42, 2, 'Р Р°Р±РѕС‚Р° РІ РЅР°СѓС‡РЅРѕ-РјРµС‚РѕРґРёС‡РµСЃРєРѕРј СЃРѕРІРµС‚Рµ СѓРЅРёРІРµСЂСЃРёС‚РµС‚Р° Рё РјРµС‚РѕРґРёС‡РµСЃРєРѕР№ РєРѕРјРёСЃСЃРёРё С„Р°РєСѓР»СЊС‚РµС‚Р° РІ РєР°С‡РµСЃС‚РІРµ С‡Р»РµРЅР° РЅР°СѓС‡РЅРѕ-РјРµС‚РѕРґРёС‡РµСЃРєРѕРіРѕ РЎРѕРІРµС‚Р°', '120 С‡Р°СЃРѕРІ РЅР° СѓС‡РµР±РЅС‹Р№ РіРѕРґ', '');
INSERT INTO spravochnik_vidov_rabot (id, id_razdel, name, time_norm, comment) VALUES (43, 2, 'Р СѓРєРѕРІРѕРґСЃС‚РІРѕ СЂР°Р±РѕС‚РѕР№ РјРµС‚РѕРґРёС‡РµСЃРєРѕР№ СЃРµРєС†РёРё РёРЅРѕСЃС‚СЂР°РЅРЅС‹С… СЏР·С‹РєРѕРІ', 'Р”Рѕ 75 С‡Р°СЃРѕРІ РЅР° СѓС‡РµР±РЅС‹Р№ РіРѕРґ', '');
INSERT INTO spravochnik_vidov_rabot (id, id_razdel, name, time_norm, comment) VALUES (44, 2, 'Р­РєСЃРїРµСЂС‚РЅР°СЏ РїСЂРѕРІРµСЂРєР° РјРµС‚РѕРґРёС‡РµСЃРєРѕР№ СЂР°Р±РѕС‚С‹ РєР°С„РµРґСЂ Рё РїСЂРµРїРѕРґР°РІР°С‚РµР»РµР№, Р° С‚Р°РєР¶Рµ\r\nСЂСѓРєРѕРїРёСЃРµР№ Рё С‚РµР·РёСЃРѕРІ РґРѕРєР»Р°РґРѕРІ РЅР° РєРѕРЅС„РµСЂРµРЅС†РёСЏС… Рё СЃС‚Р°С‚РµР№ РґР»СЏ РїСѓР±Р»РёРєР°С†РёРё\r\n', '50 С‡Р°СЃРѕРІ РІ РіРѕРґ', '');
INSERT INTO spravochnik_vidov_rabot (id, id_razdel, name, time_norm, comment) VALUES (45, 2, 'Р Р°Р±РѕС‚Р° РІ РєР°С‡РµСЃС‚РІРµ СЃРµРєСЂРµС‚Р°СЂСЏ Р­Рљ, РІРєР»СЋС‡Р°СЏ РѕСЂРіР°РЅРёР·Р°С†РёРѕРЅРЅСѓСЋ СЂР°Р±РѕС‚Сѓ, РѕС„РѕСЂРјР»РµРЅРёРµ Рё СЃРґР°С‡Сѓ РґРѕРєСѓРјРµРЅС‚РѕРІ Р­Рљ РІ Р°СЂС…РёРІ, РѕС„РѕСЂРјР»РµРЅРёРµ РІРµРґРѕРјРѕСЃС‚РµР№ РЅР° РѕРїР»Р°С‚Сѓ СЂР°Р±РѕС‚Сѓ РїСЂРµРґСЃРµРґР°С‚РµР»СЏ, С‡Р»РµРЅРѕРІ Р­Рљ, РєРѕРЅСЃСѓР»СЊС‚Р°РЅС‚РѕРІ Рё СЂРµС†РµРЅР·РµРЅС‚РѕРІ, РїСЂРёРІР»РµРєР°РµРјС‹С… СЃРѕ СЃС‚РѕСЂРѕРЅС‹', '2 С‡Р°СЃР° РЅР° РѕРґРЅРѕРіРѕ СЃС‚СѓРґРµРЅС‚Р°-РґРёРїР»РѕРјРЅРёРєР°', '');
INSERT INTO spravochnik_vidov_rabot (id, id_razdel, name, time_norm, comment) VALUES (46, 2, 'РћСЂРіР°РЅРёР·Р°С†РёСЏ Рё РєРѕРЅС‚СЂРѕР»СЊ РїСЂРѕРІРµРґРµРЅРёСЏ РІСЃРµС… РІРёРґРѕРІ РїСЂРѕРёР·РІРѕРґСЃС‚РІРµРЅРЅРѕР№ РїСЂР°РєС‚РёРєРё', '50 С‡Р°СЃРѕРІ РЅР° СѓС‡РµР±РЅС‹Р№ РіРѕРґ РєР°С„РµРґСЂРµ, РѕСЂРіР°РЅРёР·СѓСЋС‰РµР№ РїСЂР°РєС‚РёРєСѓ', '');
INSERT INTO spravochnik_vidov_rabot (id, id_razdel, name, time_norm, comment) VALUES (47, 2, 'РЈС‡РµР±РЅРѕ-РјРµС‚РѕРґРёС‡РµСЃРєР°СЏ СЂР°Р±РѕС‚Р° РїРѕ РѕС‚РґРµР»СЊРЅС‹Рј Р·Р°РґР°РЅРёСЏРј СЂРµРєС‚РѕСЂР°С‚Р°, СѓС‡РµР±РЅРѕ-РјРµС‚РѕРґРёС‡РµСЃРєРѕРіРѕ СѓРїСЂР°РІР»РµРЅРёСЏ, РґРµРєР°РЅР°С‚РѕРІ, РїРѕР»СѓС‡Р°РµРјС‹Рј РІ С‚РµС‡РµРЅРёРµ СѓС‡РµР±РЅРѕРіРѕ РіРѕРґР°', 'Р”Рѕ 20 С‡Р°СЃРѕРІ РЅР° РѕРґРЅРѕРіРѕ РїСЂРµРїРѕРґР°РІР°С‚РµР»СЏ', '');
INSERT INTO spravochnik_vidov_rabot (id, id_razdel, name, time_norm, comment) VALUES (48, 2, 'Р’Р·Р°РёРјРЅРѕРµ РїРѕСЃРµС‰РµРЅРёРµ Р·Р°РЅСЏС‚РёР№, РѕС‚РєСЂС‹С‚С‹Рµ Р·Р°РЅСЏС‚РёСЏ', 'Р’ СЃРѕРѕС‚РІРµС‚СЃС‚РІРёРё СЃ РіСЂР°С„РёРєРѕРј РІР·Р°РёРјРЅС‹С… РїРѕСЃРµС‰РµРЅРёР№ Рё РїР»Р°РЅРѕРј РїСЂРѕРІРµРґРµРЅРёСЏ РѕС‚РєСЂС‹С‚С‹С… Р·Р°РЅСЏС‚РёР№ РЅР° РєР°С„РµРґСЂРµ; РЅРѕ РЅРµ Р±РѕР»РµРµ 20 С‡Р°СЃРѕРІ РѕРґРЅРѕРјСѓ РїСЂРµРїРѕРґР°РІР°С‚РµР»СЋ РЅР° СѓС‡РµР±РЅС‹Р№ РіРѕРґ', '');
INSERT INTO spravochnik_vidov_rabot (id, id_razdel, name, time_norm, comment) VALUES (49, 3, 'РќР°СѓС‡РЅРѕ-РјРµС‚РѕРґРёС‡РµСЃРєР°СЏ Рё РЅР°СѓС‡РЅРѕ-РёСЃСЃР»РµРґРѕРІР°С‚РµР»СЊСЃРєР°СЏ СЂР°Р±РѕС‚Р° РїРѕ С‚РµРјРµ, РІРєР»СЋС‡РµРЅРЅРѕР№ РІ РіРѕРґРѕРІРѕР№ РїР»Р°РЅ СЂР°Р±РѕС‚С‹ РєР°С„РµРґСЂС‹', 'РЈСЃС‚Р°РЅР°РІР»РёРІР°РµС‚СЃСЏ Р·Р°РІРµРґСѓСЋС‰РёРј РєР°С„РµРґСЂРѕР№ РІ СЃРѕРѕС‚РІРµС‚СЃС‚РІРёРё СЃ РѕР±СЉРµРјРѕРј Рё СЃСЂРѕРєРѕРј РІС‹РїРѕР»РЅРµРЅРёСЏ; Р° С‚Р°РєР¶Рµ С‡РёСЃР»Р° РїСЂРµРїРѕРґР°РІР°С‚РµР»РµР№ РєР°С„РµРґСЂС‹, СѓС‡Р°СЃС‚РІСѓСЋС‰РёС… РІ СЂР°Р·СЂР°Р±РѕС‚РєРµ С‚РµРјС‹', '');
INSERT INTO spravochnik_vidov_rabot (id, id_razdel, name, time_norm, comment) VALUES (50, 3, 'РќР°СѓС‡РЅРѕРµ СЂСѓРєРѕРІРѕРґСЃС‚РІРѕ РїРѕРґРіРѕС‚РѕРІРєРѕР№ СЃС‚СѓРґРµРЅС‚Р°РјРё РґРѕРєР»Р°РґРѕРІ РЅР° РЅР°СѓС‡РЅСѓСЋ РєРѕРЅС„РµСЂРµРЅС†РёСЋ Рё РєРѕРЅРєСѓСЂСЃРЅС‹С… СЂР°Р±РѕС‚ РЅР° СЂРµСЃРїСѓР±Р»РёРєР°РЅСЃРєРёР№ РёР»Рё РІСЃРµСЂРѕСЃСЃРёР№СЃРєРёР№ РєРѕРЅРєСѓСЂСЃ', '20 С‡Р°СЃРѕРІ РЅР° РѕРґРёРЅ РґРѕРєР»Р°Рґ\r\n50 С‡Р°СЃРѕРІ РЅР° РѕРґРЅСѓ РєРѕРЅРєСѓСЂСЃРЅСѓСЋ СЂР°Р±РѕС‚Сѓ\r\n', '');
INSERT INTO spravochnik_vidov_rabot (id, id_razdel, name, time_norm, comment) VALUES (51, 3, 'РџРѕРґРіРѕС‚РѕРІРєР° СЃС‚СѓРґРµРЅС‚РѕРІ Рє РІС‹СЃС‚СѓРїР»РµРЅРёСЋ СЃ РґРѕРєР»Р°РґРѕРј РЅР° РёРЅРѕСЃС‚СЂР°РЅРЅРѕРј СЏР·С‹РєРµ РЅР° СЃС‚СѓРґРµРЅС‡РµСЃРєРѕР№ РєРѕРЅС„РµСЂРµРЅС†РёРё', '30 С‡Р°СЃРѕРІ РЅР° 1 СЃС‚СѓРґРµРЅС‚Р°', '');
INSERT INTO spravochnik_vidov_rabot (id, id_razdel, name, time_norm, comment) VALUES (52, 3, 'РџРѕРґРіРѕС‚РѕРІРєР° Рё РѕСЂРіР°РЅРёР·Р°С†РёСЏ РїСЂРѕРІРµРґРµРЅРёСЏ РІСЃРµСЂРѕСЃСЃРёР№СЃРєРёС… Рё СЂРµСЃРїСѓР±Р»РёРєР°РЅСЃРєРёС… РЅР°СѓС‡РЅРѕ- РјРµС‚РѕРґРёС‡РµСЃРєРёС… РєРѕРЅС„РµСЂРµРЅС†РёР№ СЃРµРјРёРЅР°СЂРѕРІ, СЃРѕРІРµС‰Р°РЅРёР№, РѕР»РёРјРїРёР°Рґ Рё РєРѕРЅРєСѓСЂСЃРѕРІ СЃС‚СѓРґРµРЅС‡РµСЃРєРёС… РЅР°СѓС‡РЅС‹С… СЂР°Р±РѕС‚', 'Р”Рѕ 350 С‡Р°СЃРѕРІ РЅР° РєР°С„РµРґСЂСѓ, РѕСЂРіР°РЅРёР·СѓСЋС‰СѓСЋ СЃРµРјРёРЅР°СЂ, СЃРѕРІРµС‰Р°РЅРёРµ, РєРѕРЅС„РµСЂРµРЅС†РёСЋ, РѕР»РёРјРїРёР°РґСѓ, РєРѕРЅРєСѓСЂСЃ', '');
INSERT INTO spravochnik_vidov_rabot (id, id_razdel, name, time_norm, comment) VALUES (53, 3, 'РќР°РїРёСЃР°РЅРёРµ Рё РїРѕРґРіРѕС‚РѕРІРєР° Рє РёР·РґР°РЅРёСЋ: РјРѕРЅРѕРіСЂР°С„РёРё, СЃРїСЂР°РІРѕС‡РЅРёРєРё', '180 С‡Р°СЃРѕРІ Р·Р° РѕРґРёРЅ Р°.Р».', '');
INSERT INTO spravochnik_vidov_rabot (id, id_razdel, name, time_norm, comment) VALUES (54, 3, 'РќР°РїРёСЃР°РЅРёРµ Рё РїРѕРґРіРѕС‚РѕРІРєР° Рє РёР·РґР°РЅРёСЋ: РќР°СѓС‡РЅРѕ-РјРµС‚РѕРґРёС‡РµСЃРєРёС… СЃС‚Р°С‚РµР№ РґР»СЏ РїСѓР±Р»РёРєР°С†РёРё', '60 С‡Р°СЃРѕРІ Р·Р° РѕРґРёРЅ Р°.Р».', '');
INSERT INTO spravochnik_vidov_rabot (id, id_razdel, name, time_norm, comment) VALUES (55, 3, 'РџРѕРґР±РѕСЂ СЏР·С‹РєРѕРІРѕРіРѕ РјР°С‚РµСЂРёР°Р»Р°, РµРіРѕ Р°РЅР°Р»РёР· Рё РЅР°РїРёСЃР°РЅРёРµ РЅР°СѓС‡РЅРѕР№ СЃС‚Р°С‚СЊРё', 'Р”Рѕ 120 С‡Р°СЃРѕРІ РЅР° РѕРґРёРЅ Р°.Р».', '');
INSERT INTO spravochnik_vidov_rabot (id, id_razdel, name, time_norm, comment) VALUES (56, 3, 'Р РµС†РµРЅР·РёСЂРѕРІР°РЅРёРµ Рё СЃРѕСЃС‚Р°РІР»РµРЅРёРµ РѕС‚Р·С‹РІР° РЅР° РґРѕРєС‚РѕСЂСЃРєСѓСЋ РґРёСЃСЃРµСЂС‚Р°С†РёСЋ', '30 С‡Р°СЃРѕРІ', '');
INSERT INTO spravochnik_vidov_rabot (id, id_razdel, name, time_norm, comment) VALUES (57, 3, 'Р РµС†РµРЅР·РёСЂРѕРІР°РЅРёРµ Рё СЃРѕСЃС‚Р°РІР»РµРЅРёРµ РѕС‚Р·С‹РІР° РЅР° РєР°РЅРґРёРґР°С‚СЃРєСѓСЋ РґРёСЃСЃРµСЂС‚Р°С†РёСЋ', '20 С‡Р°СЃРѕРІ', '');
INSERT INTO spravochnik_vidov_rabot (id, id_razdel, name, time_norm, comment) VALUES (58, 3, 'Р РµС†РµРЅР·РёСЂРѕРІР°РЅРёРµ Рё СЃРѕСЃС‚Р°РІР»РµРЅРёРµ РѕС‚Р·С‹РІР° РЅР°РїРёСЃР°РЅРёРµ РѕС‚Р·С‹РІР° РЅР° Р°РІС‚РѕСЂРµС„РµСЂР°С‚', '5 С‡Р°СЃРѕРІ РЅР° 1 СЂРµС„РµСЂР°С‚', '');
INSERT INTO spravochnik_vidov_rabot (id, id_razdel, name, time_norm, comment) VALUES (59, 3, 'Р РµРґР°РєС‚РёСЂРѕРІР°РЅРёРµ РјРѕРЅРѕРіСЂР°С„РёР№, РЅР°СѓС‡РЅС‹С… СЃС‚Р°С‚РµР№ Рё РґРѕРєР»Р°РґРѕРІ. Р РµРґР°РєС‚РёСЂРѕРІР°РЅРёРµ (Р±РµР· РґРѕРїРѕР»РЅРёС‚РµР»СЊРЅРѕР№ РѕРїР»Р°С‚С‹) РјРѕРЅРѕРіСЂР°С„РёР№', '15 С‡Р°СЃРѕРІ Р·Р° 1 Р°.Р».', '');
INSERT INTO spravochnik_vidov_rabot (id, id_razdel, name, time_norm, comment) VALUES (60, 3, 'Р СѓРєРѕРІРѕРґСЃС‚РІРѕ РЅР°СѓС‡РЅРѕ-РёСЃСЃР»РµРґРѕРІР°С‚РµР»СЊСЃРєРѕР№ Р»Р°Р±РѕСЂР°С‚РѕСЂРёРµР№', 'Р”Рѕ 50 С‡Р°СЃРѕРІ РІ РіРѕРґ', '');
INSERT INTO spravochnik_vidov_rabot (id, id_razdel, name, time_norm, comment) VALUES (61, 3, 'Р СѓРєРѕРІРѕРґСЃС‚РІРѕ СЃС‚СѓРґРµРЅС‡РµСЃРєРёРјРё РЅР°СѓС‡РЅС‹РјРё РѕР±С‰РµСЃС‚РІР°РјРё Рё РљР‘', 'Р”Рѕ 100 С‡Р°СЃРѕРІ РЅР° СѓС‡РµР±РЅС‹Р№ РіРѕРґ', '');

-- 
-- Р”Р°РјРї РґР°РЅРЅС‹С… С‚Р°Р±Р»РёС†С‹ `time`
-- 


-- 
-- Р”Р°РјРї РґР°РЅРЅС‹С… С‚Р°Р±Р»РёС†С‹ `time_intervals`
-- 

INSERT INTO time_intervals (id, name, comment, date_start, date_end) VALUES (1, 0x323030362d32303037, '', '2006-09-01 00:00:00', '2007-08-31 23:59:59');
INSERT INTO time_intervals (id, name, comment, date_start, date_end) VALUES (2, 0x323030372d32303038, '', '2007-09-01 00:00:00', '2008-08-31 23:59:59');
INSERT INTO time_intervals (id, name, comment, date_start, date_end) VALUES (3, 0x323030382d32303039, '', '2008-09-01 00:00:00', '2009-08-31 23:59:59');
INSERT INTO time_intervals (id, name, comment, date_start, date_end) VALUES (4, 0x323030352d32303036, '', NULL, NULL);
INSERT INTO time_intervals (id, name, comment, date_start, date_end) VALUES (5, 0x323030342d32303035, '', NULL, NULL);
INSERT INTO time_intervals (id, name, comment, date_start, date_end) VALUES (6, 0x323030332d32303034, '', NULL, NULL);
INSERT INTO time_intervals (id, name, comment, date_start, date_end) VALUES (7, 0x323030322d32303033, '', NULL, NULL);
INSERT INTO time_intervals (id, name, comment, date_start, date_end) VALUES (8, 0x323030312d32303032, '', NULL, NULL);
INSERT INTO time_intervals (id, name, comment, date_start, date_end) VALUES (9, 0x323030302d32303031, '', NULL, NULL);
INSERT INTO time_intervals (id, name, comment, date_start, date_end) VALUES (10, 0x323030392d32303130, '', '2009-09-01 00:00:00', '2010-08-31 23:59:59');
INSERT INTO time_intervals (id, name, comment, date_start, date_end) VALUES (11, 0x313939392d32303030, '', NULL, NULL);
INSERT INTO time_intervals (id, name, comment, date_start, date_end) VALUES (12, 0x313939382d31393939, '', NULL, NULL);
INSERT INTO time_intervals (id, name, comment, date_start, date_end) VALUES (13, 0x313939372d31393938, '', NULL, NULL);
INSERT INTO time_intervals (id, name, comment, date_start, date_end) VALUES (14, 0x313939362d31393937, '', NULL, NULL);
INSERT INTO time_intervals (id, name, comment, date_start, date_end) VALUES (15, 0x313939352d31393936, '', NULL, NULL);
INSERT INTO time_intervals (id, name, comment, date_start, date_end) VALUES (16, 0x313939342d31393935, '', NULL, NULL);
INSERT INTO time_intervals (id, name, comment, date_start, date_end) VALUES (17, 0x313939332d31393934, '', NULL, NULL);
INSERT INTO time_intervals (id, name, comment, date_start, date_end) VALUES (18, 0x313939322d31393933, '', NULL, NULL);
INSERT INTO time_intervals (id, name, comment, date_start, date_end) VALUES (19, 0x313939312d31393932, '', NULL, NULL);
INSERT INTO time_intervals (id, name, comment, date_start, date_end) VALUES (20, 0x313939302d31393931, '', NULL, NULL);

-- 
-- Р”Р°РјРї РґР°РЅРЅС‹С… С‚Р°Р±Р»РёС†С‹ `time_parts`
-- 

INSERT INTO time_parts (id, name, comment) VALUES (1, 0xeef1e5edede8e9, '');
INSERT INTO time_parts (id, name, comment) VALUES (2, 0xe2e5f1e5edede8e9, '');

-- 
-- Р”Р°РјРї РґР°РЅРЅС‹С… С‚Р°Р±Р»РёС†С‹ `type_nauch_rab`
-- 

INSERT INTO type_nauch_rab (id, name, comment) VALUES (1, 'РџРµС‡Р°С‚РЅР°СЏ', '');
INSERT INTO type_nauch_rab (id, name, comment) VALUES (2, 'Р СѓРєРѕРїРёСЃРЅР°СЏ', '');

-- 
-- Р”Р°РјРї РґР°РЅРЅС‹С… С‚Р°Р±Р»РёС†С‹ `types`
-- 


-- 
-- Р”Р°РјРї РґР°РЅРЅС‹С… С‚Р°Р±Р»РёС†С‹ `uch_org_rab`
-- 

INSERT INTO uch_org_rab (id, id_kadri, id_year, id_vidov_rabot, prim, srok_vipolneniya, kol_vo_plan, vid_otch, id_otmetka, comment) VALUES (58, 1, 9, 23, 'РџСЂРёРјРµС‡Р°РЅРёРµ', '2001-05-23', '10', 'РћС‚С‡С‘С‚ РїСЂРѕС€РµРґС€РµРіРѕ РїРµСЂРёРѕРґР°', 1, '');
INSERT INTO uch_org_rab (id, id_kadri, id_year, id_vidov_rabot, prim, srok_vipolneniya, kol_vo_plan, vid_otch, id_otmetka, comment) VALUES (59, 1, 9, 24, 'РџСЂРёРјРµС‡Р°РЅРёРµ', '2006-05-23', '32', 'РћС‚С‡С‘С‚ РїСЂРѕС€РµРґС€РµРіРѕ РїРµСЂРёРѕРґР°', 2, '');
INSERT INTO uch_org_rab (id, id_kadri, id_year, id_vidov_rabot, prim, srok_vipolneniya, kol_vo_plan, vid_otch, id_otmetka, comment) VALUES (60, 2, 9, 26, 'Р’Р·Р°РёРјРЅРѕРµ РїРѕСЃРµС‰РµРЅРёРµ Р·Р°РЅСЏС‚РёР№', '2006-12-13', '11', 'РћС‚С‡С‘С‚', 2, '');
INSERT INTO uch_org_rab (id, id_kadri, id_year, id_vidov_rabot, prim, srok_vipolneniya, kol_vo_plan, vid_otch, id_otmetka, comment) VALUES (61, 2, 9, 27, 'РџСЂРёРјРµС‡Р°РЅРёРµ в„–2', '2007-09-08', '2', 'РѕС‚С‡С‘С‚РЅРѕСЃС‚СЊ', 2, '');
INSERT INTO uch_org_rab (id, id_kadri, id_year, id_vidov_rabot, prim, srok_vipolneniya, kol_vo_plan, vid_otch, id_otmetka, comment) VALUES (67, 1, 9, 24, '4', '0000-00-00', '1', '3', 2, '');

-- 
-- Р”Р°РјРї РґР°РЅРЅС‹С… С‚Р°Р±Р»РёС†С‹ `uch_vosp_rab`
-- 

INSERT INTO uch_vosp_rab (id, id_kadri, id_year, id_vidov_rabot, id_study_groups, prim, srok_vipolneniya, kol_vo_plan, id_otmetka, comment) VALUES (29, 1, 9, 22, 2, 'РќР°СѓС‡. СЂСѓРє.', '2006-05-23', '10', 1, '');
INSERT INTO uch_vosp_rab (id, id_kadri, id_year, id_vidov_rabot, id_study_groups, prim, srok_vipolneniya, kol_vo_plan, id_otmetka, comment) VALUES (30, 1, 9, 22, 1, 'РџСЂРёРјРµС‡Р°РЅРёРµ', '2003-04-12', '11', 2, '');
INSERT INTO uch_vosp_rab (id, id_kadri, id_year, id_vidov_rabot, id_study_groups, prim, srok_vipolneniya, kol_vo_plan, id_otmetka, comment) VALUES (31, 2, 9, 22, 3, 'РџСЂРёРј', '2004-11-09', '1', 2, '');
INSERT INTO uch_vosp_rab (id, id_kadri, id_year, id_vidov_rabot, id_study_groups, prim, srok_vipolneniya, kol_vo_plan, id_otmetka, comment) VALUES (32, 2, 9, 22, 2, 'Р’РІРµРґРёС‚Рµ РїСЂРёРјРµС‡Р°РЅРёРµ', '2006-02-23', '2', 1, '');
INSERT INTO uch_vosp_rab (id, id_kadri, id_year, id_vidov_rabot, id_study_groups, prim, srok_vipolneniya, kol_vo_plan, id_otmetka, comment) VALUES (36, 1, 9, 22, 1, 'РџСЂРёРјРµС‡Р°РЅРёРµ', '2000-03-09', '32', 1, '');
INSERT INTO uch_vosp_rab (id, id_kadri, id_year, id_vidov_rabot, id_study_groups, prim, srok_vipolneniya, kol_vo_plan, id_otmetka, comment) VALUES (37, 1, 9, 22, 2, 'РїСЂРёРјРµС‡Р°РЅРёРµ', '2001-05-09', '12', 2, '');

-- 
-- Р”Р°РјРї РґР°РЅРЅС‹С… С‚Р°Р±Р»РёС†С‹ `users`
-- 


-- 
-- Р”Р°РјРї РґР°РЅРЅС‹С… С‚Р°Р±Р»РёС†С‹ `vid_ucheb_nagr`
-- 

INSERT INTO vid_ucheb_nagr (id, nedel, kurs, semesters, vid_obych) VALUES (1, 0x31, 2, 0x31, 3);
INSERT INTO vid_ucheb_nagr (id, nedel, kurs, semesters, vid_obych) VALUES (2, 0x31, 1, 0x31, 1);
INSERT INTO vid_ucheb_nagr (id, nedel, kurs, semesters, vid_obych) VALUES (3, 0x31, 2, 0x31, 1);
INSERT INTO vid_ucheb_nagr (id, nedel, kurs, semesters, vid_obych) VALUES (4, 0x32, 2, 0x31, 3);
INSERT INTO vid_ucheb_nagr (id, nedel, kurs, semesters, vid_obych) VALUES (5, 0x33, 1, 0x32, 4);

-- 
-- Р”Р°РјРї РґР°РЅРЅС‹С… С‚Р°Р±Р»РёС†С‹ `zakl`
-- 

INSERT INTO zakl (id, msg, id_kadri, id_year, comment) VALUES (15, 'Р—Р°РєР»СЋС‡РµРЅРёРµ', 1, 9, '');

-- 
-- Р”Р°РјРї РґР°РЅРЅС‹С… С‚Р°Р±Р»РёС†С‹ `zvanie`
-- 

INSERT INTO zvanie (id, name, comment) VALUES (3, 0xede5f220e4e0ededfbf5, '');
INSERT INTO zvanie (id, name, comment) VALUES (1, 0xe4eef6e5edf2, '');
INSERT INTO zvanie (id, name, comment) VALUES (2, 0xeff0eef4e5f1f1eef0, '');
